name,amenity,healthcare,facility_category,is_demand_point,is_candidate_station,latitude,longitude,facility_id,no_fly_categories,in_no_fly_zone
مرکز درمانی دارالشفاء امام حسن مجتبی(ع),clinic,clinic,clinic,True,False,35.6852967,51.4541419,0,airport_buffer,True
مطب دکتر شفیع زاده,doctors,doctor,doctors,True,False,35.6985188,51.3809752,1,,False
درمانگاه شهید فلاحی,clinic,clinic,clinic,True,False,35.7847134,51.5027743,2,military_security,True
درمانگاه شبانه روزی گرگان,clinic,clinic,clinic,True,False,35.705441,51.4439145,3,airport_buffer,True
پلی کلینیک تخصصی جشنواره,clinic,clinic,clinic,True,False,35.7294441,51.5472681,4,,False
مطب دکتر فارسی,doctors,doctor,doctors,True,False,35.7584329,51.4532798,5,government_political,True
درمانگاه امیرکبیر,clinic,clinic,clinic,True,False,35.6617333,51.3437569,6,airport_buffer,True
درمانگاه شبانه‌روزی مشیری,clinic,clinic,clinic,True,False,35.6683568,51.3468576,7,airport_buffer,True
درمانگاه ازگل,clinic,clinic,clinic,True,False,35.7961139,51.4961524,8,,False
مرکز تصویربرداری پزشکی نماطب,clinic,clinic,clinic,True,False,35.7042035,51.4392284,9,airport_buffer,True
آزمایشگاه تشخیص طبی یونسی,,laboratory,laboratory,True,False,35.7118978,51.4504791,10,airport_buffer,True
آزمایشگاه تشخیص طبی تک,,laboratory,laboratory,True,False,35.7056554,51.4442209,11,airport_buffer,True
مرکز تصویربرداری پزشکی ملاصدرا MRI,clinic,clinic,clinic,True,False,35.7532647,51.3964376,12,,False
درمانگاه نور,clinic,clinic,clinic,True,False,35.5903596,51.4350716,13,,False
درمانگاه ایلیاد,clinic,clinic,clinic,True,False,35.7596124,51.3028471,14,,False
درمانگاه خیریه شهدای مسجد جامع غدیر خم,clinic,clinic,clinic,True,False,35.7573442,51.4575593,15,,False
آزمایشگاه تشخیص پزشکی دکتر فلاح,,laboratory,laboratory,True,False,35.6613018,51.4858747,16,,False
مرکز تصویربرداری پزشکی حقیقت,doctors,doctor,doctors,True,False,35.7299883,51.4955341,17,airport_buffer,True
داروخانه دکتر مفیدی,clinic,clinic,clinic,True,False,35.7474762,51.2634177,18,airport_buffer|government_political,True
درمانگاه شبانه روزی الزهرا,clinic,,clinic,True,False,35.7234622,51.3103267,19,airport_buffer|government_political,True
درمانگاه خیریه حضرت ولیعصر(عج),clinic,clinic,clinic,True,False,35.6837091,51.4311174,20,,False
آزمایشگاه تشخیص طبی مهرآگین,,laboratory,laboratory,True,False,35.7450518,51.5162507,21,,False
درمانگاه شبانه‌روزی حضرت ابوالفضل,clinic,clinic,clinic,True,False,35.7048378,51.487854,22,airport_buffer,True
آزمایشگاه مسعود,,laboratory,laboratory,True,False,35.7627496,51.4123269,23,government_political,True
درمانگاه شبانه‌روزی دولت,clinic,clinic,clinic,True,False,35.7804138,51.4630707,24,government_political,True
درمانگاه مرزداران,clinic,clinic,clinic,True,False,35.7341808,51.3550407,25,,False
تراب,clinic,clinic,clinic,True,False,35.7795331,51.4482507,26,,False
درمانگاه شوکت,clinic,clinic,clinic,True,False,35.7473483,51.5021596,27,,False
آزمایشگاه تشخیص طبی دکتر محرابیان,,laboratory,laboratory,True,False,35.7498973,51.5443573,28,,False
مرکز بهداشتی و درمانی شهرداری تهران,clinic,clinic,clinic,True,False,35.7135296,51.487806,29,airport_buffer,True
کلینیک طب سوزنی,clinic,clinic,clinic,True,False,35.7056768,51.4402153,30,airport_buffer,True
درمانگاه شاهد,clinic,clinic,clinic,True,False,35.7339876,51.5390586,31,,False
ساختمان پزشکان سینا,clinic,clinic,clinic,True,False,35.7416841,51.546967,32,,False
درمانگاه ایرانپارس,clinic,clinic,clinic,True,False,35.7673953,51.3094619,33,,False
درمانگاه فرهنگیان,clinic,clinic,clinic,True,False,35.712956,51.4895529,34,airport_buffer,True
مطب دکتر محمد کمالی,doctors,doctor,doctors,True,False,35.7402559,51.338697,35,,False
unnamed,clinic,clinic,clinic,True,False,35.7378871,51.2859707,36,airport_buffer,True
کلینیک فوق تخصصی چشم پزشکی نور,clinic,clinic,clinic,True,False,35.7237573,51.4384316,37,airport_buffer,True
کلینیک اسرا طب سنتی,clinic,clinic,clinic,True,False,35.7163157,51.4907647,38,airport_buffer,True
مرکز بهداشت شرکت ارتباطات زیرساخت,clinic,clinic,clinic,True,False,35.7056453,51.3979621,39,,False
دکتر گیتی الیاسی,doctors,doctor,doctors,True,False,35.7110315,51.3157479,40,airport_buffer,True
درمانگاه تخصصی شهرداری منطقه ۸,clinic,clinic,clinic,True,False,35.7252862,51.5020768,41,airport_buffer,True
کلینیک نسیم قیطریه,clinic,clinic,clinic,True,False,35.7923,51.4529144,42,,False
کلینیک تخصصی شبانه روزی ندا,clinic,,clinic,True,False,35.7973568,51.4573878,43,,False
درمانگاه خیریه,clinic,,clinic,True,False,35.7191727,51.4721931,44,airport_buffer,True
مرکز بهداشت شهید دکمه چی,clinic,,clinic,True,False,35.7341423,51.4741091,45,airport_buffer,True
کلینیک پوست دکتر دولتى,clinic,,clinic,True,False,35.7619289,51.4126116,46,,False
کلینیک پوست به‌سیما,clinic,clinic,clinic,True,False,35.7492073,51.4108098,47,government_political,True
مطب دکتر ناطقیان,doctors,doctor,doctors,True,False,35.7527628,51.4490184,48,,False
کلینیک,clinic,clinic,clinic,True,False,35.7864944,51.4869653,49,,False
درمانگاه پارتیان,clinic,clinic,clinic,True,False,35.7392684,51.4698598,50,government_political,True
دکتر مجتبی کلینی جراح زیبایی,doctors,doctor,doctors,True,False,35.7444093,51.4115326,51,,False
مطب دکتر پارسا,doctors,doctor,doctors,True,False,35.770495,51.4400062,52,,False
کیلینیک تخصصی تصویربرداری دلیری,clinic,clinic,clinic,True,False,35.6574773,51.372674,53,,False
کلینیک تصویربرداری گامانایف,clinic,clinic,clinic,True,False,35.7671947,51.4255189,54,,False
مطب خانم دکتر توکلی,doctors,doctor,doctors,True,False,35.7680181,51.4415913,55,government_political,True
آزمایشگاه هاشمی نژاد,,laboratory,laboratory,True,False,35.6666409,51.3662636,56,airport_buffer|government_political,True
کیلینیک تخصصی اطفال پگاه,clinic,clinic,clinic,True,False,35.7437132,51.4584503,57,,False
درمانگاه خانواده,clinic,clinic,clinic,True,False,35.6769213,51.327891,58,airport_buffer|government_political|military_security,True
درمانگاه,clinic,clinic,clinic,True,False,35.7563219,51.3768393,59,,False
آزمایشگاه پاتوبیولوژی مرکزی,,laboratory,laboratory,True,False,35.7977808,51.4184429,60,,False
درمانگاه اباصالح ع,clinic,,clinic,True,False,35.7895742,51.4190029,61,government_political,True
پلی کلینیک تخصصی موسسه رفاهی کشتیرانی,clinic,clinic,clinic,True,False,35.7700608,51.4926527,62,government_political,True
ساختمان پزشکان,clinic,clinic,clinic,True,False,35.7374215,51.3765436,63,,False
درمانگاه شبانه روزی گلستان غرب,clinic,clinic,clinic,True,False,35.7497635,51.2414992,64,airport_buffer,True
حامد محمد قهری,doctors,doctor,doctors,True,False,35.7790877,51.4631243,65,government_political,True
درمانگاه خیریه ولیعصر(ارشاد),clinic,clinic,clinic,True,False,35.6019747,51.427069,66,,False
درمانگاه دکتر ایرانزاد,clinic,clinic,clinic,True,False,35.7002855,51.3683891,67,airport_buffer,True
مطب دکتر بهار محجوبی,doctors,doctor,doctors,True,False,35.7285404,51.4352524,68,,False
دکتر نبوی فوق تخصص آلرژی کودکان,doctors,doctor,doctors,True,False,35.7797316,51.4493874,69,,False
پاتوبیولوژی نصرت,clinic,,clinic,True,False,35.7063989,51.3648739,70,airport_buffer,True
کلینیک سید الشهدا,clinic,clinic,clinic,True,False,35.6557356,51.35354,71,airport_buffer,True
کلینیک امام رضا,clinic,clinic,clinic,True,False,35.6555559,51.3538284,72,,False
درمانگاه رئوف,clinic,clinic,clinic,True,False,35.7745606,51.4338977,73,,False
مرکز روماتیسم ایران,clinic,clinic,clinic,True,False,35.7186411,51.3898664,74,government_political,True
رادیولوژی و سونوگرافی بزرگمهر,doctors,doctor,doctors,True,False,35.7036552,51.4046207,75,,False
درمانگاه بهاران,clinic,clinic,clinic,True,False,35.6504544,51.3562798,76,,False
مرکز خدمات پزشکی شهرک شهید باقری,clinic,clinic,clinic,True,False,35.7611605,51.2058682,77,airport_buffer,True
unnamed,clinic,clinic,clinic,True,False,35.76849,51.291753,78,,False
رادیولوژی طوس,doctors,doctor,doctors,True,False,35.7113416,51.3159634,79,airport_buffer,True
آزمایشگاه پاتوبیولوژی پژوهش,,laboratory,laboratory,True,False,35.7077595,51.3059735,80,airport_buffer,True
مرکز خدمات جامع سلامت شهید غفاری,clinic,clinic,clinic,True,False,35.707757,51.306238,81,airport_buffer,True
مرکز اهدای خون,,blood_donation,blood_donation,False,True,35.7234,51.3347326,82,airport_buffer,True
ساختمان پزشکان سبز,clinic,clinic,clinic,True,False,35.7214278,51.3465533,83,airport_buffer,True
کیش طب آریا /تن آور,clinic,clinic,clinic,True,False,35.7705886,51.4399076,84,,False
درمانگاه شبانه‌روزی اسفند,clinic,clinic,clinic,True,False,35.7004988,51.3906119,85,government_political,True
مطب دکتر سهراب هاشمى فشارکى,doctors,doctor,doctors,True,False,35.7800155,51.4492664,86,,False
آزمایشگاه پیشرفته,,laboratory,laboratory,True,False,35.6576189,51.3611572,87,,False
دارالشفا قائم,clinic,,clinic,True,False,35.8048757,51.4398969,88,government_political,True
مرکز سی تی اسکن کامرانی,clinic,clinic,clinic,True,False,35.7005725,51.3902619,89,government_political,True
آزمایشگاه دکتر نظری,,laboratory,laboratory,True,False,35.7254679,51.5243617,90,government_political,True
آزمایشگاه نارمک,,laboratory,laboratory,True,False,35.7287748,51.4941788,91,airport_buffer,True
مرکز اهدای خون شهدای چیذر,,blood_donation,blood_donation,False,True,35.7975498,51.4567779,92,,False
درمانگاه شهرداری منطقه ۱۷,clinic,clinic,clinic,True,False,35.6564587,51.3642435,93,government_political,True
پایگاه سلامت شهید صفرپور,clinic,clinic,clinic,True,False,35.7530491,51.2195866,94,airport_buffer,True
درمانگاه افرا,clinic,clinic,clinic,True,False,35.6581232,51.3581127,95,airport_buffer,True
دکتر حامد عباسی,doctors,doctor,doctors,True,False,35.8048619,51.4217257,96,,False
صبا,clinic,clinic,clinic,True,False,35.6562412,51.3533501,97,airport_buffer,True
درمانگاه ابوریحان,clinic,clinic,clinic,True,False,35.6995742,51.4022672,98,,False
کاشت مو ایران نوین,clinic,clinic,clinic,True,False,35.7868693,51.3506788,99,,False
درمانگاه شبانه روزی ساج,clinic,clinic,clinic,True,False,35.7849008,51.3613315,100,,False
unnamed,clinic,clinic,clinic,True,False,35.7235184,51.4352105,101,,False
unnamed,clinic,clinic,clinic,True,False,35.7251761,51.4354727,102,,False
دکتر کوهستانی,doctors,doctor,doctors,True,False,35.7701583,51.3613338,103,,False
آزمایشگاه دکتر ریاضی,,laboratory,laboratory,True,False,35.7263279,51.3225103,104,,False
قضاوی,doctors,doctor,doctors,True,False,35.806854,51.4676503,105,,False
دکتر مالک اطمینان راد متخصص ستون فقرات,doctors,,doctors,True,False,35.7211539,51.3915216,106,,False
unnamed,doctors,doctor,doctors,True,False,35.7246328,51.4377742,107,airport_buffer,True
unnamed,,clinic,clinic,True,False,35.6979222,51.3406476,108,airport_buffer,True
درمانگاه سرسبز,clinic,clinic,clinic,True,False,35.7354138,51.4955203,109,airport_buffer|government_political,True
کلینیک پزشکان سبلان,clinic,clinic,clinic,True,False,35.7258986,51.4596324,110,airport_buffer|government_political,True
دکتر رزاقی,doctors,doctor,doctors,True,False,35.80627,51.4411202,111,government_political,True
انجمن دندانپزشکان عمومی ایران,doctors,,doctors,True,False,35.7793917,51.4212408,112,,False
دکتر چناری,doctors,doctor,doctors,True,False,35.7314102,51.3508291,113,,False
مطب دکتر فرزانه,doctors,doctor,doctors,True,False,35.7506357,51.4086453,114,,False
دکتر سهیلا عارفی,doctors,doctor,doctors,True,False,35.7769338,51.3543045,115,,False
دکتر مکبری نژاد,doctors,doctor,doctors,True,False,35.797532,51.4366166,116,government_political,True
ساختمان پزشکان کاوه,clinic,clinic,clinic,True,False,35.780236,51.4491389,117,,False
آزمایشگاه فراز,,laboratory,laboratory,True,False,35.7283552,51.5137706,118,,False
ساختمان پزشکان صبا,clinic,clinic,clinic,True,False,35.6573992,51.3639239,119,government_political,True
آزمایشگاه دکتر جوادی,,laboratory,laboratory,True,False,35.6573917,51.364081,120,government_political,True
ساختمان پزشکان,doctors,doctor,doctors,True,False,35.6572375,51.3658002,121,government_political,True
مطب دکتر مظاهری,doctors,doctor,doctors,True,False,35.6572864,51.3653296,122,government_political,True
کلینیک ترک اعتیاد پردیس,clinic,clinic,clinic,True,False,35.6573359,51.3646126,123,government_political,True
رادیولوژی فلاح,doctors,doctor,doctors,True,False,35.6573862,51.3641602,124,government_political,True
آزمایشگاه بهنیا,,laboratory,laboratory,True,False,35.6570759,51.367056,125,government_political,True
ساختمان شماره ۳ بیمارستان,hospital,hospital,hospital,True,True,35.640617,51.4204254,126,,False
دکتر راحله امانی,doctors,doctor,doctors,True,False,35.7738327,51.3762782,127,government_political,True
دکتر مهسا قربانی,doctors,doctor,doctors,True,False,35.7503106,51.4102685,128,,False
درمانگاه هاشمی,clinic,clinic,clinic,True,False,35.6918119,51.3510205,129,airport_buffer,True
مرکز جراحی محدود گاندی,clinic,clinic,clinic,True,False,35.7567068,51.4133668,130,government_political,True
unnamed,clinic,clinic,clinic,True,False,35.672278,51.4197943,131,government_political,True
پایگاه سلامت جامعه زهرا همایون نامجو,clinic,clinic,clinic,True,False,35.7076664,51.4467109,132,airport_buffer,True
مرکز اهدای خون وصال,,blood_donation,blood_donation,False,True,35.7060269,51.3988835,133,,False
کلینیک کار درمانی صالحی,clinic,clinic,clinic,True,False,35.7077906,51.3873493,134,,False
مطب دکتر خدائیانی,doctors,doctor,doctors,True,False,35.7604104,51.4283268,135,government_political,True
نصیری,doctors,doctor,doctors,True,False,35.7688571,51.3708374,136,,False
درمانگاه دروس,clinic,clinic,clinic,True,False,35.7675676,51.4496359,137,,False
مرکز توانبخشی ارمغان عصر,clinic,clinic,clinic,True,False,35.7468783,51.4126691,138,,False
درمانگاه شبانه روزی الزهرا,clinic,clinic,clinic,True,False,35.7398718,51.5955745,139,government_political,True
مطب دکتر تقوى,doctors,doctor,doctors,True,False,35.7719957,51.4408716,140,,False
آزمایشگاه تشخیص پزشکی کاخ,,laboratory,laboratory,True,False,35.7094976,51.4041978,141,government_political,True
درمانگاه مهزیار,clinic,clinic,clinic,True,False,35.6563352,51.3868483,142,,False
آزمایشگاه تشخیص طبی جواد,,laboratory,laboratory,True,False,35.6558827,51.3871816,143,,False
بهبود,clinic,clinic,clinic,True,False,35.7292904,51.4271573,144,government_political,True
کلینیک گلریز,clinic,clinic,clinic,True,False,35.7332448,51.4064096,145,government_political,True
۳۴۴ clinic,clinic,clinic,clinic,True,False,35.7236966,51.4171623,146,,False
مطب دکتر کشکولی,doctors,doctor,doctors,True,False,35.752491,51.3972619,147,,False
آزمایشگاه پاتوبیولوژی آزادی,,laboratory,laboratory,True,False,35.7003321,51.3749988,148,,False
مرکز جراحی و پلی کلینیک تخصصی ماد,clinic,clinic,clinic,True,False,35.7732109,51.3658294,149,,False
عينک شالچی,clinic,clinic,clinic,True,False,35.7015752,51.4301766,150,airport_buffer,True
ساختمان پزشکان ۲۰۰,clinic,clinic,clinic,True,False,35.7261546,51.4184368,151,government_political,True
دکتر ناصر سیگاری طب سوزنی,doctors,,doctors,True,False,35.7602223,51.4101898,152,,False
بیمارستان نهاد ریاست جمهوری,clinic,clinic,clinic,True,False,35.7101824,51.4008342,153,government_political,True
درمانگاه یادگار,clinic,clinic,clinic,True,False,35.6985467,51.3556031,154,airport_buffer,True
دکتر معظمی,doctors,doctor,doctors,True,False,35.7583484,51.410928,155,government_political,True
unnamed,,clinic,clinic,True,False,35.7965948,51.429244,156,,False
رادیولوژی و سونوگرافی یاسین,doctors,doctor,doctors,True,False,35.6533639,51.4987045,157,government_political,True
درمانگاه ۱۳ آبان,clinic,clinic,clinic,True,False,35.6399367,51.4111283,158,,False
درمانگاه شبانه روزی حیان,clinic,clinic,clinic,True,False,35.756358,51.28931,159,,False
درمانگاه شبانه روزی صدر,clinic,clinic,clinic,True,False,35.763346,51.2905259,160,government_political,True
مجتمع پزشکان سلسبیل,clinic,clinic,clinic,True,False,35.6857042,51.3768593,161,government_political,True
درمانگاه اکبر آباد,clinic,clinic,clinic,True,False,35.6791797,51.3772466,162,,False
کلینیک دیابت ثمین,clinic,clinic,clinic,True,False,35.7994558,51.4035064,163,government_political,True
درمانگاه شبانه روزی دندانپزشکی الغدیر,clinic,clinic,clinic,True,False,35.6872941,51.3691566,164,airport_buffer|government_political,True
آزمایشگاه,,laboratory,laboratory,True,False,35.7011873,51.4104405,165,,False
درمانگاه دکتر صفدریان,clinic,clinic,clinic,True,False,35.7305871,51.480897,166,airport_buffer,True
آزمایشگاه پزشکی,,laboratory,laboratory,True,False,35.6620327,51.4451367,167,,False
طب سنتی دکتر پرما,doctors,doctor,doctors,True,False,35.7638965,51.4750673,168,,False
دکتر نفیسه کاشانی زاده,doctors,doctor,doctors,True,False,35.70313,51.4028201,169,,False
دکتر رضا عرفانیان سلیم,doctors,doctor,doctors,True,False,35.7642904,51.4201091,170,government_political,True
آزمایشگاه پزشکی,,laboratory,laboratory,True,False,35.7091389,51.4063969,171,,False
مرکز اهداء خون,,blood_donation,blood_donation,False,True,35.7110248,51.40584,172,,False
آزمایشگاه پزشکی ناجا,,laboratory,laboratory,True,False,35.6999007,51.3926964,173,,False
پایگاه سلامت شهید شمیرانی,clinic,clinic,clinic,True,False,35.7055933,51.449003,174,airport_buffer,True
درمانگاه مجیدیه,clinic,clinic,clinic,True,False,35.7345487,51.4624641,175,,False
گروه پزشکی تخصصی غرب,clinic,clinic,clinic,True,False,35.6918629,51.3700485,176,airport_buffer,True
حکیم,doctors,doctor,doctors,True,False,35.7059675,51.4303857,177,airport_buffer|government_political,True
ساختمان پزشکان مهرداد,clinic,clinic,clinic,True,False,35.7250504,51.4258853,178,government_political,True
کلینیک ویژه بیمارستان شریعتی,clinic,clinic,clinic,True,False,35.722021,51.389346,179,,False
کلینیک ارتوپدی پارت ارم,clinic,clinic,clinic,True,False,35.71121,51.4145661,180,government_political,True
مطب دکتر علی پناه خلج متخصص کودکان,doctors,doctor,doctors,True,False,35.6572164,51.365549,181,government_political,True
دکتر سارا میرزنده دل,doctors,,doctors,True,False,35.7197676,51.3359315,182,airport_buffer|government_political,True
مرکز خدمات مشاوره ای جوان,clinic,clinic,clinic,True,False,35.7345286,51.4873718,183,airport_buffer,True
دکتر پریسا عبدلی,doctors,doctor,doctors,True,False,35.7412915,51.472301,184,,False
مرکز جراحی فک وصورت ایران,clinic,,clinic,True,False,35.7586446,51.4103584,185,government_political,True
مطب دکتر مجید حاتمی,doctors,doctor,doctors,True,False,35.7675956,51.411357,186,,False
آزمایشگاه پاتوبیولوژی شمس,,laboratory,laboratory,True,False,35.7488785,51.4716835,187,,False
درمانگاه خیریه ولی الله,clinic,clinic,clinic,True,False,35.6739691,51.4435639,188,airport_buffer,True
یاریگر,clinic,clinic,clinic,True,False,35.74609,51.4056011,189,,False
مطب محمدرضا سعادت,doctors,doctor,doctors,True,False,35.7023832,51.3135231,190,airport_buffer,True
کلینیک چشم پزشکی سینوهه,clinic,clinic,clinic,True,False,35.7747821,51.3771325,191,government_political,True
unnamed,clinic,clinic,clinic,True,False,35.7432773,51.5310422,192,,False
unnamed,clinic,clinic,clinic,True,False,35.7950376,51.4823437,193,,False
آزمایشگاه نیلو,,laboratory,laboratory,True,False,35.7405977,51.4103486,194,,False
کلینیک سلامت,clinic,clinic,clinic,True,False,35.7814577,51.4674309,195,government_political,True
فرهاد علی همتی,doctors,doctor,doctors,True,False,35.772903,51.4346088,196,,False
مطب خانم دکتر رزیتا داوری,doctors,,doctors,True,False,35.7216972,51.389098,197,,False
درمانگاه خیریه امامزاده حسن,clinic,clinic,clinic,True,False,35.6655666,51.3598173,198,airport_buffer,True
unnamed,doctors,doctor,doctors,True,False,35.8098017,51.4128784,199,,False
تصویربرداری پزشکی کشور,doctors,doctor,doctors,True,False,35.7015576,51.3776909,200,government_political,True
درمانگاه خیریه محمدولی فرمانفرمائیان,clinic,clinic,clinic,True,False,35.6446272,51.3070955,201,,False
درمانگاه خیریه المهدی,clinic,,clinic,True,False,35.7500585,51.451529,202,,False
مرکز دیابت و بیماریهای متابولیک,clinic,clinic,clinic,True,False,35.7195306,51.3877882,203,government_political,True
مطب دکتر اصغری,doctors,doctor,doctors,True,False,35.7817361,51.3731683,204,,False
آزمایشگاه پاتولوژی و ژنتیک کریمی نژاد - نجم آبادی,,laboratory,laboratory,True,False,35.7545488,51.3666761,205,,False
آزمایشگاه پزشکی ثمره,,laboratory,laboratory,True,False,35.7681173,51.4602444,206,government_political,True
دکتر محمود ارشد فوق تخصص غدد,doctors,doctor,doctors,True,False,35.7230132,51.3720936,207,,False
مجتمع پزشکان قائم,clinic,clinic,clinic,True,False,35.6350592,51.4917414,208,,False
درمانگاه تخصصی مسعودیه,clinic,clinic,clinic,True,False,35.63533,51.4965719,209,government_political,True
مجتمع خدمات پزشکی,clinic,clinic,clinic,True,False,35.7277734,51.3021797,210,airport_buffer|government_political,True
درمانگاه رازی,clinic,clinic,clinic,True,False,35.6337727,51.4969899,211,,False
درمانگاه شهرداری منطقه یک,clinic,clinic,clinic,True,False,35.8124656,51.4558123,212,,False
رادیولوژی تخصصی دهان و فک دکتر ساندرا مهر علی زاده,doctors,doctor,doctors,True,False,35.7409807,51.4636145,213,,False
لاله,clinic,clinic,clinic,True,False,35.7292646,51.3611484,214,,False
درمانگاه ستاره,clinic,clinic,clinic,True,False,35.771175,51.3793367,215,,False
شهید کلانتری,clinic,clinic,clinic,True,False,35.7160025,51.4178664,216,,False
مرکز جراحی شفا,clinic,clinic,clinic,True,False,35.7222786,51.331675,217,airport_buffer,True
درمانگاه سحر,clinic,clinic,clinic,True,False,35.7445133,51.3040702,218,,False
درمانگاه خیریه مکتب الزهرا,clinic,clinic,clinic,True,False,35.6784739,51.4626765,219,airport_buffer,True
درمانگاه شبانه روزی آودیسیان,clinic,,clinic,True,False,35.7189726,51.4823201,220,airport_buffer,True
درمانگاه خیریه انصار,clinic,clinic,clinic,True,False,35.6740316,51.4398307,221,airport_buffer,True
مطب دکتر شهریار یحیوی,doctors,doctor,doctors,True,False,35.7562941,51.3946437,222,,False
درمانگاه شهرک دانشگاه,clinic,clinic,clinic,True,False,35.7158924,51.2071239,223,,False
unnamed,doctors,doctor,doctors,True,False,35.7236403,51.423459,224,,False
دکتر امینی,doctors,doctor,doctors,True,False,35.7589751,51.3961741,225,government_political,True
مطب دکتر محمد میر,doctors,doctor,doctors,True,False,35.7249921,51.382961,226,,False
دکتر جهانبین,doctors,doctor,doctors,True,False,35.6681234,51.4530846,227,airport_buffer,True
مجتمع پرشکی حضرت زهرا(ع),clinic,clinic,clinic,True,False,35.7598027,51.2810414,228,,False
درمانگاه شبانه‌روزی پارت,clinic,clinic,clinic,True,False,35.7206171,51.3532662,229,airport_buffer,True
مطب دکتر رضوانی,doctors,doctor,doctors,True,False,35.7413788,51.4100457,230,,False
درمانگاه امام حسن مجتبی,clinic,clinic,clinic,True,False,35.7132164,51.4585872,231,airport_buffer|government_political,True
درمانگاه آموزش و پرورش منطقه ۸ تهران,clinic,clinic,clinic,True,False,35.7124396,51.4692934,232,airport_buffer,True
کلینیک تخصصی دندانپزشکی دکتر رامیار,clinic,clinic,clinic,True,False,35.7237962,51.3086091,233,airport_buffer,True
کلینیک ترک اعتیاد فانوس,clinic,drug_rehabilitation,clinic,True,False,35.7831609,51.3559053,234,,False
دکترفریده صمدی,doctors,doctor,doctors,True,False,35.7341851,51.4137519,235,,False
درمانگاه فرهنگیان زینب بختیاری,clinic,clinic,clinic,True,False,35.6511228,51.4868987,236,,False
درمانگاه شبانه روزی فرجام,clinic,clinic,clinic,True,False,35.7397622,51.4948536,237,,False
دکتر کیوان خسروی فرد,doctors,doctor,doctors,True,False,35.7355913,51.4880233,238,airport_buffer,True
درمانگاه شفا,clinic,clinic,clinic,True,False,35.7339323,51.5165364,239,,False
درمانگاه شبانه روزی اتکا,clinic,clinic,clinic,True,False,35.6250867,51.411495,240,,False
unnamed,doctors,doctor,doctors,True,False,35.7352843,51.4153207,241,government_political,True
دکتر علی بهتری متخصص مغز,doctors,doctor,doctors,True,False,35.7408926,51.4104665,242,,False
رادیولوژی و سونوگرافی نوین پرتو,doctors,doctor,doctors,True,False,35.7957502,51.4478107,243,government_political,True
سلامت مادران,clinic,clinic,clinic,True,False,35.7806149,51.4620316,244,,False
مطب حکیم دکتر حسین روازاده,doctors,doctor,doctors,True,False,35.696531,51.3870168,245,,False
دکتر مصطفی شریفیان,doctors,doctor,doctors,True,False,35.7626177,51.4441129,246,government_political,True
مطب دکتر مجید صادقی,doctors,doctor,doctors,True,False,35.7817611,51.3732047,247,,False
مطب دکتر سخاوت‌فر,doctors,doctor,doctors,True,False,35.7817424,51.3732105,248,,False
مرکز بهداشت صبارو,clinic,clinic,clinic,True,False,35.7685647,51.390941,249,,False
کلینیک پزشکی و دندانپزشکی غدیر,clinic,clinic,clinic,True,False,35.7960261,51.5216656,250,government_political,True
کلینیک,clinic,clinic,clinic,True,False,35.665753,51.4477242,251,,False
مطب دکتر فتحعلی,doctors,doctor,doctors,True,False,35.6681253,51.4499783,252,airport_buffer,True
مطب دکتر فاطمه اصفهانی,doctors,doctor,doctors,True,False,35.7769375,51.4655714,253,,False
درمانگاه تخصصی داخلی (خیریه) کاشانی پور,clinic,clinic,clinic,True,False,35.716251,51.4589166,254,airport_buffer,True
مرکز بهداشت المپیک,clinic,clinic,clinic,True,False,35.7599724,51.2652901,255,,False
درمانگاه به بخش,clinic,clinic,clinic,True,False,35.7364571,51.5559589,256,,False
رادیولوژی و سونوگرافی خورشید,doctors,doctor,doctors,True,False,35.7439335,51.5340766,257,,False
مرکز تصویربرداری پزشکی سینا اطهر,doctors,doctor,doctors,True,False,35.8024319,51.4343093,258,government_political,True
هفت دریا,clinic,clinic,clinic,True,False,35.7574875,51.4130303,259,government_political,True
میکرودرم دکتر آزادی فر,doctors,doctor,doctors,True,False,35.6399209,51.487396,260,,False
آزمایشگاه ثمین,,laboratory,laboratory,True,False,35.7960071,51.4482283,261,government_political,True
unnamed,doctors,doctor,doctors,True,False,35.7761603,51.4653463,262,,False
unnamed,,blood_donation,blood_donation,False,True,35.7579342,51.5391741,263,,False
مرکز تصویربرداری کوثر,clinic,yes,clinic,True,False,35.772387,51.4615341,264,,False
مجتمع دارویی درمانی هلال ایران,clinic,clinic,clinic,True,False,35.7334259,51.5438503,265,,False
دکتر طاهره رشیدی,doctors,doctor,doctors,True,False,35.6543346,51.3870533,266,,False
درمانگاه شبانه روزی پاستور,clinic,clinic,clinic,True,False,35.7090573,51.473605,267,airport_buffer,True
دکتر سعادتمند,doctors,doctor,doctors,True,False,35.6445514,51.4051108,268,military_security,True
درمانگاه کوثر,clinic,clinic,clinic,True,False,35.8004565,51.5078239,269,,False
unnamed,clinic,clinic,clinic,True,False,35.6684099,51.4445991,270,,False
امین کلینیک,clinic,clinic,clinic,True,False,35.7408344,51.4106089,271,,False
مطب دکتر پادمهر,doctors,doctor,doctors,True,False,35.7580802,51.4479836,272,government_political,True
کلینیک شبانه روزی شهرزاد,clinic,,clinic,True,False,35.7365513,51.2939851,273,airport_buffer|government_political,True
لابراتوار تخصصی ارتودنسی حبیبی,,laboratory,laboratory,True,False,35.7203501,51.4394329,274,airport_buffer,True
کلینیک درمان دردهای عضلانی و مفصلی,clinic,doctor,clinic,True,False,35.7358653,51.3341346,275,,False
ساختمان پزشکان,clinic,clinic,clinic,True,False,35.6818616,51.4496643,276,airport_buffer,True
مرکز بهداشت عظیم آباد,clinic,clinic,clinic,True,False,35.6111655,51.4120378,277,,False
درمانگاه مسجد جامع نارمک,clinic,clinic,clinic,True,False,35.7251424,51.4856502,278,airport_buffer,True
آزمایشگاه پاتوبیولوژی ۱۷ شهریور,,laboratory,laboratory,True,False,35.6803045,51.4473495,279,airport_buffer,True
درمانگاه پانزده شعبان,clinic,clinic,clinic,True,False,35.6551221,51.4446172,280,,False
مرکز بهداشت هفده شهریور,clinic,clinic,clinic,True,False,35.675451,51.4458422,281,airport_buffer,True
درمانگاه شبانه روزی طب الحسن,clinic,clinic,clinic,True,False,35.6390552,51.4987087,282,,False
داروخانه,pharmacy,hospital,pharmacy,False,False,35.6388783,51.4987536,283,,False
کلینیک دامپزشکی رایان,clinic,clinic,clinic,True,False,35.7172004,51.4339799,284,airport_buffer,True
درمانگاه درمانی مرحوم عبدالوهاب تهرانی,clinic,clinic,clinic,True,False,35.748425,51.5077639,285,government_political,True
درمانگاه فجر صنعت نفت,clinic,clinic,clinic,True,False,35.717382,51.5027923,286,airport_buffer,True
مطب دکتر درخشان,doctors,doctor,doctors,True,False,35.7565147,51.4105262,287,,False
رادیولوژی و سونوگرافی راد,doctors,doctor,doctors,True,False,35.707711,51.3862222,288,,False
دکتر مسعود شیروانی,doctors,doctor,doctors,True,False,35.7668885,51.3648045,289,,False
مطب دکتر مجید شهدی,doctors,doctor,doctors,True,False,35.7647673,51.4189563,290,government_political,True
چشم‌ پزشکی هلال احمر,clinic,clinic,clinic,True,False,35.7347296,51.5456346,291,,False
کلینیک زیبایی ویولت,clinic,clinic,clinic,True,False,35.7340632,51.3751923,292,,False
درمانگاه زعفرانیه,clinic,clinic,clinic,True,False,35.809852,51.4088771,293,government_political,True
کلینیک شبانه روزی یاس ناز,clinic,clinic,clinic,True,False,35.7969511,51.41741,294,,False
کلینیک ارتوپدی ماهان,clinic,clinic,clinic,True,False,35.7232856,51.4237348,295,,False
آزمایشگاه تخت طاووس,,laboratory,laboratory,True,False,35.7241381,51.430115,296,government_political,True
ساختمان پزشکان مهرآفرین,clinic,clinic,clinic,True,False,35.766865,51.4406502,297,,False
ساختمان پزشکان کیان مهر,clinic,clinic,clinic,True,False,35.7671141,51.441426,298,government_political,True
گروه پزشکی آریان,clinic,clinic,clinic,True,False,35.7667566,51.3644928,299,,False
درمانگاه خیریه تخصصی و فوق تخصصی اباعبدالله الحسین علیه السلام,clinic,clinic,clinic,True,False,35.7349127,51.531675,300,,False
درمانگاه شهدای علی آباد,clinic,clinic,clinic,True,False,35.6245442,51.4231461,301,,False
حسین الماسیان,doctors,doctor,doctors,True,False,35.7430526,51.4442808,302,government_political,True
درمانگاه شهدای دخانیات,clinic,clinic,clinic,True,False,35.6733252,51.3870344,303,,False
طب کار آسا,clinic,clinic,clinic,True,False,35.7155542,51.4074123,304,government_political,True
مرکز مشاوره ، نوروفیدبک و روان شناسی کرانه خرد,clinic,clinic,clinic,True,False,35.7276929,51.4190408,305,government_political,True
آزمایشگاه پاتوبیولوژی کیکاووس,,laboratory,laboratory,True,False,35.7792128,51.4446891,306,,False
مرکز لیزر و زیبایی الیزه,,clinic,clinic,True,False,35.7299853,51.4951879,307,airport_buffer,True
کلینیک دندانپزشکی درسان,dentist,clinic,dentist,False,False,35.7619149,51.3250871,308,,False
آزمایشگاه پاتوبیولوژی نور,,laboratory,laboratory,True,False,35.7080574,51.3884066,309,,False
مرکز تصویر برداری پزشکی نگارازما,,laboratory,laboratory,True,False,35.6895295,51.44804,310,airport_buffer|government_political,True
آزمایشگاه شبانه روزی نارمک,,laboratory,laboratory,True,False,35.7210779,51.4883475,311,airport_buffer,True
درمانگاه شبانه روزی ایران زمین,clinic,clinic,clinic,True,False,35.7057587,51.3901098,312,,False
مرکز تصویربرداری پزشکی پارسیان,clinic,diagnostic radiology,clinic,True,False,35.7055667,51.3866146,313,,False
unnamed,clinic,clinic,clinic,True,False,35.7598036,51.4101106,314,,False
مرکز جراحی محدود ارم,clinic,clinic,clinic,True,False,35.7541953,51.2603624,315,airport_buffer,True
درمانگاه پایتخت,clinic,clinic,clinic,True,False,35.7901168,51.4352388,316,,False
ساختمان پزشکان فتح,clinic,clinic,clinic,True,False,35.7599977,51.3301176,317,,False
آزمایشگاه دامپزشکی لابرا,,laboratory,laboratory,True,False,35.7095659,51.3724566,318,,False
مطب طب سنتی,doctors,,doctors,True,False,35.7388203,51.3252228,319,,False
مطب دکتر آقاجانی,doctors,doctor,doctors,True,False,35.77808,51.33556,320,government_political,True
آزمایشگاه پارسه,,laboratory,laboratory,True,False,35.7198237,51.3358424,321,airport_buffer|government_political,True
دکتر ستایش مهر,doctors,doctor,doctors,True,False,35.7631806,51.4438895,322,,False
بیمارستان تخصصی چشم پزشکی بینا,hospital,hospital,hospital,True,True,35.7380742,51.4779358,323,,False
مرکز زوج درمانی دکتر قاسمی,doctors,doctor,doctors,True,False,35.7680578,51.4419855,324,government_political,True
دکتر کریمیان,doctors,doctor,doctors,True,False,35.7585751,51.4115553,325,government_political,True
مجتمع پزشکان تهرانپارس,clinic,clinic,clinic,True,False,35.743181,51.5317656,326,,False
فیزیوتراپی و مرکز سلامت رامتن,clinic,clinic,clinic,True,False,35.7544532,51.3824505,327,,False
درمانگاه جواد ائمه,clinic,clinic,clinic,True,False,35.6458797,51.4904015,328,,False
مرکز تصویربرداری دیجیتال فرجام,clinic,clinic,clinic,True,False,35.7357823,51.5231092,329,government_political,True
درمانگاه تجریش,clinic,clinic,clinic,True,False,35.806004,51.4258076,330,,False
آزمایشگاه ژنتیک و پاتوبیولوژی نورا,,laboratory,laboratory,True,False,35.7999769,51.4505039,331,,False
آزمایشگاه فردا,,laboratory,laboratory,True,False,35.7988016,51.473791,332,government_political,True
ساختمان پزشکان,clinic,clinic,clinic,True,False,35.7969348,51.4341329,333,government_political,True
مجتمع پزشکی اسدی,clinic,clinic,clinic,True,False,35.8000556,51.4338156,334,government_political,True
ساختمان پزشکان دی,clinic,clinic,clinic,True,False,35.7475191,51.4120008,335,government_political,True
درمانگاه شبانه روزی مینا,clinic,clinic,clinic,True,False,35.7004267,51.4479685,336,airport_buffer,True
مرکز درمانی ۱۱۰,clinic,clinic,clinic,True,False,35.7537034,51.4513239,337,,False
درمانگاه دكتر حبيب جريری,clinic,clinic,clinic,True,False,35.7529824,51.4485696,338,government_political,True
ساختمان پزشکی شریعتی,clinic,clinic,clinic,True,False,35.7489972,51.4493603,339,,False
حدود دکتر محمد مهدی امام,doctors,,doctors,True,False,35.7237492,51.4071256,340,,False
آزمایشگاه امید بهشت,,laboratory,laboratory,True,False,35.7269649,51.5246431,341,government_political,True
دکتر علیرضا فهیم زاد,doctors,doctor,doctors,True,False,35.7587147,51.4468238,342,government_political,True
فلسفی,doctors,doctor,doctors,True,False,35.733209,51.4841819,343,airport_buffer,True
آزمایشگاه تخصصی پروین,,laboratory,laboratory,True,False,35.7420116,51.5413499,344,government_political,True
دكتر فرناز محامدي متخصص كودكان و نوزادان (اطفال),doctors,doctor,doctors,True,False,35.7755707,51.3662705,345,,False
مرکز مشاوره بینش نوین,clinic,psychotherapist,clinic,True,False,35.7652777,51.4412608,346,,False
آزمایشگاه هیوا,,laboratory,laboratory,True,False,35.7646914,51.4408683,347,,False
دکتر اسفندیار کریمی,doctors,doctor,doctors,True,False,35.7438202,51.5338707,348,,False
درمانگاه شبانه روزی سلیم,clinic,clinic,clinic,True,False,35.6253652,51.4196073,349,,False
مطب حکیم مومن تبریزی,doctors,doctor,doctors,True,False,35.7098008,51.4317754,350,airport_buffer,True
آزمایشگاه پاتوبیولوژی رشد,,laboratory,laboratory,True,False,35.7286473,51.502671,351,airport_buffer,True
کلینیک طب سوزنی دکتر سمیه غیاثی,clinic,clinic,clinic,True,False,35.7704308,51.3561496,352,,False
کلینیک دامپزشکی کسری,clinic,clinic,clinic,True,False,35.8200969,51.4806086,353,,False
بیمارستان روانپزشکی رضایی,hospital,hospital,hospital,True,True,35.8155589,51.4674889,354,,False
مجتمع پزشکان شهر آرا,clinic,clinic,clinic,True,False,35.7222961,51.372193,355,,False
مطب دندانپزشکی دکتر محمد علی اوصیاء,dentist,doctor,dentist,False,False,35.7609308,51.4424924,356,government_political,True
کلینیک فروردین,clinic,,clinic,True,False,35.7973554,51.4468361,357,,False
دکتر کورش صمدپور,doctors,doctor,doctors,True,False,35.7382272,51.3266522,358,,False
آزمایشکاه دکتر ایزددوست,laboratory,laboratory,laboratory,True,False,35.7583299,51.4104068,359,government_political,True
آزمایشگاه پاتوبیولوژی ایران,,laboratory,laboratory,True,False,35.6867928,51.3764234,360,government_political,True
کلینیک سامیا,clinic,clinic,clinic,True,False,35.7672078,51.4576403,361,,False
دكتر پرورش,doctors,doctor,doctors,True,False,35.7565622,51.3986713,362,,False
پزشکی هسته ای,clinic,clinic,clinic,True,False,35.7610179,51.3705493,363,,False
مجتمع تخصصی دارالشفا,clinic,clinic,clinic,True,False,35.7964536,51.4573723,364,,False
دکتر علیرضا عارف زاده، فوق تخصص غدد,doctors,doctor,doctors,True,False,35.7639199,51.4447113,365,,False
دکتر علی اکبر سیاری,doctors,doctor,doctors,True,False,35.7653245,51.4433321,366,,False
دکتر رامین عالی نژاد,doctors,doctor,doctors,True,False,35.8094207,51.4430693,367,,False
مطب دکتر ثریا شادمان فر,doctors,doctor,doctors,True,False,35.742405,51.4495271,368,,False
ساختمان پزشکان منظرنژاد,clinic,clinic,clinic,True,False,35.7617448,51.4457903,369,government_political,True
کلینیک سلامت روان ره‌پویان,clinic,clinic,clinic,True,False,35.7619502,51.4456354,370,government_political,True
کلینیک فوق تخصصی محب مهر,clinic,clinic,clinic,True,False,35.7615128,51.410373,371,,False
درمانگاه کوثر,clinic,clinic,clinic,True,False,35.6742351,51.5132375,372,,False
درمانگاه شبانه روزی منان,clinic,clinic,clinic,True,False,35.7892811,51.3459213,373,,False
دکتر محمود آستانه,doctors,doctor,doctors,True,False,35.7290118,51.4129121,374,,False
دکتر علایی,doctors,doctor,doctors,True,False,35.7615246,51.4442231,375,government_political,True
مطب دکتر خدیجه ابراهیم نژاد،جراح زنان و زایمان,doctors,doctor,doctors,True,False,35.7437518,51.4049508,376,government_political,True
آزمایشگاه و پاتوبیولوژی فروغ,,laboratory,laboratory,True,False,35.7477904,51.5365726,377,,False
کلینیک آنو,clinic,clinic,clinic,True,False,35.759865,51.4102193,378,,False
کلینیک گلبرگ,clinic,clinic,clinic,True,False,35.7297498,51.492039,379,airport_buffer,True
مرکز تخصصی نورفیبدک و بیوفیدبک در تهران,clinic,clinic,clinic,True,False,35.7790172,51.361209,380,government_political,True
درمانگاه شبانه روزی فرشته,clinic,clinic,clinic,True,False,35.7923764,51.4174107,381,,False
مرکز تصویربرداری و پرتو درمانی پردیس نور نیلو,clinic,yes,clinic,True,False,35.7620249,51.4595939,382,,False
مرکز ولگا,clinic,clinic,clinic,True,False,35.7672226,51.4617019,383,,False
مرکز بهداشتی درمانی دگمه چی,clinic,hospital,clinic,True,False,35.7341433,51.474404,384,airport_buffer,True
درمانگاه نادر,clinic,hospital,clinic,True,False,35.7303205,51.5408652,385,,False
مرکز خدمات جامع سلامت طالقانی(شبانه روزی),clinic,hospital,clinic,True,False,35.8057159,51.4393269,386,government_political,True
مرکز بهداشت نیک نژاد,clinic,clinic,clinic,True,False,35.5900167,51.445203,387,,False
مرکز بهداشتی درمانی میثم,clinic,hospital,clinic,True,False,35.6653298,51.3676249,388,airport_buffer,True
مرکز بهداشتی شهید واحدی,clinic,hospital,clinic,True,False,35.6274124,51.399066,389,government_political,True
آزمایشگاه ویروس شناسی کیوان,,laboratory,laboratory,True,False,35.7271983,51.414396,390,government_political,True
مرکز بهداشتی درمانی تقوی,clinic,clinic,clinic,True,False,35.6891795,51.4383018,391,airport_buffer,True
مطب دکتر مهتاب مرجانی، متخصص زنان و زایمان,doctors,doctor,doctors,True,False,35.7438094,51.4048279,392,government_political,True
دکتر صفیه چعباوی زاده,doctors,doctor,doctors,True,False,35.7531649,51.4106417,393,,False
خانه سلامت کن,clinic,clinic,clinic,True,False,35.7645451,51.2813887,394,,False
آزمایشگاه سلاله,,laboratory,laboratory,True,False,35.7076604,51.3978645,395,,False
ساختمان پزشکان میلاد,clinic,clinic,clinic,True,False,35.7680075,51.4602598,396,government_political,True
کلینیک دکتر محرابی,doctors,doctor,doctors,True,False,35.6517857,51.3619372,397,,False
ساختمان پزشکان سبز دو,clinic,clinic,clinic,True,False,35.7752831,51.4362188,398,government_political,True
کلینیک دکتر صادقی,clinic,clinic,clinic,True,False,35.7993344,51.4164847,399,government_political,True
unnamed,clinic,,clinic,True,False,35.7047143,51.3160787,400,airport_buffer,True
مرکز جراحی محدود خیریه حضرت زینب,clinic,clinic,clinic,True,False,35.682746,51.4378667,401,airport_buffer,True
آزمایشگاه ماد,,laboratory,laboratory,True,False,35.7806571,51.4620272,402,,False
کلینیک شهرداری,clinic,clinic,clinic,True,False,35.6827854,51.3984391,403,government_political,True
کلینیک آسمان,clinic,clinic,clinic,True,False,35.8100402,51.4305489,404,government_political,True
ساختمان پزشکان ظفر,clinic,clinic,clinic,True,False,35.7656513,51.4425887,405,,False
آزمایشگاه فارابی,,laboratory,laboratory,True,False,35.8047775,51.4367103,406,government_political,True
unnamed,,clinic,clinic,True,False,35.7330678,51.3987121,407,,False
درمانگاه تخصصی تشخیص و درمان ناباروری نیکان,clinic,clinic,clinic,True,False,35.8000274,51.4903378,408,,False
کلینیک خانه سفید,clinic,clinic,clinic,True,False,35.7685729,51.4144624,409,,False
مجتمع پزشکان سجاد,clinic,clinic,clinic,True,False,35.7661156,51.3402676,410,,False
مطب حکیم حسین خیراندیش,doctors,doctor,doctors,True,False,35.7661154,51.3402729,411,,False
رادیولوژی فک و صورت اندرزگو,doctors,doctor,doctors,True,False,35.8000068,51.4505964,412,,False
کلینیک دندانپزشکی اقاقیا,clinic,clinic,clinic,True,False,35.7471492,51.3255792,413,,False
پازل کلینیک,clinic,dentist,clinic,True,False,35.791249,51.4185184,414,government_political,True
کلینیک فیزیوتراپی رامتن,clinic,clinic,clinic,True,False,35.7232878,51.4238688,415,,False
کلینیک اسمایل اسپا,clinic,dentist,clinic,True,False,35.8072228,51.4085673,416,,False
درمانگاه شبانه روزی مهر تهرانپارس,clinic,clinic,clinic,True,False,35.7496418,51.5417932,417,,False
درمانگاه شهرداری منطقه چهار,clinic,clinic,clinic,True,False,35.7426447,51.5570039,418,,False
آزمایشگاه پاتوبیولوژی دکتر خسروشاهی,,laboratory,laboratory,True,False,35.7990647,51.4143652,419,,False
بخش کرونا,hospital,hospital,hospital,True,True,35.8154618,51.4961203,420,,False
کلینیک سیماگل,clinic,clinic,clinic,True,False,35.798522,51.4196661,421,,False
کلینیک زیبایی دکتر زرگران,clinic,clinic,clinic,True,False,35.8012869,51.4603921,422,,False
درمانگاه آهنگ,clinic,clinic,clinic,True,False,35.6577613,51.4761268,423,,False
درمانگاه آراز,clinic,clinic,clinic,True,False,35.7329537,51.4989179,424,airport_buffer,True
درمانگاه صدر,clinic,clinic,clinic,True,False,35.7330123,51.5007479,425,airport_buffer,True
درمانگاه آزادگان,clinic,clinic,clinic,True,False,35.6259613,51.43574,426,,False
unnamed,doctors,,doctors,True,False,35.7840985,51.4617982,427,,False
دکتر عبدالصمد مدرسی,doctors,doctor,doctors,True,False,35.6310515,51.3686609,428,,False
کلینیک دندانپزشکی مطهر,hospital,hospital,hospital,True,True,35.6310205,51.3686736,429,,False
درمانگاه شبانه روزی مطهر,hospital,hospital,hospital,True,True,35.6310016,51.3686865,430,,False
مجتمع پزشکان مهر,clinic,clinic,clinic,True,False,35.6397959,51.3659479,431,government_political,True
خانه بهداشت مینی سیتی,clinic,clinic,clinic,True,False,35.7993955,51.5055316,432,,False
لیا کلینیک,clinic,clinic,clinic,True,False,35.7971215,51.4460706,433,,False
دکتر لیلا محمدی متخصص زنان و زایمان,doctors,doctor,doctors,True,False,35.7915122,51.476528,434,government_political,True
دکتر هاشم شمشادی,doctors,doctor,doctors,True,False,35.7413278,51.4094393,435,,False
مرکز بهداشت و درمان دانشگاه تهران,clinic,clinic,clinic,True,False,35.7335834,51.3864601,436,,False
کلینیک شمیرانات,clinic,clinic,clinic,True,False,35.8017039,51.4336797,437,government_political,True
کلینیک شمیران نو,clinic,clinic,clinic,True,False,35.7967268,51.4341805,438,,False
کلینیک قلب و عروق کوروش,clinic,clinic,clinic,True,False,35.8005295,51.4334327,439,government_political,True
کلینیک ارتوپدی فنی پارسیان طب,clinic,clinic,clinic,True,False,35.7973176,51.4331067,440,government_political,True
کلینیک زخم دستهای مهربان,clinic,clinic,clinic,True,False,35.7886623,51.4319212,441,,False
کلینیک قیطریه,clinic,clinic,clinic,True,False,35.7958126,51.4397241,442,,False
دارالشفاء قائم,clinic,clinic,clinic,True,False,35.8016417,51.4404436,443,,False
گروه درمان چاقی باراکا,,clinic,clinic,True,False,35.77329,51.4429885,444,,False
طب کار پازند,clinic,clinic,clinic,True,False,35.6970665,51.2540968,445,airport_buffer,True
ساختمان پزشکان سپهر,doctors,doctor,doctors,True,False,35.7632289,51.4435778,446,,False
بیمارستان روانپزشکی دلارام سینا,hospital,hospital,hospital,True,True,35.6363573,51.4344209,447,,False
کلینیک تخصصی اطفال,clinic,clinic,clinic,True,False,35.7286378,51.4840881,448,airport_buffer,True
دکتر سمیه فرهادی ، متخصص اطفال,doctors,doctor,doctors,True,False,35.728563,51.4840771,449,airport_buffer,True
مطب دکتر زهرا قلی زاده,doctors,doctor,doctors,True,False,35.685765,51.3767789,450,government_political,True
مطب دکتر سامان محمدی پور,doctors,doctor,doctors,True,False,35.7800297,51.4598466,451,,False
مرکز پزشکان بازرگان,clinic,,clinic,True,False,35.652062,51.3405365,452,,False
دکتر غزل فرهادی,doctors,doctor,doctors,True,False,35.7286244,51.4839324,453,airport_buffer,True
دکتر سعید قرایی اردکانی,doctors,doctor,doctors,True,False,35.6771629,51.3680439,454,airport_buffer,True
مرکز زیبایی دکتر اسکندری,clinic,clinic,clinic,True,False,35.7407277,51.4445914,455,government_political,True
unnamed,clinic,clinic,clinic,True,False,35.7299657,51.4958118,456,airport_buffer,True
unnamed,,laboratory,laboratory,True,False,35.7299356,51.4956495,457,airport_buffer,True
مطب دکتر آزیتا دادگر,doctors,doctor,doctors,True,False,35.6919478,51.376204,458,,False
کلینیک درد بهار,clinic,clinic,clinic,True,False,35.7356279,51.3354876,459,,False
ساختمان پزشکان صدرا,clinic,clinic,clinic,True,False,35.7571642,51.4069285,460,government_political,True
درمانگاه درکه,clinic,clinic,clinic,True,False,35.8086493,51.3819038,461,,False
ساختمان پزشکان,clinic,clinic,clinic,True,False,35.7260091,51.4647447,462,airport_buffer,True
دکتر آذر اصلانی مقدم,doctors,doctor,doctors,True,False,35.7412094,51.4095206,463,,False
درمانگاه شبانه روزی حکیمان,clinic,clinic,clinic,True,False,35.7690849,51.4763686,464,,False
دارالشفاء کوثر,clinic,clinic,clinic,True,False,35.5857303,51.4368644,465,,False
دکتر مهسا ساداتی,doctors,psychotherapist,doctors,True,False,35.730672,51.3786787,466,,False
مطب دکتر القاسی,doctors,doctor,doctors,True,False,35.7566395,51.3958122,467,,False
کلینیک دندانپزشکی صدف,clinic,clinic,clinic,True,False,35.7192342,51.3892498,468,government_political,True
آزمایشگاه کیوان,,laboratory,laboratory,True,False,35.7446715,51.4256562,469,government_political,True
کلینیک ایرانیان,clinic,clinic,clinic,True,False,35.7796864,51.4597092,470,,False
کلینیک آرتمن,clinic,clinic,clinic,True,False,35.7805087,51.4652718,471,government_political,True
مرکز بهداشت شرق,clinic,clinic,clinic,True,False,35.7125101,51.4935499,472,airport_buffer,True
درمانگاه شبانه روزی اکباتان,clinic,clinic,clinic,True,False,35.7097892,51.3128559,473,airport_buffer,True
انجمن آلزایمر ایران,clinic,clinic,clinic,True,False,35.71376,51.309016,474,airport_buffer|government_political,True
کلینیک تخصصی داخلی حافظه,clinic,clinic,clinic,True,False,35.7138089,51.309159,475,airport_buffer|government_political,True
مرکز جراحی شبانه روزی محدود سلامت غرب چشم,clinic,clinic,clinic,True,False,35.703755,51.3175473,476,airport_buffer,True
آزمایشگاه پارسیان,,laboratory,laboratory,True,False,35.7313047,51.4875165,477,airport_buffer,True
مطب دکتر احمد عامری جراح و فوق تخصص چشم,doctors,doctor,doctors,True,False,35.7287164,51.4155876,478,government_political,True
دکتر نسترن گودرزی متخصص بیماریهای دهان، فک و صورت,doctors,doctor,doctors,True,False,35.76399,51.445051,479,,False
درمانگاه شفا مهر صدرا,clinic,,clinic,True,False,35.7241501,51.4080173,480,,False
مرکز بهداشت ۱۲ بهمن,clinic,,clinic,True,False,35.6472919,51.4714922,481,,False
مرکز بهداشت امام رضا,clinic,clinic,clinic,True,False,35.6300901,51.3511021,482,,False
مرکز بهداشت قائم,clinic,clinic,clinic,True,False,35.8059414,51.5258507,483,,False
unnamed,,clinic,clinic,True,False,35.6378672,51.4440823,484,,False
مرکز بهداشت تقی نیا,clinic,clinic,clinic,True,False,35.6738053,51.3506126,485,airport_buffer,True
مرکز خدمات جامع سلامت امامزاده قاسم,clinic,,clinic,True,False,35.815953,51.4357331,486,,False
مرکز بهداشت افسریه,clinic,clinic,clinic,True,False,35.6596684,51.5002853,487,government_political,True
مرکز بهداشت ارشاد,clinic,,clinic,True,False,35.7571022,51.4473063,488,government_political,True
مرکز بهداشت بعثت,clinic,clinic,clinic,True,False,35.6446747,51.4953312,489,government_political,True
مرکز بهداشت زارع زاده,clinic,,clinic,True,False,35.6764449,51.4508441,490,airport_buffer,True
مرکز بهداشت سمرقندی,clinic,,clinic,True,False,35.7487544,51.5245633,491,,False
مرکز بهداشت سردار جنگل,clinic,clinic,clinic,True,False,35.7646155,51.3257311,492,,False
مرکز بهداشت شهید آیت,clinic,clinic,clinic,True,False,35.6393505,51.3698631,493,,False
مرکز بهداشت صفا,clinic,clinic,clinic,True,False,35.6971596,51.4550914,494,airport_buffer,True
مرکز بهداشت مسعودیه,clinic,,clinic,True,False,35.6282887,51.4911155,495,government_political,True
مرکز بهداشت محمدیان,clinic,clinic,clinic,True,False,35.7016085,51.4966455,496,airport_buffer,True
مرکز بهداشت وحدت اسلامی,clinic,clinic,clinic,True,False,35.6648103,51.4062497,497,government_political,True
مرکز بهداشت همایون,clinic,,clinic,True,False,35.7302567,51.468206,498,airport_buffer,True
پایگاه بهداشت جلالی,clinic,clinic,clinic,True,False,35.6831815,51.4497904,499,airport_buffer|government_political,True
خانه بهداشت شهرک آزادی,clinic,,clinic,True,False,35.7107576,51.274092,500,airport_buffer,True
درمانگاه شهدای شهر ری,clinic,clinic,clinic,True,False,35.6055038,51.4469045,501,,False
مرکز بهداشت هنگام,clinic,,clinic,True,False,35.7494016,51.5106442,502,,False
مرکز بهداشت امام حسن مجتبی,clinic,,clinic,True,False,35.7432546,51.5556084,503,,False
کلینیک الزهرا,clinic,,clinic,True,False,35.7655757,51.3908599,504,,False
مرکز بهداشت آفرینش,clinic,,clinic,True,False,35.6370684,51.4664476,505,,False
مرکز بهداشت شهید صفدری,clinic,clinic,clinic,True,False,35.6765176,51.4791748,506,airport_buffer,True
مرکز بهداشت شمال‌غرب,clinic,clinic,clinic,True,False,35.7282959,51.4153813,507,government_political,True
مرکز بهداشت ولیعصر,clinic,clinic,clinic,True,False,35.648404,51.3407879,508,government_political,True
مرکز بهداشت شهر زیبا,clinic,clinic,clinic,True,False,35.7490426,51.2873198,509,,False
مرکز بهداشت جوادیه شهید شاطری,clinic,,clinic,True,False,35.6571216,51.387062,510,,False
مرکز بهداشت خواجه نوری,clinic,clinic,clinic,True,False,35.6964644,51.4389217,511,airport_buffer,True
مرکز بهداشت سازمان برنامه,clinic,clinic,clinic,True,False,35.7464269,51.3003536,512,,False
مرکز بهداشت دانشگاه علامه طباطبائی,clinic,clinic,clinic,True,False,35.7580381,51.2645713,513,government_political,True
مرکز سلامت ظهیرآباد,clinic,clinic,clinic,True,False,35.5909773,51.4483575,514,,False
مرکز بهداشت کادوس,clinic,clinic,clinic,True,False,35.736346,51.5351521,515,,False
مرکز سلامت مبارکی,clinic,clinic,clinic,True,False,35.7747455,51.4925987,516,,False
مرکز بهداشت پورهدایت,clinic,clinic,clinic,True,False,35.6802153,51.4639628,517,airport_buffer,True
مرکز سلامت جامعه مبارکی,clinic,clinic,clinic,True,False,35.6088542,51.426017,518,,False
مرکز بهداشت ناصری نیا,clinic,clinic,clinic,True,False,35.7387088,51.3774646,519,,False
مرکز خانه سلامت شقایق,clinic,,clinic,True,False,35.7576577,51.3022288,520,,False
مرکز سلامت شهرک چشمه,clinic,clinic,clinic,True,False,35.7557081,51.2581918,521,airport_buffer,True
آزمایشگاه مواد غذایی مرجعان خاتم,,laboratory,laboratory,True,False,35.6235265,51.3823964,522,,False
مرکز بهداشت چیذر,clinic,,clinic,True,False,35.7978293,51.4562501,523,,False
مرکز جامع سلامت سعادت‌آباد,clinic,clinic,clinic,True,False,35.7917388,51.3833946,524,,False
مرکز بهداشت خواجه نظام الملک,clinic,clinic,clinic,True,False,35.7236207,51.4531217,525,airport_buffer,True
مرکز بهداشت سمنگان,clinic,clinic,clinic,True,False,35.7290102,51.487408,526,airport_buffer,True
مرکز جامع سلامت مسجدالسادات,clinic,,clinic,True,False,35.7243657,51.4079958,527,,False
مرکز بهداشت ۱۷ شهریور,clinic,clinic,clinic,True,False,35.6931253,51.4520082,528,airport_buffer,True
مرکز بهداشت حاج یحیی آقا سید عبدالله,clinic,clinic,clinic,True,False,35.6540904,51.4937715,529,,False
مرکز بهداشت صاحب الزمان,clinic,clinic,clinic,True,False,35.65422,51.3216562,530,airport_buffer,True
مركز خدمات جامع بهداشت فرحزاد,clinic,,clinic,True,False,35.7942854,51.3427725,531,,False
مرکز بهداشت شیبانی,clinic,,clinic,True,False,35.7802363,51.4579198,532,,False
unnamed,clinic,clinic,clinic,True,False,35.663773,51.4350647,533,,False
مرکز خدمات جامع جامع سلامت شهری غیاثی,clinic,clinic,clinic,True,False,35.6692185,51.464164,534,airport_buffer,True
مرکز سلامت شیخ احمد کافی,clinic,,clinic,True,False,35.6383991,51.4178932,535,,False
مرکز بهداشت شهید یغماییان,clinic,clinic,clinic,True,False,35.6184574,51.4537798,536,,False
مرکز بهداشت شهید جمالی,clinic,clinic,clinic,True,False,35.597802,51.4397532,537,,False
مرکز بهداشت وردآورد,clinic,clinic,clinic,True,False,35.7390202,51.1370768,538,,False
نقاهتگاه ۱۷ شهریور,clinic,clinic,clinic,True,False,35.7121446,51.4841692,539,airport_buffer,True
کلینیک شبانه روزی خانی آباد,clinic,clinic,clinic,True,False,35.6283713,51.3909381,540,,False
کلینیک سپینود,clinic,clinic,clinic,True,False,35.8061666,51.4624286,541,,False
دکتر لیلا ملکی / جراح بینی,doctors,doctor,doctors,True,False,35.7973926,51.4080866,542,,False
دکتر سعید رضا یوسف,doctors,doctor,doctors,True,False,35.7862089,51.4266892,543,,False
کلینیک دامپزشکی آریانا,,clinic,clinic,True,False,35.7540861,51.3262618,544,,False
مطب دندانپزشکی نیک,clinic,clinic,clinic,True,False,35.7358756,51.3344331,545,,False
دکتر افشین طاهری اعظم,doctors,doctor,doctors,True,False,35.7806345,51.3685178,546,,False
رنگ و ابزار شهریاری,clinic,,clinic,True,False,35.7187299,51.3740239,547,,False
درمانگاه شبانه روزی قائم آل احمد عج,clinic,clinic,clinic,True,False,35.6766834,51.4905538,548,airport_buffer,True
نگین آزادی,clinic,clinic,clinic,True,False,35.7009035,51.3810186,549,,False
دکتر زارعی شریف,doctors,doctor,doctors,True,False,35.6647371,51.2646316,550,airport_buffer,True
دکتر محمدعلی اخوت پور,doctors,doctor,doctors,True,False,35.7562248,51.3941513,551,,False
کلینیک لیزر دالیا شعبه ۲,clinic,clinic,clinic,True,False,35.6795099,51.4486085,552,airport_buffer,True
کلینیک لیزر وزیبایی دالیا,clinic,clinic,clinic,True,False,35.6904737,51.4631471,553,airport_buffer,True
کلینیک شبانه‌روزی نادری,clinic,clinic,clinic,True,False,35.7787011,51.3352749,554,government_political,True
درمانگاه شبانه‌روزی فولاد,clinic,,clinic,True,False,35.702399,51.4048944,555,government_political,True
راهپویان شفا,clinic,clinic,clinic,True,False,35.7709113,51.3060098,556,,False
کلینیک اعصاب و روان و مشاوره آلما,clinic,clinic,clinic,True,False,35.695308,51.2544809,557,airport_buffer|government_political,True
ساختمان پزشکان ۳۱۷,clinic,clinic,clinic,True,False,35.690223,51.4593281,558,airport_buffer|government_political,True
مرکز جامع سلامت سوهانک,clinic,clinic,clinic,True,False,35.8034743,51.5355365,559,,False
آزمایشگاه زمرد,,laboratory,laboratory,True,False,35.7578985,51.450719,560,,False
دکتر رضا آقاجانی پوست مو زیبایی,doctors,doctor,doctors,True,False,35.5905546,51.439327,561,government_political,True
درمانگاه شبانه روزی فرح بخش,clinic,clinic,clinic,True,False,35.7406509,51.4661826,562,,False
پایگاه سلامت شهری شماره یک - قمربنی هاشم,clinic,clinic,clinic,True,False,35.6826759,51.361373,563,airport_buffer,True
درمانگاه شبانه روزی امین,clinic,clinic,clinic,True,False,35.6373572,51.4507743,564,,False
مرکز بهداشتی درمانی راهور,clinic,,clinic,True,False,35.7002131,51.375257,565,,False
رادیولوژی و سونوگرافی فرمانیه,doctors,doctor,doctors,True,False,35.7992,51.473791,566,government_political,True
پلی کلینیک ۲۲ بهمن,clinic,clinic,clinic,True,False,35.7002408,51.3680744,567,airport_buffer,True
کلینیک ارتوپدی سپید,clinic,clinic,clinic,True,False,35.768871,51.475804,568,,False
کلینیک فوق تخصصی قلب سلامت,clinic,clinic,clinic,True,False,35.7996193,51.4492294,569,,False
دکتر حسین دباغیان (فوق متخصص قلب و عروق),doctors,doctor,doctors,True,False,35.7995694,51.4491602,570,,False
درمانگاه شبانه روزی سپیدار,clinic,clinic,clinic,True,False,35.7428588,51.5376249,571,,False
لیزر گلبرگ,clinic,clinic,clinic,True,False,35.7273148,51.515763,572,government_political,True
دکتر امیر حسین محمدی مفرد جراح بینی,doctors,doctor,doctors,True,False,35.7780881,51.3602779,573,government_political,True
دکتر غزوینیان,doctors,,doctors,True,False,35.76018,51.4002049,574,,False
مرکز ارتوپدی فنی پایار,clinic,clinic,clinic,True,False,35.7597404,51.4173847,575,,False
آزمایشگاه قلهک,,laboratory,laboratory,True,False,35.7725819,51.437476,576,government_political,True
کلینیک رازنو,clinic,clinic,clinic,True,False,35.740636,51.4456874,577,,False
دكتر سميرا حسن خانی جراح و متخصص زنان، زايمان و نازایی,doctors,doctor,doctors,True,False,35.7135598,51.3683833,578,,False
کلینیک تخصصی توحید دکتر علیرضا رمضان زاده,clinic,clinic,clinic,True,False,35.7065437,51.3765494,579,government_political,True
ساختمان پزشکان ۵۳,clinic,clinic,clinic,True,False,35.7618414,51.4453992,580,government_political,True
ساختمان پزشکان نیام,clinic,clinic,clinic,True,False,35.761601,51.4455191,581,government_political,True
دکتر نیما توکلی - متخصص اعصاب و روان,doctors,doctor,doctors,True,False,35.7235261,51.4235984,582,,False
دکتر نازنین صفائی,doctors,doctor,doctors,True,False,35.7972275,51.409595,583,,False
وستالب,clinic,clinic,clinic,True,False,35.7542463,51.4109982,584,,False
آزمایشگاه ژنتیک بنیان,,laboratory,laboratory,True,False,35.757943,51.4473186,585,government_political,True
کلینیک جوان,clinic,clinic,clinic,True,False,35.7445613,51.4119459,586,,False
دکتر رضا کریمیان ، جراح بینی,doctors,doctor,doctors,True,False,35.7780896,51.3603729,587,government_political,True
درمانگاه آزادگان,clinic,clinic,clinic,True,False,35.6625474,51.4594474,588,,False
مطب دکتر فاطمه ابراهیمی,doctors,doctor,doctors,True,False,35.7458743,51.41138,589,,False
کلینیک پوست و مو ساعی,clinic,clinic,clinic,True,False,35.7680988,51.4191241,590,,False
مطب دکتر مهدی صالح زاده,doctors,doctor,doctors,True,False,35.7362856,51.4638748,591,,False
کلینیک ماهک,clinic,clinic,clinic,True,False,35.723316,51.41166,592,,False
دکتر سیامک مرادی,doctors,doctor,doctors,True,False,35.7664665,51.4429076,593,,False
ساختمان پزشکان سبز,doctors,doctor,doctors,True,False,35.7655706,51.4421084,594,,False
دکتر زهرا امیدوار,doctors,doctor,doctors,True,False,35.7426129,51.4472434,595,,False
کلینیک زیبایی پارسیان طب,clinic,doctor,clinic,True,False,35.7599931,51.4426617,596,,False
ساختمان پزشکان حکیم,doctors,doctor,doctors,True,False,35.7650152,51.4415233,597,,False
unnamed,doctors,doctor,doctors,True,False,35.7080639,51.388873,598,,False
مرکز بهداشت دولت آباد,clinic,clinic,clinic,True,False,35.6171059,51.452614,599,,False
آزمایشگاه تشخیص طبی خاتم,,laboratory,laboratory,True,False,35.6336878,51.3726782,600,,False
آزمایشگاه تشخیص طبی سفیر,,laboratory,laboratory,True,False,35.6345679,51.3786164,601,government_political,True
آزمایشگاه تشخیص طبی شریعتی,,laboratory,laboratory,True,False,35.6352072,51.3786158,602,government_political,True
آزمایشگاه تشخیص طبی ماهان,,laboratory,laboratory,True,False,35.6343738,51.3790994,603,government_political,True
بان کلینیک,clinic,,clinic,True,False,35.796139,51.4761078,604,government_political,True
ویولا کلینیک,clinic,clinic,clinic,True,False,35.7357096,51.5255071,605,government_political,True
مرکز جراحی سهند,clinic,clinic,clinic,True,False,35.7323872,51.4426082,606,,False
مرکز ارتوپدی فنی طب نو,clinic,clinic,clinic,True,False,35.7339081,51.4404107,607,,False
کلینیک دامپزشکی سهروردی,,clinic,clinic,True,False,35.7275337,51.4368537,608,,False
درمانگاه خيريه امام جعفر صادق ع تهرانپارس,clinic,clinic,clinic,True,False,35.7431631,51.554655,609,,False
پایگاه سلامت باغ اناری,clinic,clinic,clinic,True,False,35.7527238,51.5446671,610,,False
کلینیک گوارش,,clinic,clinic,True,False,35.7348696,51.3284603,611,,False
کلینیک پزشگان,,clinic,clinic,True,False,35.7347783,51.3276466,612,,False
مرکز لیزر پوست و مو دوان,clinic,clinic,clinic,True,False,35.7601607,51.4356871,613,government_political,True
مرکز بهداشت صفا,clinic,clinic,clinic,True,False,35.7010889,51.4578185,614,airport_buffer,True
دکتر سپید,doctors,doctor,doctors,True,False,35.7721707,51.3746402,615,,False
درمانگاه امام حسن عسگری,clinic,clinic,clinic,True,False,35.6928201,51.479175,616,airport_buffer|government_political,True
مرکز همودیالیز به آفرین,clinic,clinic,clinic,True,False,35.7454423,51.2314876,617,airport_buffer,True
کلینیک تخصصی پوست، مو و زیبایی همسا,clinic,clinic,clinic,True,False,35.7259021,51.4743895,618,airport_buffer,True
مطب دکتر حمیدرضا سمیعی,doctors,doctor,doctors,True,False,35.7405476,51.4674886,619,,False
مرکز توانبخشی معلولان ذهنی آوای رضوان,clinic,clinic,clinic,True,False,35.6394519,51.4454012,620,,False
کلینیک دندانپزشکی بهبود,clinic,clinic,clinic,True,False,35.7592498,51.4115221,621,,False
مطب دکتر محمدرضا چراغیان,doctors,doctor,doctors,True,False,35.7359205,51.4057337,622,government_political,True
درمانگاه خیریه حضرت علی‌اصغر,clinic,,clinic,True,False,35.613511,51.4527176,623,,False
درمانگاه شهرداری منطقه ۱۰,clinic,clinic,clinic,True,False,35.6701984,51.3727813,624,,False
درمانگاه خیریه امام صادق,clinic,clinic,clinic,True,False,35.7190814,51.5058919,625,airport_buffer|government_political,True
مرکز تصویربرداری پزشکی تهران,clinic,,clinic,True,False,35.7195006,51.4056101,626,,False
مرکز خدمات جامع سلامت احمدی,clinic,clinic,clinic,True,False,35.7055657,51.4591962,627,airport_buffer,True
دکتر آذر محمدی | زیبایی,doctors,doctor,doctors,True,False,35.7942438,51.4365002,628,,False
درمانگاه خیریه شبانه روزی رضویه,clinic,clinic,clinic,True,False,35.8150957,51.4796625,629,government_political,True
مرکز جراحی سعادت آباد,clinic,clinic,clinic,True,False,35.7828861,51.3774344,630,,False
درمانگاه تامین اجتماعی آزادی,clinic,clinic,clinic,True,False,35.7004703,51.320568,631,airport_buffer|government_political,True
کلینیک هورسام,clinic,clinic,clinic,True,False,35.7714843,51.3574539,632,,False
پایگاه سلامت هروی,clinic,clinic,clinic,True,False,35.7595737,51.4725099,633,government_political,True
مطب دکتر مهدی احمدی احمدی، فوق تخصص جراحی پلاستیک و زیبایی,doctors,doctor,doctors,True,False,35.7520551,51.4107961,634,,False
درمانگاه نبوی,clinic,clinic,clinic,True,False,35.6028701,51.4344949,635,,False
پایگاه بهداشت ولی آباد بهشتی,clinic,clinic,clinic,True,False,35.5807898,51.4197847,636,,False
کلینیک ایدن,clinic,clinic,clinic,True,False,35.7990995,51.4417285,637,government_political,True
مرکز بهداشت چهارصد دستگاه,clinic,clinic,clinic,True,False,35.6898035,51.4550574,638,airport_buffer|government_political,True
دکتر فرشاد جعفری، فوق تخصص قلب کودکان,doctors,doctor,doctors,True,False,35.7746777,51.4097932,639,,False
کلینیک پوست و زیبایی دکتر مهدی میمنت,clinic,clinic,clinic,True,False,35.8135513,51.4760156,640,government_political,True
کلینیک کاردرمانی و گفتاردرمانی آریان,clinic,clinic,clinic,True,False,35.7749888,51.3615286,641,,False
unnamed,doctors,doctor,doctors,True,False,35.6788967,51.3605591,642,airport_buffer,True
لیزر سلین,clinic,clinic,clinic,True,False,35.7866517,51.4356664,643,,False
رادیولوژی و سونوگرافی کیهان,doctors,doctor,doctors,True,False,35.7301342,51.3791311,644,,False
مرکز پزشکی هسته ای آفتاب,,laboratory,laboratory,True,False,35.7265487,51.5240473,645,government_political,True
مرکز زیبایی دکتر شیدوش,clinic,clinic,clinic,True,False,35.781618,51.4490163,646,,False
سمعک برتر,clinic,clinic,clinic,True,False,35.766951,51.4406803,647,,False
مرکز شنوایی سنجی و فروش سمعک آلفا,clinic,clinic,clinic,True,False,35.7591169,51.4115882,648,,False
کلینیک پوست و مو ماهور,clinic,clinic,clinic,True,False,35.8063828,51.456959,649,,False
رادیولوژی دکتر صدری,doctors,doctor,doctors,True,False,35.745168,51.4507107,650,,False
رادیولوژی و سونوگرافی ستارخان,doctors,doctor,doctors,True,False,35.7097293,51.3733673,651,,False
آزمایشگاه میرداماد,,laboratory,laboratory,True,False,35.7596761,51.4458384,652,,False
درمانگاه فرهنگیان منطقه ۱۴,clinic,clinic,clinic,True,False,35.6884082,51.4595495,653,airport_buffer|government_political,True
آزمایشگاه آرامش,,laboratory,laboratory,True,False,35.7826933,51.3742202,654,,False
دکتر رضا خدادادی,doctors,doctor,doctors,True,False,35.7884939,51.4191711,655,,False
درمانگاه چمران,clinic,clinic,clinic,True,False,35.7012352,51.4450741,656,airport_buffer,True
رادیولوژی فک و صورت دکتر یاراحمدی,doctors,doctor,doctors,True,False,35.7617812,51.445565,657,government_political,True
مطب دکتر روحانی,doctors,doctor,doctors,True,False,35.7758069,51.3662419,658,,False
کلینیک فیزیوتراپی بامداد سلامت,clinic,clinic,clinic,True,False,35.7273361,51.4079008,659,,False
کلینیک مهر پویا (دکتر اسدالله امان الهی),clinic,,clinic,True,False,35.7264103,51.3225612,660,,False
کلینیک مهر پویا (دکتر اسدالله امان الهی),clinic,clinic,clinic,True,False,35.7770192,51.3550218,661,,False
دکتر حبیبه احمدی متخصص زنان,doctors,doctor,doctors,True,False,35.7813764,51.3712249,662,,False
آزمایشگاه پاتوبیولوژی دکتر ویشکائی,,laboratory,laboratory,True,False,35.7320724,51.524702,663,,False
آزمایشگاه چهر,,laboratory,laboratory,True,False,35.7426242,51.4466474,664,,False
دکتر مسعود صدرالدینی,doctors,doctor,doctors,True,False,35.7990161,51.4409996,665,government_political,True
دکتر فاطمه سمامی,doctors,doctor,doctors,True,False,35.7990474,51.4410042,666,government_political,True
مرکز تخصصی طب کار چشم انداز,clinic,,clinic,True,False,35.7197576,51.3360106,667,airport_buffer|government_political,True
دکتر غزاله موسوی زاده,doctors,doctor,doctors,True,False,35.7572782,51.2894104,668,,False
دکتر سپیده مدعی نما,doctors,doctor,doctors,True,False,35.7685596,51.4609959,669,government_political,True
دکتر علی اصغر شیرازی,doctors,doctor,doctors,True,False,35.7287479,51.4164594,670,,False
آزمایشگاه پاتوبیولوژی سروش,,laboratory,laboratory,True,False,35.6919556,51.4771805,671,airport_buffer|government_political,True
آزمایشگاه دکتر حیدریان,,laboratory,laboratory,True,False,35.5914345,51.431324,672,government_political,True
آزمایشگاه تشخیص طبی الوند,,laboratory,laboratory,True,False,35.5912628,51.4426384,673,,False
آزمایشگاه پاتوبیولوژی پلاسما طب,,laboratory,laboratory,True,False,35.592617,51.4401512,674,,False
آزمایشگاه پاتوبیولوژی امروز,,laboratory,laboratory,True,False,35.5907631,51.438282,675,,False
آزمایشگاه حکمت,,laboratory,laboratory,True,False,35.6178643,51.4537853,676,,False
آزمایشگاه زکریا رازی,,laboratory,laboratory,True,False,35.6002769,51.4384613,677,,False
آزمایشگاه امامی اهری,,laboratory,laboratory,True,False,35.6641159,51.3988113,678,,False
آزمایشگاه نیاوران,,laboratory,laboratory,True,False,35.8116747,51.4633353,679,,False
آزمایشگاه هدیه,,laboratory,laboratory,True,False,35.715229,51.431633,680,airport_buffer,True
آزمایشگاه ساعی,,laboratory,laboratory,True,False,35.7353783,51.525074,681,government_political,True
آزمایشگاه دکتر منشدی,,laboratory,laboratory,True,False,35.7646027,51.4192009,682,government_political,True
آزمایشگاه تسکین,,laboratory,laboratory,True,False,35.6768227,51.3598137,683,airport_buffer|government_political,True
آزمایشگاه تشخیص طبی دکتر فرحتاج,,laboratory,laboratory,True,False,35.5837517,51.4525452,684,,False
آزمایشگاه پاتوبیولوژی یاس,,laboratory,laboratory,True,False,35.6742744,51.3431625,685,airport_buffer|government_political,True
آزمایشگاه شمیران نو,,laboratory,laboratory,True,False,35.748909,51.5023346,686,,False
آزمایشگاه احسان,,laboratory,laboratory,True,False,35.7384338,51.558136,687,,False
آزمایشگاه بهرینگ,,laboratory,laboratory,True,False,35.7570915,51.4006958,688,government_political,True
آزمایشگاه الیا,,laboratory,laboratory,True,False,35.7601395,51.4425507,689,,False
آزمایشگاه ظفر,,laboratory,laboratory,True,False,35.7653323,51.4434054,690,,False
رادیولوژی تات,,laboratory,laboratory,True,False,35.7388362,51.5314233,691,,False
آزمایشگاه یزدان,,laboratory,laboratory,True,False,35.7243576,51.4378357,692,airport_buffer,True
آزمایشگاه نیکنام,,laboratory,laboratory,True,False,35.6429367,51.4207954,693,government_political,True
آزمایشگاه سینا,,laboratory,laboratory,True,False,35.6731474,51.2668707,694,airport_buffer,True
آزمایشگاه ابن سینا,,laboratory,laboratory,True,False,35.7237015,51.442646,695,airport_buffer|government_political,True
آزمایشگاه تشخیص پزشکی دکتر آقامحمدی,,laboratory,laboratory,True,False,35.6347359,51.3502237,696,,False
آزمایشگاه شهران,,laboratory,laboratory,True,False,35.7580396,51.2899768,697,,False
آزمایشگاه دیبا,,laboratory,laboratory,True,False,35.7707253,51.3042412,698,,False
آزمایشگاه دکتر امامی,,laboratory,laboratory,True,False,35.6367811,51.411036,699,,False
آزمایشگاه تخت جمشید,,laboratory,laboratory,True,False,35.7100067,51.4303398,700,airport_buffer|government_political,True
آزمایشگاه برنارد,,laboratory,laboratory,True,False,35.7248878,51.4187355,701,,False
آزمایشگاه امیر کبیر,,laboratory,laboratory,True,False,35.6616637,51.3437566,702,airport_buffer,True
آزمایشگاه پاسکال,,laboratory,laboratory,True,False,35.7005184,51.3904161,703,government_political,True
آزمایشگاه کاوش,,laboratory,laboratory,True,False,35.763382,51.2905006,704,government_political,True
آزمایشگاه جلوه,,laboratory,laboratory,True,False,35.7349281,51.4997025,705,,False
آزمایشگاه دکتر تقوی,,laboratory,laboratory,True,False,35.7415009,51.533287,706,,False
آزمایشگاه لاوازیه,,laboratory,laboratory,True,False,35.736248,51.4888077,707,airport_buffer,True
آزمایشگاه دکتر حبیبی,,laboratory,laboratory,True,False,35.6973495,51.4154472,708,,False
آزمایشگاه لوتوس,,laboratory,laboratory,True,False,35.7345734,51.3553772,709,,False
آزمایشگاه داورپناه,,laboratory,laboratory,True,False,35.7029533,51.4130936,710,,False
آزمایشگاه دکتر سبزپوشان,,laboratory,laboratory,True,False,35.7227097,51.3319206,711,airport_buffer,True
آزمایشگاه بیمارستان رسالت,,laboratory,laboratory,True,False,35.7421875,51.4489136,712,,False
آزمایشگاه پزشکی ری,,laboratory,laboratory,True,False,35.596097,51.4392883,713,,False
آزمایشگاه دکتر عمادی,,laboratory,laboratory,True,False,35.6488647,51.3425827,714,government_political,True
آزمایشگاه پاتوبیولوژی و تشخیص پزشکی بهار,,laboratory,laboratory,True,False,35.7163734,51.389782,715,government_political,True
آزمایشگاه شهباز,,laboratory,laboratory,True,False,35.6712608,51.4461823,716,airport_buffer,True
آزمایشگاه جشنواره,,laboratory,laboratory,True,False,35.7346649,51.5353622,717,,False
آزمایشگاه دکتر علوی,,laboratory,laboratory,True,False,35.6748962,51.3363876,718,airport_buffer,True
آزمایشگاه بیمارستان شهریار,,laboratory,laboratory,True,False,35.6992264,51.3667107,719,airport_buffer,True
آزمایشگاه فارابی,,laboratory,laboratory,True,False,35.7656441,51.4426422,720,,False
آزمایشگاه لامارک,,laboratory,laboratory,True,False,35.7275124,51.4070663,721,,False
آزمایشگاه کیمیا,,laboratory,laboratory,True,False,35.6701164,51.3793488,722,,False
آزمایشگاه ویلسون,,laboratory,laboratory,True,False,35.6601143,51.4310837,723,,False
آزمایشگاه کوروش,,laboratory,laboratory,True,False,35.8063052,51.430051,724,,False
آزمایشگاه مبنا,,laboratory,laboratory,True,False,35.7361641,51.4058952,725,government_political,True
آزمایشگاه تشخیص طبی دکتر خطایی,,laboratory,laboratory,True,False,35.713398,51.4600716,726,airport_buffer,True
آزمایشگاه تشخیص پزشکی پارس,,laboratory,laboratory,True,False,35.6919518,51.3494072,727,airport_buffer,True
آزمایشگاه زکریا,,laboratory,laboratory,True,False,35.7322578,51.3105049,728,airport_buffer,True
آزمایشگاه موسسه غرب,,laboratory,laboratory,True,False,35.76091,51.4002342,729,,False
آزمایشگاه گلستان,,laboratory,laboratory,True,False,35.7700844,51.4598694,730,government_political,True
آزمایشگاه پاتوبیولوژی شرق,,laboratory,laboratory,True,False,35.7161865,51.4907074,731,airport_buffer,True
آزمایشگاه تشخیص پزشکی بهمن,,laboratory,laboratory,True,False,35.6582565,51.3575478,732,airport_buffer,True
آزمایشگاه صبا,,laboratory,laboratory,True,False,35.7105255,51.436348,733,airport_buffer|government_political,True
آزمایشگاه مهناز,,laboratory,laboratory,True,False,35.7323036,51.4324951,734,,False
آزمایشگاه ستارخان,,laboratory,laboratory,True,False,35.7184906,51.3638649,735,,False
آزمایشگاه آلبرت,,laboratory,laboratory,True,False,35.6907365,51.4613728,736,airport_buffer|government_political,True
کلینیک سلامت ملل متحد,clinic,clinic,clinic,True,False,35.8043752,51.4567557,737,,False
آزمایشگاه ولی عصر,,laboratory,laboratory,True,False,35.6417618,51.3387337,738,,False
آزمایشگاه پاتوبیولوژی خزانه,,laboratory,laboratory,True,False,35.6353836,51.4215279,739,,False
آزمایشگاه دکتر عزیزپور,,laboratory,laboratory,True,False,35.6655693,51.4476128,740,,False
آزمایشگاه مریم,,laboratory,laboratory,True,False,35.7689781,51.3783722,741,,False
کلینیک زیبایی هستیا,clinic,clinic,clinic,True,False,35.7971755,51.446072,742,,False
کلینیک الهام,clinic,clinic,clinic,True,False,35.7782516,51.3598442,743,government_political,True
آزمایشگاه پاس,,laboratory,laboratory,True,False,35.7224818,51.4510102,744,airport_buffer,True
آزمایشگاه بیمارستان ساسان,,laboratory,laboratory,True,False,35.7109413,51.4032326,745,government_political,True
آزمایشگاه تهرانسر,,laboratory,laboratory,True,False,35.6966553,51.2543716,746,airport_buffer|government_political,True
آزمایشگاه اقدسیه,,laboratory,laboratory,True,False,35.8007278,51.4828148,747,government_political,True
آزمایشگاه مشیریه,,laboratory,laboratory,True,False,35.6249046,51.4896088,748,government_political,True
آزمایشگاه دکتر جلالی,,laboratory,laboratory,True,False,35.730175,51.3790703,749,,False
آزمایشگاه شهرآرا,,laboratory,laboratory,True,False,35.7224388,51.3722115,750,,False
آزمایشگاه پاتوبیولوژی دی,,laboratory,laboratory,True,False,35.6370468,51.4020844,751,,False
آزمایشگاه تشخیص طبی ملاصدرا,,laboratory,laboratory,True,False,35.7163696,51.4657669,752,airport_buffer,True
آزمایشگاه بیمارستان جم,,laboratory,laboratory,True,False,35.7227821,51.4230309,753,,False
آزمایشگاه سازمان انتقال خون,,laboratory,laboratory,True,False,35.7483864,51.375206,754,,False
آزمایشگاه پرژن,,laboratory,laboratory,True,False,35.7440147,51.3281364,755,,False
آزمایشگاه فرمند,,laboratory,laboratory,True,False,35.778038,51.3604012,756,government_political,True
آزمایشگاه توانا,,laboratory,laboratory,True,False,35.7740479,51.3771744,757,government_political,True
آزمایشگاه پاتوبیولوژی دکتر تیموری,,laboratory,laboratory,True,False,35.7479324,51.2478676,758,airport_buffer,True
آزمایشگاه دکتر پورلشگری,,laboratory,laboratory,True,False,35.7617569,51.4456139,759,government_political,True
آزمایشگاه اروند,,laboratory,laboratory,True,False,35.7179527,51.3891487,760,government_political,True
آزمایشگاه لیانا,,laboratory,laboratory,True,False,35.7576218,51.4394341,761,government_political,True
آزمایشگاه اکسین,,laboratory,laboratory,True,False,35.7107773,51.2761803,762,airport_buffer,True
آزمایشگاه دولت,,laboratory,laboratory,True,False,35.7749138,51.4637718,763,,False
آزمایشگاه سپیدار,,laboratory,laboratory,True,False,35.7015915,51.3621979,764,airport_buffer,True
آزمایشگاه نگین اختیاریه,,laboratory,laboratory,True,False,35.7882309,51.4670029,765,,False
آزمایشگاه صدرا,,laboratory,laboratory,True,False,35.7778713,51.3356956,766,government_political,True
آزمایشگاه رسالت,,laboratory,laboratory,True,False,35.7383385,51.4771347,767,,False
آزمایشگاه امین,,laboratory,laboratory,True,False,35.6772614,51.3728104,768,airport_buffer,True
آزمایشگاه پاتوبیولوژی صادقیه,,laboratory,laboratory,True,False,35.7214203,51.3410416,769,airport_buffer,True
آزمایشگاه سحر,,laboratory,laboratory,True,False,35.7300224,51.495636,770,airport_buffer,True
آزمایشگاه سبحان,,laboratory,laboratory,True,False,35.7003899,51.4899216,771,airport_buffer,True
آزمایشگاه پاتوبیولوژی ادیب,,laboratory,laboratory,True,False,35.6927071,51.4855042,772,airport_buffer,True
آزمایشگاه قانون,,laboratory,laboratory,True,False,35.736702,51.3195343,773,,False
آزمایشگاه گرگان,,laboratory,laboratory,True,False,35.716732,51.455101,774,airport_buffer,True
آزمایشگاه آریا,,laboratory,laboratory,True,False,35.752594,51.5310555,775,,False
آزمایشگاه پاتوبیولوژی همت,,laboratory,laboratory,True,False,35.7483101,51.478199,776,,False
آزمایشگاه کیهان,,laboratory,laboratory,True,False,35.712326,51.3671875,777,,False
آزمایشگاه سپهر,,laboratory,laboratory,True,False,35.6604156,51.4477997,778,government_political,True
آزمایشگاه خادم,,laboratory,laboratory,True,False,35.7972794,51.4100609,779,,False
آزمایشگاه آریاشهر,,laboratory,laboratory,True,False,35.7257118,51.3358192,780,airport_buffer,True
آزمایشگاه نگرش,,laboratory,laboratory,True,False,35.7002182,51.2546883,781,airport_buffer|government_political,True
آزمایشگاه پاد,,laboratory,laboratory,True,False,35.7607498,51.3357353,782,government_political,True
آزمایشگاه پاتوبیولوژی شفق طب آزما,,laboratory,laboratory,True,False,35.63694,51.4056206,783,,False
آزمایشگاه بازرگانان,,laboratory,laboratory,True,False,35.6520042,51.3405037,784,,False
آزمایشگاه نوبنیاد,,laboratory,laboratory,True,False,35.7912903,51.4772034,785,government_political,True
آزمایشگاه پامچال,,laboratory,laboratory,True,False,35.6229401,51.4853363,786,government_political,True
آزمایشگاه نگین ونک,,laboratory,laboratory,True,False,35.7592735,51.4112701,787,government_political,True
آزمایشگاه مرزداران,,laboratory,laboratory,True,False,35.7341003,51.3595505,788,government_political,True
آزمایشگاه دکتر نیکوکار,,laboratory,laboratory,True,False,35.7680511,51.3268242,789,,False
آزمایشگاه دقیق,,laboratory,laboratory,True,False,35.6225967,51.4867516,790,government_political,True
آزمایشگاه پاتوبیولوژی هما,,laboratory,laboratory,True,False,35.7599411,51.3247299,791,,False
آزمایشگاه نمونه,,laboratory,laboratory,True,False,35.6527176,51.3114281,792,airport_buffer|government_political,True
آزمایشگاه نور دانش,,laboratory,laboratory,True,False,35.7458954,51.2630157,793,airport_buffer|government_political,True
آزمایشگاه پاتوبیولوژی حکیمیه,,laboratory,laboratory,True,False,35.7398071,51.5958672,794,government_political,True
آزمایشگاه تشخیص طبی و آسیب شناسی مهرگان,,laboratory,laboratory,True,False,35.7341843,51.3527145,795,government_political,True
آزمایشگاه سعید,,laboratory,laboratory,True,False,35.7618675,51.4542923,796,government_political,True
آزمایشگاه تشخیص طبی نیک,,laboratory,laboratory,True,False,35.7553711,51.4768562,797,,False
آزمایشگاه فرجام,,laboratory,laboratory,True,False,35.7365532,51.5165291,798,,False
آزمایشگاه پاتوبیولوژی دکتر زیدی,,laboratory,laboratory,True,False,35.7786789,51.4785538,799,government_political,True
آزمایشگاه ژنتیک پزشکی دکتر اکبری,,laboratory,laboratory,True,False,35.7063179,51.4246826,800,,False
آزمایشگاه تشخیص طبی معین,,laboratory,laboratory,True,False,35.6886711,51.3460388,801,airport_buffer,True
آزمایشگاه تشخیص پزشکی پویش,,laboratory,laboratory,True,False,35.7099075,51.4739456,802,airport_buffer,True
آزمایشگاه تشخیص پزشکی آروین,,laboratory,laboratory,True,False,35.7092628,51.3158875,803,airport_buffer,True
آزمایشگاه کاج,,laboratory,laboratory,True,False,35.7845993,51.3734703,804,government_political,True
آزمایشگاه شفق,,laboratory,laboratory,True,False,35.725605,51.435585,805,,False
آزمایشگاه افق,,laboratory,laboratory,True,False,35.7382317,51.5064163,806,,False
آزمایشگاه نعمت آباد,,laboratory,laboratory,True,False,35.6283188,51.3558121,807,,False
آزمایشگاه نبرد,,laboratory,laboratory,True,False,35.6880913,51.47892,808,airport_buffer|government_political,True
آزمایشگاه تحقیق,,laboratory,laboratory,True,False,35.6934357,51.2520256,809,airport_buffer,True
آزمایشگاه هدف,,laboratory,laboratory,True,False,35.7267841,51.3768334,810,,False
آزمایشگاه قیطریه,,laboratory,laboratory,True,False,35.7989006,51.4408913,811,government_political,True
آزمایشگاه فردوس,,laboratory,laboratory,True,False,35.7259903,51.3069992,812,airport_buffer,True
آزمایشگاه اردیبهشت,,laboratory,laboratory,True,False,35.7320175,51.5208931,813,government_political,True
آزمایشگاه دولت آباد,,laboratory,laboratory,True,False,35.6182747,51.4489594,814,,False
آزمایشگاه تشخیص طبی بهرامی نژاد,,laboratory,laboratory,True,False,35.7306252,51.178688,815,critical_infrastructure,True
آزمایشگاه نیایش,,laboratory,laboratory,True,False,35.7154236,51.5040245,816,airport_buffer,True
آزمایشگاه ارسطو,,laboratory,laboratory,True,False,35.6666069,51.4597092,817,airport_buffer,True
آزمایشگاه پیوند,,laboratory,laboratory,True,False,35.766243,51.4302483,818,government_political,True
آزمایشگاه جوانه,,laboratory,laboratory,True,False,35.6377335,51.3563538,819,,False
آزمایشگاه تشخیص طبی دکتر قنبری,,laboratory,laboratory,True,False,35.6788826,51.3598518,820,airport_buffer,True
آزمایشگاه بینا,,laboratory,laboratory,True,False,35.6891785,51.3566628,821,airport_buffer,True
آزمایشگاه حاذق,,laboratory,laboratory,True,False,35.7185783,51.4638672,822,airport_buffer|government_political,True
آزمایشگاه شایان,,laboratory,laboratory,True,False,35.7439117,51.3035851,823,,False
آزمایشگاه نیما,,laboratory,laboratory,True,False,35.6911545,51.4709587,824,airport_buffer,True
آزمایشگاه پارامیس,,laboratory,laboratory,True,False,35.753685,51.3663788,825,,False
آزمایشگاه پاتوبیولوژی فروردین,,laboratory,laboratory,True,False,35.6868668,51.3672218,826,airport_buffer|government_political,True
آزمایشگاه دکتر محمدی جوبنی,,laboratory,laboratory,True,False,35.632534,51.4175987,827,,False
آزمایشگاه امگا,,laboratory,laboratory,True,False,35.7565689,51.3943939,828,,False
آزمایشگاه جردن,,laboratory,laboratory,True,False,35.761261,51.4196243,829,,False
آزمایشگاه ایثار,,laboratory,laboratory,True,False,35.7865753,51.3506737,830,,False
آزمایشگاه شاهین,,laboratory,laboratory,True,False,35.6605835,51.3034325,831,airport_buffer,True
آزمایشگاه شاهنگیان,,laboratory,laboratory,True,False,35.7186089,51.504097,832,airport_buffer|government_political,True
آزمایشگاه به آزما نوین,,laboratory,laboratory,True,False,35.7679462,51.4419858,833,government_political,True
آزمایشگاه پاتوبیولوژی مادر,,laboratory,laboratory,True,False,35.7371407,51.3763123,834,,False
آزمایشگاه پاتوبیولوژی ملت,,laboratory,laboratory,True,False,35.7315979,51.1890755,835,,False
آزمایشگاه آرژانتین,,laboratory,laboratory,True,False,35.7396584,51.4151573,836,,False
آزمایشگاه باران,,laboratory,laboratory,True,False,35.7596817,51.4361343,837,government_political,True
آزمایشگاه بصیر,,laboratory,laboratory,True,False,35.7084351,51.4974747,838,airport_buffer,True
آزمایشگاه پیروزی,,laboratory,laboratory,True,False,35.6901436,51.4603004,839,airport_buffer|government_political,True
آزمایشگاه سلام,,laboratory,laboratory,True,False,35.71101,51.377388,840,,False
آزمایشگاه آفاق,,laboratory,laboratory,True,False,35.7212753,51.3358841,841,airport_buffer|government_political,True
آزمایشگاه پارسیا,,laboratory,laboratory,True,False,35.6491127,51.3922997,842,,False
آزمایشگاه افشار,,laboratory,laboratory,True,False,35.7368965,51.5556488,843,,False
آزمایشگاه پاتریس,,laboratory,laboratory,True,False,35.7125435,51.3719177,844,,False
آزمایشگاه کیانشهر,,laboratory,laboratory,True,False,35.6355858,51.4456863,845,,False
آزمایشگاه ساحل,,laboratory,laboratory,True,False,35.7408714,51.5332756,846,,False
آزمایشگاه اکسیر,,laboratory,laboratory,True,False,35.729454,51.3260498,847,government_political,True
آزمایشگاه ایرانا,,laboratory,laboratory,True,False,35.760006,51.3301239,848,,False
آزمایشگاه داریوش,,laboratory,laboratory,True,False,35.731739,51.4667473,849,airport_buffer|government_political,True
آزمایشگاه برسا,,laboratory,laboratory,True,False,35.7600555,51.437088,850,government_political,True
آزمایشگاه محسن,,laboratory,laboratory,True,False,35.6814232,51.3851814,851,,False
آزمایشگاه آرمین,,laboratory,laboratory,True,False,35.7270864,51.4187089,852,government_political,True
آزمایشگاه آرام مهر,,laboratory,laboratory,True,False,35.7618027,51.4458199,853,government_political,True
آزمایشگاه صفا,,laboratory,laboratory,True,False,35.697216,51.4476929,854,airport_buffer,True
آزمایشگاه فیتاس,,laboratory,laboratory,True,False,35.708149,51.386158,855,,False
آزمایشگاه آرتا,,laboratory,laboratory,True,False,35.7132988,51.3859406,856,,False
آزمایشگاه پاتوبیولوژی و ژنتیک پزشکی تهران لب,,laboratory,laboratory,True,False,35.7342494,51.4104611,857,,False
آزمایشگاه مانی,,laboratory,laboratory,True,False,35.7205734,51.4667244,858,airport_buffer,True
آزمایشگاه بهمن طب,,laboratory,laboratory,True,False,35.7562828,51.3955803,859,,False
آزمایشگاه تاو,,laboratory,laboratory,True,False,35.7705307,51.3723156,860,,False
آزمایشگاه پاتوبیولوژی و ژنتیک مدیکال,,laboratory,laboratory,True,False,35.701683,51.4457855,861,airport_buffer,True
آزمایشگاه جاوید,,laboratory,laboratory,True,False,35.6818962,51.3963013,862,,False
آزمایشگاه سما,,laboratory,laboratory,True,False,35.7220268,51.3366623,863,airport_buffer|government_political,True
آزمایشگاه هادی,,laboratory,laboratory,True,False,35.6916084,51.4439888,864,airport_buffer|government_political,True
آزمایشگاه ارس,,laboratory,laboratory,True,False,35.797348,51.4334602,865,government_political,True
آزمایشگاه تجریش,,laboratory,laboratory,True,False,35.8062286,51.4257469,866,,False
آزمایشگاه ژن لند,,laboratory,laboratory,True,False,35.7066003,51.4259671,867,government_political,True
آزمایشگاه پاتوبیولوژی هستی,,laboratory,laboratory,True,False,35.6911888,51.4721451,868,airport_buffer,True
پژوهشگاه ملی مهندسی ژنتیک و زیست فن آوری و ژنتیک پزشکی,,laboratory,laboratory,True,False,35.7126045,51.3829536,869,,False
آزمایشگاه بهین,,laboratory,laboratory,True,False,35.6350784,51.4916878,870,,False
آزمایشگاه پند,,laboratory,laboratory,True,False,35.7432289,51.5318222,871,,False
آزمایشگاه مدرن,,laboratory,laboratory,True,False,35.7247238,51.4189796,872,government_political,True
آزمایشگاه فرین,,laboratory,laboratory,True,False,35.7977791,51.4563637,873,,False
آزمایشگاه طلوع,,laboratory,laboratory,True,False,35.6924324,51.4821625,874,airport_buffer|government_political,True
آزمایشگاه حافظ,,laboratory,laboratory,True,False,35.6677003,51.3824708,875,,False
آزمایشگاه تشخیص پزشکی تهران طب,,laboratory,laboratory,True,False,35.7621994,51.3039398,876,government_political,True
آزمایشگاه فر دانش,,laboratory,laboratory,True,False,35.6525078,51.4929085,877,,False
آزمایشگاه رایت,,laboratory,laboratory,True,False,35.6792755,51.4014091,878,,False
آزمایشگاه برنا,,laboratory,laboratory,True,False,35.7766342,51.4865417,879,,False
آزمایشگاه یکتا,,laboratory,laboratory,True,False,35.7070541,51.3835526,880,,False
آزمایشگاه پزشکی آنالیز,,laboratory,laboratory,True,False,35.75951,51.3125687,881,,False
آزمایشگاه امید بهشت,,laboratory,laboratory,True,False,35.7432938,51.5631409,882,,False
آزمایشگاه قائم مقام,,laboratory,laboratory,True,False,35.7233582,51.4199409,883,government_political,True
آزمایشگاه جام جم,,laboratory,laboratory,True,False,35.7449608,51.4113426,884,,False
آزمایشگاه مهر ایران,,laboratory,laboratory,True,False,35.7391167,51.4435387,885,government_political,True
آزمایشگاه حکیم,,laboratory,laboratory,True,False,35.7445946,51.2352219,886,airport_buffer,True
آزمایشگاه نانو,,laboratory,laboratory,True,False,35.7356148,51.4872894,887,airport_buffer,True
آزمایشگاه تشخیص طبی روشان,,laboratory,laboratory,True,False,35.7395668,51.3039703,888,,False
آزمایشگاه شیلا,,laboratory,laboratory,True,False,35.7688522,51.4762993,889,,False
آزمایشگاه ابوذر,,laboratory,laboratory,True,False,35.6873436,51.4912567,890,airport_buffer,True
آزمایشگاه وایت,,laboratory,laboratory,True,False,35.6974144,51.3714638,891,airport_buffer,True
آزمایشگاه مدیا,,laboratory,laboratory,True,False,35.7241211,51.3281593,892,airport_buffer|government_political,True
آزمایشگاه پرگن,,laboratory,laboratory,True,False,35.7177582,51.3409805,893,airport_buffer,True
آزمایشگاه تشخیص طبی سامان,,laboratory,laboratory,True,False,35.7691231,51.4762611,894,,False
آزمایشگاه میارناژن,,laboratory,laboratory,True,False,35.7449074,51.4114342,895,,False
آزمایشگاه بهبود,,laboratory,laboratory,True,False,35.729105,51.4268645,896,government_political,True
آزمایشگاه رصد,,laboratory,laboratory,True,False,35.7369461,51.4895859,897,airport_buffer,True
آزمایشگاه پارت,,laboratory,laboratory,True,False,35.7196002,51.3887632,898,government_political,True
آزمایشگاه نیوان,,laboratory,laboratory,True,False,35.8001404,51.4902077,899,,False
آزمایشگاه بوستان,,laboratory,laboratory,True,False,35.7517281,51.5473366,900,government_political,True
آزمایشگاه پالادیوم,,laboratory,laboratory,True,False,35.7691543,51.3545859,901,,False
آزمایشگاه اکرم,,laboratory,laboratory,True,False,35.6603546,51.3769608,902,,False
آزمایشگاه برتر,,laboratory,laboratory,True,False,35.6139641,51.4921608,903,,False
آزمایشگاه زیباشهر,,laboratory,laboratory,True,False,35.7386627,51.3050613,904,government_political,True
آزمایشگاه مهستان,,laboratory,laboratory,True,False,35.7588414,51.4102441,905,government_political,True
آزمایشگاه پاتوبیولوژی حجت,,laboratory,laboratory,True,False,35.7205811,51.3537216,906,airport_buffer,True
آزمایشگاه نویان,,laboratory,laboratory,True,False,35.723053,51.3182068,907,airport_buffer,True
آزمایشگاه مهسا,,laboratory,laboratory,True,False,35.636692,51.4102516,908,,False
آزمایشگاه میثم,,laboratory,laboratory,True,False,35.7652283,51.2885056,909,government_political,True
آزمایشگاه سروین,,laboratory,laboratory,True,False,35.7416267,51.5329742,910,,False
آزمایشگاه رایان,,laboratory,laboratory,True,False,35.7580109,51.5314941,911,,False
آزمایشگاه ویروس شناسی خاورمیانه,,laboratory,laboratory,True,False,35.7101974,51.4181137,912,,False
آزمایشگاه اتابک,,laboratory,laboratory,True,False,35.7464333,51.2369003,913,airport_buffer,True
آزمایشگاه تشخیص پزشکی سیمرغ,,laboratory,laboratory,True,False,35.7056002,51.3895575,914,,False
آزمایشگاه پاتوبیولوژی نصرت,,laboratory,laboratory,True,False,35.7063522,51.3648453,915,airport_buffer,True
آزمایشگاه صاحبقرانیه,,laboratory,laboratory,True,False,35.7991486,51.4739342,916,government_political,True
آزمایشگاه وصال,,laboratory,laboratory,True,False,35.765377,51.3549347,917,government_political,True
آزمایشگاه بیمارستان مهراد,,laboratory,laboratory,True,False,35.7265816,51.4263496,918,government_political,True
آزمایشگاه ژینر,,laboratory,laboratory,True,False,35.6847687,51.4832077,919,airport_buffer,True
آزمایشگاه ممتاز,,laboratory,laboratory,True,False,35.6899033,51.4455185,920,airport_buffer,True
آزمایشگاه بیمارستان آزادی,,laboratory,laboratory,True,False,35.6968155,51.3572693,921,airport_buffer,True
آزمایشگاه پاتوبیولوژی وحیدیه,,laboratory,laboratory,True,False,35.7151718,51.4739609,922,airport_buffer,True
آزمایشگاه نگین,,laboratory,laboratory,True,False,35.7710648,51.3747845,923,,False
آزمایشگاه دکتر زینلی,,laboratory,laboratory,True,False,35.7218538,51.4105661,924,,False
آزمایشگاه پاتوبیولوژی زعفرانیه,,laboratory,laboratory,True,False,35.8033447,51.4203796,925,government_political,True
آزمایشگاه طبیب,,laboratory,laboratory,True,False,35.6854897,51.4468422,926,airport_buffer,True
آزمایشگاه پاتوبیولوژی و ژنتیک پزشکی میلاد,,laboratory,laboratory,True,False,35.7310181,51.5289612,927,,False
آزمایشگاه پاتوبیولوژی دریان نو,,laboratory,laboratory,True,False,35.7126579,51.3584518,928,airport_buffer,True
آزمایشگاه پاتوبیولوژی برهان,,laboratory,laboratory,True,False,35.6954918,51.3774567,929,government_political,True
آزمایشگاه لشگرک,,laboratory,laboratory,True,False,35.7992706,51.501358,930,government_political,True
آزمایشگاه کاوشگر تیسفون,,laboratory,laboratory,True,False,35.6287613,51.4980659,931,,False
آزمایشگاه پل رومی,,laboratory,laboratory,True,False,35.7947464,51.4349442,932,government_political,True
آزمایشگاه پاتوبیولوژی سعادت آباد,,laboratory,laboratory,True,False,35.7716904,51.3582191,933,,False
آزمایشگاه مهدیه,,laboratory,laboratory,True,False,35.7170868,51.3970604,934,government_political,True
آزمایشگاه تشخیص طبی آفتاب,,laboratory,laboratory,True,False,35.7067032,51.3161736,935,airport_buffer|government_political,True
آزمایشگاه پرتولب,,laboratory,laboratory,True,False,35.7581291,51.4060249,936,government_political,True
آزمایشگاه مایسا,,laboratory,laboratory,True,False,35.7736816,51.3775902,937,government_political,True
آزمایشگاه دکتر عبدی,,laboratory,laboratory,True,False,35.6643524,51.3243904,938,airport_buffer,True
آزمایشگاه کیفیت,,laboratory,laboratory,True,False,35.674427,51.2668266,939,airport_buffer|government_political,True
آزمایشگاه مهرآباد,,laboratory,laboratory,True,False,35.6727333,51.3362808,940,airport_buffer,True
آزمایشگاه دکتر جعفری,,laboratory,laboratory,True,False,35.6469345,51.3370972,941,,False
آزمایشگاه پویان,,laboratory,laboratory,True,False,35.7035866,51.3175125,942,airport_buffer,True
آزمایشگاه وردآورد,,laboratory,laboratory,True,False,35.7392448,51.1355314,943,,False
آزمایشگاه تشخیص طبی و ژنتیک انستیتو پاستور,,laboratory,laboratory,True,False,35.692173,51.3957291,944,,False
آزمایشگاه لفلر,,laboratory,laboratory,True,False,35.6769981,51.4084892,945,,False
آزمایشگاه نوید,,laboratory,laboratory,True,False,35.6919518,51.3699799,946,airport_buffer,True
آزمایشگاه سانترال,,laboratory,laboratory,True,False,35.6582565,51.375473,947,,False
آزمایشگاه قصر,,laboratory,laboratory,True,False,35.6852875,51.3708344,948,airport_buffer,True
استروبوسکوپی ابن سینا,clinic,clinic,clinic,True,False,35.7221391,51.3330993,949,airport_buffer,True
کلینیک نگین آتریسا,clinic,,clinic,True,False,35.7544162,51.3334411,950,,False
آزمایشگاه مندل,,laboratory,laboratory,True,False,35.7472545,51.4109743,951,,False
آزمایشگاه جهان,,laboratory,laboratory,True,False,35.7291374,51.3990211,952,,False
آزمایشگاه فروردین نوین,,laboratory,laboratory,True,False,35.708271,51.3837929,953,,False
آزمایشگاه روناش,,laboratory,laboratory,True,False,35.7083269,51.3837437,954,,False
آزمایشگاه پاتوبیولوژی پیشرو,,laboratory,laboratory,True,False,35.7085429,51.3750255,955,government_political,True
آزمایشگاه نامدار,,laboratory,laboratory,True,False,35.7235451,51.4015732,956,,False
آزمایشگاه پاتوبیولوژی سام,,laboratory,laboratory,True,False,35.735733,51.3773117,957,,False
آزمایشگاه شافی,,laboratory,laboratory,True,False,35.7221336,51.3604622,958,,False
آزمایشگاه ظریفی,,laboratory,laboratory,True,False,35.7708359,51.365345,959,,False
آزمایشگاه  دکتر مهدوی,,laboratory,laboratory,True,False,35.7245789,51.3272133,960,airport_buffer|government_political,True
آزمایشگاه بزرگمهر,,laboratory,laboratory,True,False,35.7529182,51.2198639,961,airport_buffer,True
آزمایشگاه مبنای دانش,,laboratory,laboratory,True,False,35.7943192,51.5330734,962,government_political,True
آزمایشگاه سپند,,laboratory,laboratory,True,False,35.8020401,51.4786377,963,,False
آزمایشگاه نیکو,,laboratory,laboratory,True,False,35.7676964,51.4582977,964,government_political,True
آزمایشگاه لقمان,,laboratory,laboratory,True,False,35.7354355,51.495266,965,airport_buffer|government_political,True
آزمایشگاه نگاه,,laboratory,laboratory,True,False,35.7521858,51.4473953,966,,False
آزمایشگاه آتبین,,laboratory,laboratory,True,False,35.7240791,51.4118423,967,,False
آزمایشگاه بهداد,,laboratory,laboratory,True,False,35.7262497,51.4191132,968,government_political,True
آزمایشگاه روشن آزما,,laboratory,laboratory,True,False,35.7377205,51.4152031,969,,False
آزمایشگاه سنا,,laboratory,laboratory,True,False,35.7457123,51.4047928,970,,False
آزمایشگاه سبلان,,laboratory,laboratory,True,False,35.7257347,51.4594269,971,airport_buffer|government_political,True
آزمایشگاه درمانگاه خورشید,,laboratory,laboratory,True,False,35.7444308,51.4605293,972,,False
آزمایشگاه سبز آزما,,laboratory,laboratory,True,False,35.7272339,51.5159798,973,government_political,True
آزمایشگاه کاوه,,laboratory,laboratory,True,False,35.7800636,51.4492302,974,,False
آزمایشگاه نماد,,laboratory,laboratory,True,False,35.7134255,51.4850403,975,airport_buffer|government_political,True
آزمایشگاه رها,,laboratory,laboratory,True,False,35.7406998,51.5326996,976,,False
آزمایشگاه بهار شرق,,laboratory,laboratory,True,False,35.7417221,51.5463638,977,,False
آزمایشگاه فضل,,laboratory,laboratory,True,False,35.7355461,51.526638,978,,False
آزمایشگاه نگار,,laboratory,laboratory,True,False,35.7702675,51.4401207,979,,False
آزمایشگاه روشا,,laboratory,laboratory,True,False,35.7916145,51.487793,980,,False
آزمایشگاه رسا,,laboratory,laboratory,True,False,35.7571678,51.4482346,981,government_political,True
آزمایشگاه دلتا,,laboratory,laboratory,True,False,35.8108177,51.4688301,982,,False
آزمایشگاه خانی آباد,,laboratory,laboratory,True,False,35.6258278,51.3916664,983,,False
آزمایشگاه دارآباد,,laboratory,laboratory,True,False,35.8182106,51.4918823,984,,False
آزمایشگاه امین شرق,,laboratory,laboratory,True,False,35.6998253,51.4929314,985,airport_buffer,True
آزمایشگاه الزهرا,,laboratory,laboratory,True,False,35.641964,51.4210968,986,government_political,True
آزمایشگاه صوفیا,,laboratory,laboratory,True,False,35.7759323,51.4171486,987,,False
آزمایشگاه صفاییه,,laboratory,laboratory,True,False,35.6095461,51.4464999,988,,False
آزمایشگاه آرتین,,laboratory,laboratory,True,False,35.7991805,51.440974,989,government_political,True
ام.آر.آی ولیعصر,clinic,,clinic,True,False,35.7843651,51.4405189,990,,False
آزمایشگاه حسان,,laboratory,laboratory,True,False,35.6593323,51.3772964,991,government_political,True
آزمایشگاه مرجع بهداشت,,laboratory,laboratory,True,False,35.6814156,51.4118614,992,,False
دکتر رشادی,doctors,,doctors,True,False,35.7615195,51.329615,993,government_political,True
کلینیک فردوس,clinic,clinic,clinic,True,False,35.7278547,51.3018093,994,airport_buffer|government_political,True
درمانگاه شبانه روزی دکتر اطمینان,clinic,clinic,clinic,True,False,35.638652,51.4108551,995,,False
آزمایشگاه پاتوبیولوژی پارس طب,,laboratory,laboratory,True,False,35.7569542,51.4118164,996,government_political,True
ساختمان پزشکان ستارخان,clinic,clinic,clinic,True,False,35.7134643,51.3684735,997,,False
دکتر محمد صادق عالم رجبی,doctors,doctor,doctors,True,False,35.7802465,51.3354667,998,,False
کلینیک دندانپزشکی شادمان,clinic,clinic,clinic,True,False,35.7006613,51.3654209,999,airport_buffer|government_political,True
دکتر بابک محی ، جراح بینی گوشتی و بینی استخوانی,doctors,doctor,doctors,True,False,35.7728751,51.3786006,1000,government_political,True
مطب دکتر حمید علمی راد,doctors,doctor,doctors,True,False,35.7585343,51.4104505,1001,government_political,True
دکتر عاطفه فرامرزی,doctors,doctor,doctors,True,False,35.8012584,51.4598896,1002,,False
آزمایشگاه جانان,,laboratory,laboratory,True,False,35.6763103,51.3290585,1003,airport_buffer|government_political,True
دندانپزشکی  dencare,clinic,clinic,clinic,True,False,35.790461,51.4186763,1004,government_political,True
کلینیک تخصصی پوست و مو وی‌وان,clinic,clinic,clinic,True,False,35.760718,51.4448132,1005,government_political,True
مرکز سلامت جامع شهری بعثت,clinic,clinic,clinic,True,False,35.6492914,51.4299076,1006,,False
آزمایشگاه ظفر آریا,,laboratory,laboratory,True,False,35.7682953,51.4176483,1007,,False
مطب دکتر تکتم کیاماری,doctors,doctor,doctors,True,False,35.7440522,51.5342515,1008,,False
آزمایشگاه کاخال,,laboratory,laboratory,True,False,35.780117,51.4605026,1009,,False
دکتر قاسم اسحاقی,doctors,doctor,doctors,True,False,35.7559971,51.4108728,1010,,False
مجتمع پزشکی صدر,doctors,,doctors,True,False,35.7864287,51.4476054,1011,,False
دکتر نازنین علوی,clinic,clinic,clinic,True,False,35.7734565,51.3800705,1012,,False
کلینیک حنجره دکتر احمدی,doctors,doctor,doctors,True,False,35.7173821,51.3637635,1013,,False
اورژانس اجتماعي تهران شميرانات,hospital,hospital,hospital,True,True,35.7632471,51.4070116,1014,,False
کلینیک روانشناسی روان آرام,clinic,clinic,clinic,True,False,35.7601621,51.4003867,1015,,False
مرکز پوست و زیبایی دکتر شمسی,clinic,clinic,clinic,True,False,35.7648828,51.3570292,1016,government_political,True
مرکز مشاوره روانشناسی دکتر علیرضا چیره نژاد,clinic,,clinic,True,False,35.64736,51.4713845,1017,,False
کلینیک دندانپزشکی لبخند مشکوه,clinic,clinic,clinic,True,False,35.7298087,51.3426693,1018,,False
کلینیک آفا,clinic,,clinic,True,False,35.7713677,51.376164,1019,,False
آزمایشگاه یوسف آباد,,laboratory,laboratory,True,False,35.7433685,51.4052546,1020,government_political,True
دکتر عباس کبیری ابیانه,clinic,clinic,clinic,True,False,35.7462594,51.2860578,1021,government_political,True
دکتر اسماعیل ایدنی فوق تخصص بیماری های ریه,doctors,doctor,doctors,True,False,35.7544086,51.4114237,1022,government_political,True
کلینیک ارتوپدی طب نادر,clinic,clinic,clinic,True,False,35.7707022,51.3744368,1023,,False
کلنیک نسخه,clinic,,clinic,True,False,35.7567496,51.3959809,1024,,False
کلینیک فیزیوتراپی آرکا,clinic,physiotherapist,clinic,True,False,35.789427,51.37461,1025,,False
دکتر سید حسن مهاجرانی,clinic,clinic,clinic,True,False,35.7597925,51.4354988,1026,government_political,True
کلینیک زیبایی فلورا,clinic,clinic,clinic,True,False,35.7680269,51.3315467,1027,,False
آزمایشگاه چک آپ,,laboratory,laboratory,True,False,35.7270727,51.3349944,1028,government_political,True
مطب خانم دکتر سمیه حجازی نیا,doctors,doctor,doctors,True,False,35.7664604,51.4413127,1029,,False
آزمایشگاه دکتر حفیظی,,laboratory,laboratory,True,False,35.7820039,51.3775046,1030,government_political,True
آزمایشگاه فروزنده شاملو,,laboratory,laboratory,True,False,35.7710953,51.3669662,1031,,False
مطب دکتر نرگس سروش,doctors,,doctors,True,False,35.7810588,51.3703886,1032,,False
مطب زیبایی دکتر اسفندیارجلیل زاده,doctors,doctor,doctors,True,False,35.7866128,51.4241838,1033,,False
درمانگاه تخصصی داخلی ظفرآریا,clinic,clinic,clinic,True,False,35.7683265,51.4177611,1034,,False
دکتر محمدجواد نخعی,doctors,doctor,doctors,True,False,35.8036274,51.4205427,1035,government_political,True
نگار سنتر;مجموعه صنعتی آذرپترو,clinic,clinic,clinic,True,False,35.7826323,51.3753217,1036,,False
ساختمان یاس دکتر بنفشه شاه نظری,doctors,,doctors,True,False,35.7407171,51.4103535,1037,,False
کلینیک باربد,doctors,doctor,doctors,True,False,35.7998358,51.4493942,1038,,False
مطب دکتر نفیسه جوادی,doctors,doctor,doctors,True,False,35.7801187,51.4498545,1039,,False
ساختمان پزشکان رامیار,doctors,,doctors,True,False,35.7238322,51.3086347,1040,airport_buffer,True
کلینیک زیبایی دکتر صلح جو,clinic,clinic,clinic,True,False,35.6372836,51.4109449,1041,,False
آزمایشگاه پاتوبیولوژی آسا,,laboratory,laboratory,True,False,35.7213812,51.3890529,1042,,False
کلنیک آلرژی و ایمونولوژی خورشید,clinic,clinic,clinic,True,False,35.7444305,51.4605811,1043,,False
دکتر حمیدرضا حسنانی,doctors,doctor,doctors,True,False,35.7587292,51.4114374,1044,government_political,True
دکتر شیرین شمس,doctors,doctor,doctors,True,False,35.7587554,51.4115783,1045,government_political,True
کلینیک زیبایی سوین,,clinic,clinic,True,False,35.7809391,51.3529271,1046,,False
انجمن جراحان پستان ایران,doctors,doctor,doctors,True,False,35.8069887,51.4320322,1047,,False
دکتر پریسا عظیمی نژادان,doctors,doctor,doctors,True,False,35.7542358,51.4111184,1048,government_political,True
دکتر مهدی اوصیا,doctors,doctor,doctors,True,False,35.8078085,51.4055771,1049,,False
دکتر شاهرخ خوش سیرت,doctors,doctor,doctors,True,False,35.7592725,51.4115024,1050,,False
دکتر نسرین راستا,doctors,doctor,doctors,True,False,35.7716943,51.3781206,1051,,False
دکتر هلن جوانمرد,doctors,doctor,doctors,True,False,35.7725671,51.3585453,1052,,False
دکتر اعظم السادات مهدوی,doctors,doctor,doctors,True,False,35.8031408,51.4206714,1053,government_political,True
دکتر صالح محبی,doctors,doctor,doctors,True,False,35.7819368,51.376293,1054,government_political,True
دکتر محسن اسدی,doctors,doctor,doctors,True,False,35.7830113,51.4475791,1055,,False
دکتر صنم ساسان,doctors,doctor,doctors,True,False,35.8081538,51.4292349,1056,government_political,True
دکتر سیده معصومه قاضی میرسعید,doctors,doctor,doctors,True,False,35.7566191,51.3961023,1057,,False
دکتر اشکان خواجو,doctors,doctor,doctors,True,False,35.7780726,51.3594365,1058,government_political,True
دکتر معصومه صابریان,doctors,doctor,doctors,True,False,35.7859395,51.4225029,1059,,False
دکتر افسانه ثنایی,doctors,doctor,doctors,True,False,35.7602727,51.4153001,1060,,False
دکتر حمیدرضا فتحی,doctors,doctor,doctors,True,False,35.7626777,51.41985,1061,,False
دکتر رضا شیروانی بختیاری,doctors,doctor,doctors,True,False,35.77716,51.4243664,1062,,False
دکتر شاهین جمیلی,doctors,doctor,doctors,True,False,35.7540411,51.4060117,1063,,False
دکتر مهرنوش امیری سیاوشانی,doctors,doctor,doctors,True,False,35.7989635,51.473168,1064,,False
دکتر پژمان سرشارزاده,doctors,doctor,doctors,True,False,35.7488803,51.4095208,1065,,False
دکتر آرمین فرساد,doctors,doctor,doctors,True,False,35.7437661,51.4047307,1066,government_political,True
دکتر امیر سعید صادقی,doctors,doctor,doctors,True,False,35.7759503,51.3766156,1067,,False
دکتر محمدرضا ترحمی,doctors,doctor,doctors,True,False,35.7757547,51.366164,1068,,False
دکتر سروش کانی,doctors,doctor,doctors,True,False,35.8000411,51.4114491,1069,,False
دکتر فتانه ضیایی,doctors,doctor,doctors,True,False,35.775578,51.3641563,1070,,False
دکتر نوید توفیقی راد,doctors,doctor,doctors,True,False,35.8048044,51.4025868,1071,,False
کلینیک آلرژی صبا,doctors,clinic,doctors,True,False,35.7164312,51.3897176,1072,government_political,True
دکتر مهدی آریانا,doctors,doctor,doctors,True,False,35.7811867,51.3707093,1073,,False
دکتر سمیه زمانی نیا,doctors,doctor,doctors,True,False,35.7393243,51.3132098,1074,government_political,True
مرکز سونوگرافی و رادیولوژی تخصصی طنین,doctors,doctor,doctors,True,False,35.778402,51.3617001,1075,government_political,True
دکتر پریسا اشتر نخعی,doctors,doctor,doctors,True,False,35.7631656,51.4439405,1076,,False
دکتر بهزاد فرخی,doctors,doctor,doctors,True,False,35.7600716,51.4085952,1077,,False
کلینیک نیلفروش‌زاده,clinic,clinic,clinic,True,False,35.7613516,51.418546,1078,,False
دکتر لیلا تدین,doctors,doctor,doctors,True,False,35.7549242,51.4767471,1079,,False
کلینیک کاردرمانی و گفتاردرمانی حامی,clinic,clinic,clinic,True,False,35.7623864,51.4621274,1080,,False
دکتر سعید ظفرمند,doctors,doctor,doctors,True,False,35.7249898,51.3829194,1081,,False
دکتر پرویز محمدی,clinic,clinic,clinic,True,False,35.711643,51.3843124,1082,,False
کلینیک زیبایی آنا,clinic,clinic,clinic,True,False,35.7616514,51.3360319,1083,,False
دکتر پرویز محمدی,hospital,hospital,hospital,True,True,35.7658532,51.3806161,1084,,False
دکتر مریم تراب پرهیز,doctors,doctor,doctors,True,False,35.7468376,51.4130691,1085,,False
دکتر لیلا سلطانی,doctors,doctor,doctors,True,False,35.7382973,51.3267518,1086,,False
دکتر الهه ثناگو,doctors,doctor,doctors,True,False,35.7538591,51.4780755,1087,,False
دکتر مهدی مقتدایی,doctors,doctor,doctors,True,False,35.7558955,51.4109566,1088,,False
دکتر داریوش نادری,doctors,doctor,doctors,True,False,35.7685819,51.4610076,1089,government_political,True
دکتر شاهین بهجو,doctors,doctor,doctors,True,False,35.7776437,51.358396,1090,,False
دکتر علیرضا فروتن,doctors,doctor,doctors,True,False,35.7588771,51.4128496,1091,,False
دکتر مهران زمان زاده,doctors,doctor,doctors,True,False,35.7459405,51.4113934,1092,,False
دکتر رفیع پرنیا,doctors,doctor,doctors,True,False,35.7627594,51.4193014,1093,,False
دکتر علی منافی,doctors,doctor,doctors,True,False,35.7587255,51.409909,1094,government_political,True
دکتر آرش آذری پور,doctors,doctor,doctors,True,False,35.8035878,51.4204557,1095,government_political,True
دکتر سید علی بصام,doctors,doctor,doctors,True,False,35.7592997,51.4110565,1096,government_political,True
دکتر مصطفی خدایاری,doctors,doctor,doctors,True,False,35.6922492,51.4869797,1097,airport_buffer,True
دکتر ناصر مهربان,doctors,doctor,doctors,True,False,35.7800469,51.4496672,1098,,False
دکتر سوسن میرزامحمدی,doctors,doctor,doctors,True,False,35.7217569,51.336028,1099,airport_buffer|government_political,True
دکتر میترا بهمن پور,doctors,doctor,doctors,True,False,35.8108974,51.4043194,1100,,False
دکتر وحید دارابی,doctors,doctor,doctors,True,False,35.7678228,51.4582727,1101,government_political,True
گروه روانشناسی و روانپزشکی مهربد,doctors,doctor,doctors,True,False,35.7982584,51.4141001,1102,,False
دکتر میترا معنوی,doctors,doctor,doctors,True,False,35.7610526,51.4457987,1103,government_political,True
دکتر شهرام سیدی,doctors,doctor,doctors,True,False,35.7831112,51.4362614,1104,government_political,True
منصور ابوالقاسمیان,doctors,doctor,doctors,True,False,35.7614728,51.4106453,1105,,False
دکتر بابک ثابتی,doctors,doctor,doctors,True,False,35.7432578,51.404244,1106,government_political,True
دکتر مسعود راستکاری,doctors,doctor,doctors,True,False,35.7627898,51.4550092,1107,government_political,True
دکتر شراره صفاپور,doctors,doctor,doctors,True,False,35.7715447,51.4610196,1108,,False
دکتر مرجان ثابتی,doctors,doctor,doctors,True,False,35.7379178,51.3055587,1109,airport_buffer|government_political,True
دکتر کامران جزایری,doctors,doctor,doctors,True,False,35.7866474,51.424108,1110,,False
دکتر کامران جزایری,doctors,doctor,doctors,True,False,35.7866365,51.4240839,1111,,False
کلینیک روانشناسی روانمهر,clinic,clinic,clinic,True,False,35.7821579,51.4260719,1112,,False
دکتر مریم چمنی,doctors,doctor,doctors,True,False,35.7346505,51.3278635,1113,,False
دکتر علی تارات,doctors,doctor,doctors,True,False,35.7771252,51.4133569,1114,government_political,True
دکتر علیرضا بخشایی کیا,doctors,doctor,doctors,True,False,35.8102489,51.4111424,1115,,False
دکتر سوزان پیروان,doctors,doctor,doctors,True,False,35.7579013,51.4130831,1116,government_political,True
دکتر رکسانا عباسی,doctors,doctor,doctors,True,False,35.7632306,51.4123936,1117,government_political,True
دکتر ساره حیدری,doctors,doctor,doctors,True,False,35.7757292,51.3764657,1118,,False
دکتر پوپک یحیوی,doctors,doctor,doctors,True,False,35.7232268,51.4240973,1119,,False
ناهید نفیسی,doctors,doctor,doctors,True,False,35.7735522,51.4623683,1120,,False
دکتر زهرا خلج,doctors,doctor,doctors,True,False,35.7733822,51.3801145,1121,,False
دکتر ربابه غیبی,doctors,doctor,doctors,True,False,35.770611,51.3955606,1122,,False
دکتر حامد بصیرزاده,doctors,doctor,doctors,True,False,35.724615,51.4086941,1123,,False
دکتر ندا حاجیها,doctors,doctor,doctors,True,False,35.7644886,51.419173,1124,government_political,True
دکتر مسعود پورشاهی,clinic,clinic,clinic,True,False,35.7866914,51.4241058,1125,,False
دکتر محمدرضا آریانی,doctors,doctor,doctors,True,False,35.7232316,51.4233418,1126,,False
دکتر سوره علاف اکبری,doctors,doctor,doctors,True,False,35.7321811,51.3787267,1127,,False
دکتر حبیب رشادی,doctors,doctor,doctors,True,False,35.7673341,51.3305729,1128,,False
دکتر طاهره نوروززاده,clinic,clinic,clinic,True,False,35.771109,51.3835583,1129,,False
دکتر مریم حبیبی زاده,doctors,doctor,doctors,True,False,35.7477528,51.4118787,1130,government_political,True
دکتر مهشیدکریمی,doctors,doctor,doctors,True,False,35.7246561,51.4189506,1131,government_political,True
دکتر اکرم مهدی زاده شاهی,doctors,doctor,doctors,True,False,35.724024,51.3294148,1132,airport_buffer|government_political,True
دکتر شهریار حدادی,doctors,doctor,doctors,True,False,35.7592176,51.4110081,1133,government_political,True
دکتر محمدرضا آخوندی نسب,doctors,doctor,doctors,True,False,35.7764255,51.420328,1134,,False
دکتر غلامرضا بیاضیان,doctors,doctor,doctors,True,False,35.7606471,51.4118577,1135,,False
دکتر سید مهدی جلالی,doctors,doctor,doctors,True,False,35.7618124,51.4445563,1136,government_political,True
دکتر بابک ساعدی,doctors,doctor,doctors,True,False,35.7614619,51.445035,1137,government_political,True
دکتر منصور هادیلو,doctors,doctor,doctors,True,False,35.7595602,51.442469,1138,,False
مرکز ناباروری بهاران,doctors,doctor,doctors,True,False,35.7303368,51.4091053,1139,,False
مرکز مشاوره ژنتیک دکتر مریم اسلامی,doctors,doctor,doctors,True,False,35.800815,51.4837628,1140,government_political,True
دکتر سعید انصاری,doctors,doctor,doctors,True,False,35.7986177,51.4137938,1141,,False
دکتر علیرضا قربانی شریف,doctors,doctor,doctors,True,False,35.7475431,51.4106622,1142,,False
دکتر محمدرضا مقیمی,doctors,doctor,doctors,True,False,35.5921617,51.4361202,1143,,False
دکتر زهرا امام,doctors,doctor,doctors,True,False,35.771784,51.357839,1144,,False
دکتر آرمان انقطاع,doctors,doctor,doctors,True,False,35.7610267,51.4456997,1145,government_political,True
دکتر شهناز شایان فر,doctors,doctor,doctors,True,False,35.7436538,51.4047923,1146,government_political,True
دکتر سیمین وحیدی,doctors,doctor,doctors,True,False,35.7217906,51.3340751,1147,airport_buffer,True
دکتر سامان ستوده نیا,doctors,doctor,doctors,True,False,35.7470975,51.4112074,1148,,False
دکتر سارا لطفی,doctors,doctor,doctors,True,False,35.7664664,51.4566574,1149,,False
دکتر حامد رجایی,doctors,doctor,doctors,True,False,35.7551608,51.4122045,1150,government_political,True
دکتر بابک نیکومرام,doctors,doctor,doctors,True,False,35.7592226,51.411481,1151,,False
دکتر حسین ختمی,doctors,doctor,doctors,True,False,35.7608855,51.4335744,1152,government_political,True
دکتر حمیده آقایی,doctors,doctor,doctors,True,False,35.7222882,51.3324414,1153,airport_buffer,True
دکتر فریده کردلو,doctors,doctor,doctors,True,False,35.7421152,51.4491838,1154,,False
مطب دکتر علیرضا ابیانه,doctors,doctor,doctors,True,False,35.7041949,51.3736163,1155,government_political,True
دکتر سارا بهروان,doctors,doctor,doctors,True,False,35.7618166,51.4453277,1156,government_political,True
دکتر آرش میرمحمد صادقی,doctors,doctor,doctors,True,False,35.7570996,51.4485859,1157,,False
دکتر نگار حدادی,doctors,doctor,doctors,True,False,35.7402977,51.5320752,1158,,False
دکتر رزیتا جعفری,doctors,doctor,doctors,True,False,35.7988856,51.473317,1159,,False
دکتر علیرضا جباری,doctors,doctor,doctors,True,False,35.7685429,51.4588389,1160,government_political,True
دکتر علیرضا جباری,doctors,doctor,doctors,True,False,35.7982512,51.4140695,1161,,False
دکتر آزاده مکری,doctors,doctor,doctors,True,False,35.7713909,51.3671611,1162,,False
دکتر فرشته جلالپور,doctors,doctor,doctors,True,False,35.7688223,51.4765296,1163,,False
دکتر یاسمین افسری,doctors,doctor,doctors,True,False,35.7665564,51.4430946,1164,,False
دکتر کاوه قرنی زاده,doctors,doctor,doctors,True,False,35.7972686,51.4079153,1165,,False
دکتر احمد طاهری,doctors,doctor,doctors,True,False,35.7824664,51.3801728,1166,,False
دکتر نسرین زارع پور,doctors,doctor,doctors,True,False,35.7550341,51.3039382,1167,government_political,True
دکتر ندا هادی,doctors,doctor,doctors,True,False,35.7419752,51.448051,1168,,False
دکتر زهرا پرتو,doctors,doctor,doctors,True,False,35.7678779,51.3378103,1169,,False
دکتر بهناز عطار شاکری,doctors,doctor,doctors,True,False,35.7565681,51.3946728,1170,,False
دکتر داوود نجفی توانا,doctors,doctor,doctors,True,False,35.7637134,51.4440995,1171,,False
سونوگرافی سروش,doctors,doctor,doctors,True,False,35.725515,51.3081317,1172,airport_buffer,True
دکتر حمیدرضا مکارچیان,doctors,doctor,doctors,True,False,35.7391369,51.4122815,1173,government_political,True
دکتر آزیتا مولازاده,doctors,doctor,doctors,True,False,35.720889,51.3356423,1174,airport_buffer|government_political,True
دکتر محمد جواد مرتضوی,doctors,doctor,doctors,True,False,35.761526,51.4440614,1175,government_political,True
دکتر سید حسین میرشفیعی,doctors,doctor,doctors,True,False,35.7175462,51.4635065,1176,airport_buffer|government_political,True
مطب پوست و مو دکتر امیر سلیمانی,doctors,doctor,doctors,True,False,35.7589602,51.413653,1177,,False
دکتر داریوش محمدی,doctors,doctor,doctors,True,False,35.7594327,51.3031274,1178,,False
دکتر مسعود میرکاظمی,doctors,doctor,doctors,True,False,35.7787422,51.3640972,1179,government_political,True
دکتر لیلا صدقی,doctors,doctor,doctors,True,False,35.7723909,51.358644,1180,,False
دکتر الهه لطفی,doctors,doctor,doctors,True,False,35.7235733,51.4042378,1181,government_political,True
دکتر مجید محمودی مظفر,doctors,doctor,doctors,True,False,35.7713203,51.3679853,1182,,False
دکتر مرتضی جعفری,doctors,doctor,doctors,True,False,35.7664259,51.4414315,1183,,False
دکتر بیتا زلالی,doctors,doctor,doctors,True,False,35.7757116,51.4644084,1184,,False
دکتر محمدرضا مقدم نیا,doctors,doctor,doctors,True,False,35.7545253,51.4158207,1185,,False
دکتر کیانا کیا,doctors,doctor,doctors,True,False,35.7561611,51.3929074,1186,,False
دکتر پریسا مولایی,doctors,doctor,doctors,True,False,35.708344,51.3159835,1187,airport_buffer,True
دکتر ندا مهرعلیزاده,doctors,doctor,doctors,True,False,35.7662022,51.4376618,1188,,False
دکتر مریم کرمعلی,doctors,doctor,doctors,True,False,35.7459221,51.4113817,1189,,False
دکتر خلیل میرزامحمدی,doctors,doctor,doctors,True,False,35.7680103,51.4418877,1190,government_political,True
مرکز مشاوره پندار نیک,clinic,clinic,clinic,True,False,35.7323771,51.3341988,1191,government_political,True
دکتر نگین حدادی,doctors,doctor,doctors,True,False,35.7548048,51.3311013,1192,,False
دکتر جهانگیر قربانی,doctors,doctor,doctors,True,False,35.8025187,51.4573823,1193,,False
دکتر احمد دانشی,doctors,doctor,doctors,True,False,35.737584,51.4149122,1194,,False
دکتر حمید ارونقی,doctors,doctor,doctors,True,False,35.7204177,51.3578702,1195,,False
دکتر اعظم السادات موسوی,doctors,doctor,doctors,True,False,35.7263822,51.4179982,1196,government_political,True
دکتر زهرا ستوده,doctors,doctor,doctors,True,False,35.6192958,51.4558229,1197,,False
دکتر ابراهیم شهسواری,doctors,doctor,doctors,True,False,35.7584509,51.4118716,1198,,False
دکتر بهاره مرادیان,doctors,doctor,doctors,True,False,35.8007389,51.4158216,1199,government_political,True
دکتر سامان خرمی نژاد,doctors,doctor,doctors,True,False,35.7934275,51.4516051,1200,,False
دکتر علی الستی,doctors,doctor,doctors,True,False,35.7008282,51.3810056,1201,,False
دکتر علی فرجی,doctors,doctor,doctors,True,False,35.7806898,51.4614351,1202,,False
آزمایشگاه پارسه,,laboratory,laboratory,True,False,35.7197085,51.3359306,1203,airport_buffer|government_political,True
دکتر فاطمه چراغی,doctors,doctor,doctors,True,False,35.7826851,51.3739939,1204,,False
دکتر آزاده مهدیان,doctors,doctor,doctors,True,False,35.5913508,51.4415225,1205,government_political,True
دکتر هما پرند,doctors,doctor,doctors,True,False,35.7623936,51.445599,1206,government_political,True
کلینیک هسته ای سارا,clinic,clinic,clinic,True,False,35.7236986,51.4140598,1207,,False
دکتر فرزاد پاکدل,doctors,doctor,doctors,True,False,35.7575386,51.4131087,1208,government_political,True
دکتر شراره صدری نائینی,doctors,doctor,doctors,True,False,35.7632627,51.3367166,1209,,False
دکتر سپیده فاضلی,doctors,doctor,doctors,True,False,35.7814904,51.3719073,1210,,False
دکتر مریم شریفی,doctors,doctor,doctors,True,False,35.7806168,51.4633767,1211,government_political,True
دکتر ماندانا اکبری,doctors,doctor,doctors,True,False,35.7680328,51.4602014,1212,government_political,True
نادره شایگان,doctors,doctor,doctors,True,False,35.7403204,51.4655086,1213,,False
نادره شایگان,doctors,doctor,doctors,True,False,35.7222305,51.3368551,1214,airport_buffer|government_political,True
دکتر اکرم پناهی,doctors,doctor,doctors,True,False,35.7630277,51.4452912,1215,government_political,True
دکتر مائده یوسفی,doctors,doctor,doctors,True,False,35.7223746,51.3326385,1216,airport_buffer,True
دکتر کریم پیسوده,doctors,doctor,doctors,True,False,35.7594985,51.4100151,1217,government_political,True
دکتر سعیده شاه علی,doctors,doctor,doctors,True,False,35.7999771,51.4904124,1218,,False
دکتر یوسف کریمی,doctors,doctor,doctors,True,False,35.6918905,51.4811949,1219,airport_buffer|government_political,True
دکتر علی طاهری نیا,doctors,doctor,doctors,True,False,35.7341877,51.3528424,1220,government_political,True
دکتر خسرو حق شناس,doctors,doctor,doctors,True,False,35.7112433,51.4026729,1221,,False
مرکز تشخیص و درمان سرطان ایران,doctors,doctor,doctors,True,False,35.7566491,51.4125626,1222,government_political,True
دکتر صالح گرگری,doctors,,doctors,True,False,35.7615843,51.4442707,1223,government_political,True
دکتر بهنام نصیری,doctors,doctor,doctors,True,False,35.7587412,51.4140374,1224,,False
دکتر فرزانه درویش زاده,doctors,doctor,doctors,True,False,35.7662628,51.4423158,1225,,False
دکتر فاطمه سیدی,doctors,doctor,doctors,True,False,35.740743,51.5348018,1226,,False
دکتر ویدا ناجی,doctors,doctor,doctors,True,False,35.7177284,51.4195633,1227,,False
دکتر اعظم صلاتی,doctors,doctor,doctors,True,False,35.7077455,51.3874122,1228,,False
کلینیک فیزیوتراپی هدف,doctors,doctor,doctors,True,False,35.7543222,51.3963033,1229,,False
دکتر فرشید اربابی - متخصص رادیوتراپی و انکولوژی,doctors,doctor,doctors,True,False,35.7251852,51.4259559,1230,government_political,True
دکتر فاطمه سمامی,doctors,doctor,doctors,True,False,35.7991495,51.4410107,1231,government_political,True
دکتر ابوالفضل رحیمی,doctors,doctor,doctors,True,False,35.7537254,51.4104586,1232,,False
دکتر لیلا آذرنوش,doctors,doctor,doctors,True,False,35.7806718,51.4615691,1233,,False
دکتر جاوید ظفری,doctors,doctor,doctors,True,False,35.7995779,51.4110744,1234,,False
دکتر ناصر مهاجرانی,doctors,doctor,doctors,True,False,35.7412907,51.409701,1235,,False
دکتر امیر مصدق,doctors,doctor,doctors,True,False,35.775779,51.4639724,1236,,False
دکتر هادی سرمست,doctors,doctor,doctors,True,False,35.7686216,51.4587535,1237,government_political,True
دکتر امیر مصدق,doctors,doctor,doctors,True,False,35.7657629,51.4352474,1238,,False
دکتر مسعود صدرالدینی,doctors,doctor,doctors,True,False,35.7232449,51.4851451,1239,airport_buffer,True
دکتر علی نبی پور,doctors,doctor,doctors,True,False,35.7659915,51.4428546,1240,,False
آزمایشگاه آلما,,laboratory,laboratory,True,False,35.6393051,51.4109459,1241,,False
آزمایشگاه راسا,,laboratory,laboratory,True,False,35.7087479,51.498333,1242,airport_buffer,True
آزمایشگاه نوروژن,,laboratory,laboratory,True,False,35.7733688,51.3783569,1243,government_political,True
آزمایشگاه شما,,laboratory,laboratory,True,False,35.6553764,51.4909439,1244,,False
آزمایشگاه ویان,,laboratory,laboratory,True,False,35.734745,51.4330368,1245,,False
آزمایشگاه الماس,,laboratory,laboratory,True,False,35.6192741,51.4557953,1246,,False
دکتر ایمان روغنی,doctors,doctor,doctors,True,False,35.7605642,51.4104207,1247,,False
کلینیک میلانی,clinic,,clinic,True,False,35.7589142,51.412746,1248,,False
دکتر کامبیز ایزدپناه,doctors,doctor,doctors,True,False,35.7814446,51.3712655,1249,,False
کلینیک پوست و مو آوینا,clinic,clinic,clinic,True,False,35.7550231,51.4127231,1250,government_political,True
مرکز روان شناسی و مشاوره رضوان,clinic,psychotherapist,clinic,True,False,35.694583,51.3792013,1251,,False
طب کار پرانا,clinic,clinic,clinic,True,False,35.7261213,51.4190983,1252,,False
آزمایشگاه آرتمیس,,laboratory,laboratory,True,False,35.7688538,51.3278996,1253,,False
کلینیک زیبایی سو,clinic,clinic,clinic,True,False,35.7461678,51.4051181,1254,,False
آزمایشگاه پاتوبیولوژی الهام,,laboratory,laboratory,True,False,35.7265714,51.3232376,1255,,False
آزمایشگاه ارگ,,laboratory,laboratory,True,False,35.7237015,51.314888,1256,airport_buffer|government_political,True
کلینیک ژنتیک دکتر فرهود,clinic,clinic,clinic,True,False,35.7109826,51.4059716,1257,,False
دکتر فرشید آچاک,doctors,doctor,doctors,True,False,35.7111645,51.4043604,1258,government_political,True
مرکز لیزر و زیبایی مرجان,clinic,clinic,clinic,True,False,35.7098656,51.408103,1259,,False
دکتر صالحیان متخصص تغذیه ورزشی,doctors,,doctors,True,False,35.7803516,51.3805461,1260,,False
کلینیک دکتر رنگیانی,clinic,clinic,clinic,True,False,35.75675,51.3974779,1261,,False
unnamed,hospital,,hospital,True,True,35.7101595,51.3994599,1262,government_political,True
مطب دکتر شبنم رفیع زاده,doctors,doctor,doctors,True,False,35.7358327,51.3391006,1263,,False
کلینیک زیبایی نیلماه,clinic,clinic,clinic,True,False,35.6969587,51.4874297,1264,airport_buffer,True
دکتر زهراسادات سعادت مندی,doctors,doctor,doctors,True,False,35.7724332,51.4212334,1265,,False
کلینیک فیزیوتراپی آمیتیس,clinic,clinic,clinic,True,False,35.7503423,51.2478263,1266,airport_buffer,True
آزمایشگاه ویروس شناسی امیرآباد,,laboratory,laboratory,True,False,35.7212834,51.3896171,1267,,False
دکتر مهری مهراد,clinic,clinic,clinic,True,False,35.7989071,51.4142679,1268,,False
کلینیک دکتر بیگدلی,doctors,doctor,doctors,True,False,35.7991837,51.477873,1269,government_political,True
آزمایشگاه نگین پویا,,laboratory,laboratory,True,False,35.7441177,51.411026,1270,,False
آزمایشگاه دنیز,,laboratory,laboratory,True,False,35.7543831,51.2871666,1271,government_political,True
کلینیک زیبایی مهرآسا,clinic,clinic,clinic,True,False,35.7617625,51.4444532,1272,government_political,True
مرکز سرطان پستان جهاد دانشگاهی,clinic,,clinic,True,False,35.7574242,51.4117303,1273,government_political,True
Parshayan Co,,laboratory,laboratory,True,False,35.7721816,51.4223506,1274,,False
کلینیک روانشناسی راز رویش,clinic,,clinic,True,False,35.7801997,51.3727159,1275,government_political,True
کلینیک حس خوب زیبایی,clinic,clinic,clinic,True,False,35.7346844,51.4073888,1276,government_political,True
مرکز سلامت و زیبایی اپال ول بی,clinic,clinic,clinic,True,False,35.7769554,51.3512965,1277,,False
خدمات پرستاری ماهور,clinic,clinic,clinic,True,False,35.6569922,51.3523234,1278,airport_buffer,True
دکتر محمدجواد امیدمعظم,doctors,doctor,doctors,True,False,35.7970716,51.4461269,1279,,False
دکتر فرزاد پرویزیان,doctors,doctor,doctors,True,False,35.7681768,51.4131155,1280,,False
دکتر محمد سعید ساغری,clinic,clinic,clinic,True,False,35.7913118,51.41848,1281,government_political,True
درمانگاه ستاد کل,clinic,clinic,clinic,True,False,35.7356118,51.4532231,1282,military_security,True
مرکز فوق تخصصی چشم پزشکی بصیر,clinic,clinic,clinic,True,False,35.7115384,51.3843384,1283,,False
کلینیک اعجاز,clinic,physiotherapist,clinic,True,False,35.7068134,51.3048144,1284,airport_buffer,True
کلینیک زیبایی یوکا,clinic,clinic,clinic,True,False,35.7601324,51.3336497,1285,government_political,True
دکتر هومن هوشنگی جراح فک و صورت,clinic,clinic,clinic,True,False,35.8024406,51.4185426,1286,government_political,True
مطب دکتر ماندانا احمدی,doctors,doctor,doctors,True,False,35.7701819,51.4224168,1287,,False
رادیولوژی و سونوگرافی میرداماد غربی,doctors,doctor,doctors,True,False,35.7631355,51.4119607,1288,government_political,True
مرکز تخصصی روان شناسی و مشاوره خانواده امن,clinic,,clinic,True,False,35.7337611,51.4418158,1289,government_political,True
افق نو,clinic,clinic,clinic,True,False,35.784806,51.3733246,1290,government_political,True
آزمایشگاه پاتوبیولوژی و ژنتیک دکتر معین الدین صفوی,,laboratory,laboratory,True,False,35.7238954,51.4080976,1291,,False
بيمارستان دامپزشکی تخصصی پرندگان سانا,veterinary,hospital,veterinary,False,False,35.7272726,51.3096226,1292,airport_buffer,True
درمانگاه اصحاب الحسین,clinic,clinic,clinic,True,False,35.6700134,51.4026635,1293,,False
گروه مشاورین هانا,clinic,psychotherapist,clinic,True,False,35.7989167,51.4141866,1294,,False
دکتر فرهود گوراوانچی,doctors,doctor,doctors,True,False,35.7861368,51.4266754,1295,,False
دکتر مهدی فراهانی,doctors,doctor,doctors,True,False,35.7847765,51.3738232,1296,government_political,True
کلینیک دندانپزشکی  دکتر مونا کشکولی,clinic,clinic,clinic,True,False,35.8005574,51.4155656,1297,government_political,True
sheen center,doctors,doctor,doctors,True,False,35.7717054,51.3782523,1298,,False
unnamed,,laboratory,laboratory,True,False,35.7221664,51.3325694,1299,airport_buffer,True
درمانگاه شبانه‌روزی امیری,clinic,clinic,clinic,True,False,35.6717511,51.3581134,1300,airport_buffer|government_political,True
درمانگاه شبانه‌روزی سینوهه,clinic,clinic,clinic,True,False,35.6350148,51.3872677,1301,,False
مطب دکتر نیکجو,doctors,,doctors,True,False,35.7601968,51.4416307,1302,government_political,True
مطب دکتر لیلا پیرزاده,doctors,doctor,doctors,True,False,35.755892,51.410889,1303,,False
تهران بیوتی سنتر,clinic,clinic,clinic,True,False,35.7827941,51.3742153,1304,government_political,True
درمانگاه خیریه عمل,clinic,clinic,clinic,True,False,35.8096328,51.4088624,1305,government_political,True
کلینیک تخصصی لاغری پروانه کاظمی,clinic,clinic,clinic,True,False,35.7819952,51.376231,1306,government_political,True
کلینیک زیبائی دکتر احسان امامی,clinic,clinic,clinic,True,False,35.7528302,51.3636121,1307,government_political,True
دکتر سمیه احمدی متخصص قلب و عروق,doctors,doctor,doctors,True,False,35.7584201,51.4116781,1308,government_political,True
کلینیک روانشناسی روان رشد,,clinic,clinic,True,False,35.7269921,51.5290396,1309,,False
آزمایشگاه پاتوبیولوژی و ژنتیک غدیرخم (رهسا),,laboratory,laboratory,True,False,35.7570563,51.4577727,1310,,False
دکتر مرتضی ترابی متخصص طب سوزنی و طب سنتی,doctors,doctor,doctors,True,False,35.740648,51.4930341,1311,,False
مرکز تصویربرداری آرینا,doctors,doctor,doctors,True,False,35.7553542,51.4539599,1312,,False
دکتر محمدرضا مبینی,doctors,,doctors,True,False,35.7668594,51.4408059,1313,,False
دکتر مائده احمدی دستجردی,doctors,doctor,doctors,True,False,35.6922126,51.480909,1314,airport_buffer|government_political,True
دکتر هیوا امجدی,doctors,,doctors,True,False,35.7780565,51.3604302,1315,government_political,True
کلینیک زیبایی آکواریوم,clinic,clinic,clinic,True,False,35.7580449,51.4387292,1316,government_political,True
کلینیک پوست و مو و زیبایی آذین,clinic,,clinic,True,False,35.7420685,51.4108877,1317,,False
سالن تخصصی پوست و اسپا حوریان,clinic,clinic,clinic,True,False,35.6912829,51.4727164,1318,airport_buffer,True
مرکز لیزر رزت | Rozet clinic,clinic,clinic,clinic,True,False,35.7341584,51.354348,1319,,False
کلینیک پوست و زیبایی آرتین,clinic,clinic,clinic,True,False,35.7227458,51.4092399,1320,,False
مرکز تصویربرداری دیجیتال تهران,clinic,medical_imaging,clinic,True,False,35.6872814,51.367446,1321,airport_buffer|government_political,True
فیزیوتراپی ثمربخش,clinic,physiotherapist,clinic,True,False,35.6403631,51.4114426,1322,,False
کاوش نگین آزما,,laboratory,laboratory,True,False,35.7006561,51.3953435,1323,government_political,True
آزمایشگاه ژنتیک پزشکی ویرا,,laboratory,laboratory,True,False,35.7551111,51.4492658,1324,government_political,True
ارتوپدی فنی پیشرفت,doctors,doctor,doctors,True,False,35.7264638,51.4172405,1325,government_political,True
کلینیک زیبایی رویاس,clinic,clinic,clinic,True,False,35.7226727,51.3374334,1326,airport_buffer|government_political,True
چشم پزشکی خیریه امیرالمومنین,clinic,clinic,clinic,True,False,35.6521416,51.4413511,1327,,False
خانه و سلامت ارج شوش,clinic,clinic,clinic,True,False,35.6576604,51.4406105,1328,,False
کلینیک شهید هادی,clinic,clinic,clinic,True,False,35.6548148,51.4406421,1329,government_political,True
ارتوپدی فنی پایارایستا,doctors,doctor,doctors,True,False,35.7873005,51.441408,1330,,False
ساختمان پزشکان ۱۰۳۲,doctors,,doctors,True,False,35.6997239,51.3657559,1331,airport_buffer|government_political,True
موسسه رادیولوژی و سونوگرافی پرتوی مهر,doctors,doctor,doctors,True,False,35.7520729,51.4109814,1332,,False
راديولوژی دندان فک و صورت فردپرتو,doctors,doctor,doctors,True,False,35.7679853,51.4602033,1333,government_political,True
آزمایشگاه دنا,,laboratory,laboratory,True,False,35.750127,51.4110462,1334,,False
مطب دکتر علی صادقی,doctors,doctor,doctors,True,False,35.7341625,51.4137556,1335,,False
کلینیک دکتر فروغ (مرکز جامع طب فیزیکی و توانبخشی),clinic,clinic,clinic,True,False,35.7101117,51.3772662,1336,,False
کلینیک زیبایی آوابیوتی,doctors,doctor,doctors,True,False,35.7664406,51.4566011,1337,,False
مطب دکتر اعظم حسینی جراح و متخصص زنان،زایمان و نازایی,doctors,doctor,doctors,True,False,35.7845657,51.3737781,1338,government_political,True
دکتر کامیلا افتخاری,doctors,doctor,doctors,True,False,35.7780923,51.3604646,1339,government_political,True
موسسه رادیولوژی و سونوگرافی نیکو,doctors,doctor,doctors,True,False,35.7477354,51.4123163,1340,government_political,True
مطب دکتر ضابطی,doctors,,doctors,True,False,35.7664002,51.4306203,1341,government_political,True
مرکز درمان های بیومکانیکی (کایروپراکتیک) دکتر ناصر قلبی,doctors,doctor,doctors,True,False,35.7180697,51.3890633,1342,government_political,True
رادیولوژی و سونوگرافی اطلس,doctors,doctor,doctors,True,False,35.6187302,51.45579,1343,,False
کلینیک پوست، مو و زیبایی دکتر محسن رضایی,clinic,clinic,clinic,True,False,35.7343303,51.494814,1344,airport_buffer,True
آزمایشگاه بابک,,laboratory,laboratory,True,False,35.6812919,51.4495898,1345,airport_buffer,True
مطب دندانپزشکی دکتر طهوری,doctors,doctor,doctors,True,False,35.7579676,51.4062963,1346,government_political,True
دکتر علیرضا شفیعی,doctors,doctor,doctors,True,False,35.801378,51.459888,1347,,False
مرکز زیبایی فلور,clinic,clinic,clinic,True,False,35.8070789,51.4264203,1348,,False
دکتر یسری جهانگیری,doctors,doctor,doctors,True,False,35.7085026,51.3851077,1349,,False
سونوگرافی دکتر هدایی (مرکز تصویربرداری جردن),doctors,doctor,doctors,True,False,35.7681188,51.4196969,1350,,False
مرکز فوق تخصصی ستون فقرات آبادیس,doctors,doctor,doctors,True,False,35.7670695,51.4427921,1351,government_political,True
دکتر وحیدرضا حکمتی,doctors,doctor,doctors,True,False,35.759792,51.4586685,1352,,False
مطب زیبایی شاین,clinic,clinic,clinic,True,False,35.8059376,51.4247256,1353,,False
جراح و متخصص گوش حلق و بینی دکتر جابر قرشی,doctors,doctor,doctors,True,False,35.7469315,51.4495234,1354,,False
دکتر شهرزاد تهرانی جراح و متخصص زنان و زایمان و نازایی,doctors,doctor,doctors,True,False,35.7553101,51.3039797,1355,government_political,True
کلینیک ارتوپدی  دکتر کورش فاتح,clinic,clinic,clinic,True,False,35.7270876,51.3761822,1356,,False
ساختمان پزشكان رفعت جو,clinic,,clinic,True,False,35.7261632,51.3066968,1357,airport_buffer,True
دکتر نرگس مهرابی,doctors,doctor,doctors,True,False,35.5942772,51.4428656,1358,,False
مطب دکتر مصدق خواه,doctors,doctor,doctors,True,False,35.6923585,51.4813569,1359,airport_buffer|government_political,True
دکتر مسیح کاویان,doctors,doctor,doctors,True,False,35.8013908,51.4180439,1360,,False
مطب دکتر ملک خسروی,doctors,doctor,doctors,True,False,35.6725703,51.2660068,1361,airport_buffer,True
استروبوسکوپی تهران (عکسبرداری از حنجره),doctors,doctor,doctors,True,False,35.7782902,51.3611621,1362,government_political,True
استروبوسکوپی,doctors,doctor,doctors,True,False,35.7782113,51.3611865,1363,government_political,True
درمانگاه رضوان,clinic,clinic,clinic,True,False,35.6700989,51.3017566,1364,airport_buffer,True
درمانگاه شبانه روزی امام رضا,clinic,clinic,clinic,True,False,35.6702658,51.2991807,1365,airport_buffer,True
درمانگاههای بیمارستان محب یاس,clinic,clinic,clinic,True,False,35.7175558,51.4149793,1366,government_political,True
مطب پوست و مو و زیبایی آیدا,clinic,clinic,clinic,True,False,35.7341898,51.3572127,1367,,False
مجموعه پزشکی سروتونین,clinic,clinic,clinic,True,False,35.8095614,51.4288235,1368,government_political,True
مرکزتصویربرداری سونوگرافی رادیولوژی دکترتدین,doctors,doctor,doctors,True,False,35.7059505,51.4490343,1369,airport_buffer,True
دکتر بابک رجبلو / مطب دکتر لو,doctors,doctor,doctors,True,False,35.7670076,51.4253818,1370,,False
کلینیک زیبایی زیباچه,clinic,clinic,clinic,True,False,35.7598399,51.3300877,1371,,False
دکترعبدیزدانی,doctors,doctor,doctors,True,False,35.7973363,51.4109188,1372,,False
دکترسپیده اسدی,doctors,doctor,doctors,True,False,35.7973526,51.4109207,1373,,False
دکتر آنا آوامهر,doctors,doctor,doctors,True,False,35.8074144,51.4627997,1374,,False
انستیتو پوست مهسا مولایی (شماره ثبت 53416),clinic,clinic,clinic,True,False,35.7612784,51.4038224,1375,,False
دکتر شهاب آفرینگاه,clinic,clinic,clinic,True,False,35.8013572,51.4599285,1376,,False
مطب دکتر انارکی,doctors,,doctors,True,False,35.7691554,51.3625149,1377,,False
دکتر حبیب سهرابی (جراح زیبایی بینی),doctors,doctor,doctors,True,False,35.7601956,51.415476,1378,,False
کلینیک تخصصی پوست و مو هلیا,clinic,clinic,clinic,True,False,35.8049776,51.464736,1379,,False
مرکز خدمات بین الملل روانشناسی و لکنت زبان اسکیلا,clinic,clinic,clinic,True,False,35.7631062,51.4439642,1380,,False
دکتر کره ئی,clinic,clinic,clinic,True,False,35.7619733,51.4693948,1381,,False
مطب دکتر فاطمه نعمت اللهی,doctors,doctor,doctors,True,False,35.7246433,51.4355273,1382,,False
کلینیک مدینو,clinic,clinic,clinic,True,False,35.7042081,51.385012,1383,government_political,True
کلینیک باروری و درمان های پیشرفته ناباروری سارا,clinic,clinic,clinic,True,False,35.7056796,51.3900343,1384,,False
دکتر محمد علی آبادی زیبایی، پوست و مو,doctors,doctor,doctors,True,False,35.7273591,51.5187139,1385,government_political,True
مطب دكتر سعيد انوری,doctors,doctor,doctors,True,False,35.7636849,51.4435643,1386,,False
کلینیک سیب صورتی,doctors,doctor,doctors,True,False,35.7660991,51.4300296,1387,government_political,True
کلینیک مونالیزا,doctors,doctor,doctors,True,False,35.7662466,51.4300013,1388,government_political,True
مطب دکتر میعاد مهدوی,doctors,doctor,doctors,True,False,35.7776825,51.3360544,1389,government_political,True
Marjan Nuclear medicine center,,laboratory,laboratory,True,False,35.7095989,51.4038655,1390,government_political,True
دکتر سارا جعفری محمدی,doctors,doctor,doctors,True,False,35.7413937,51.4092315,1391,,False
دکتر علی امینی اعصاب وروان,doctors,doctor,doctors,True,False,35.8012923,51.4169613,1392,,False
مطب پوست و مو و لیزر تیارا,doctors,doctor,doctors,True,False,35.6641732,51.3259199,1393,airport_buffer,True
دکتر فاطمه زارعین متخصص اعصاب و روان,doctors,doctor,doctors,True,False,35.7714131,51.3554907,1394,,False
مرکز پزشکی مهرآوران,clinic,clinic,clinic,True,False,35.7063128,51.4552141,1395,airport_buffer,True
سونوگرافی مهر ایرانیان,clinic,,clinic,True,False,35.7206925,51.3528989,1396,airport_buffer,True
مطب دندانپزشکی دکتر فاطمه اسمی,doctors,doctor,doctors,True,False,35.8067236,51.4716759,1397,government_political,True
مطب دکتر زهرا ترشیزی,doctors,doctor,doctors,True,False,35.7681089,51.4119208,1398,,False
رادیولوژی و سونوگرافی سبز,doctors,doctor,doctors,True,False,35.6712552,51.336242,1399,airport_buffer,True
مطب دکتر احمد زمانیان,doctors,doctor,doctors,True,False,35.721373,51.3363729,1400,airport_buffer|government_political,True
درمانگاه خیریه صالح,clinic,,clinic,True,False,35.6804872,51.4162057,1401,government_political,True
مرکز سنجش تراکم استخوان ولیعصر,clinic,clinic,clinic,True,False,35.7155383,51.4073952,1402,government_political,True
Savagenome Genetic Clinic and Laboratory,,laboratory,laboratory,True,False,35.7456379,51.4121223,1403,,False
کلینیک سونریسا,clinic,clinic,clinic,True,False,35.7467077,51.2395681,1404,airport_buffer,True
مطب پوست و زیبایی دکتر حدیث مهرابی,clinic,clinic,clinic,True,False,35.7532391,51.5306493,1405,,False
درمانگاه شبانه‌روزی آیین شمس,clinic,,clinic,True,False,35.6813101,51.37138,1406,airport_buffer,True
دکتر نسرین کریمی - متخصص زنان و زایمان,doctors,doctor,doctors,True,False,35.7140913,51.4029742,1407,government_political,True
کلینیک پوست و مو و زیبایی نیکچهر,clinic,clinic,clinic,True,False,35.7299221,51.5032446,1408,airport_buffer,True
مرکز ماساژ و لاغری سما فیت,clinic,clinic,clinic,True,False,35.7946227,51.5001353,1409,government_political,True
کلینیک زیبایی ستایش,clinic,clinic,clinic,True,False,35.7630617,51.33772,1410,,False
دکتر سیف الدین زاهدی,doctors,,doctors,True,False,35.6572647,51.3680733,1411,,False
رادیولوژی دکتر یاسر صافی,doctors,doctor,doctors,True,False,35.7563958,51.3936348,1412,,False
دکتر عبدالله رسولی (پوست،مو،لیزر),clinic,clinic,clinic,True,False,35.7600813,51.3336701,1413,government_political,True
درمانگاه سجاد,clinic,,clinic,True,False,35.6172386,51.4942288,1414,,False
فیزیوتراپی جاوید,clinic,,clinic,True,False,35.6999575,51.3648015,1415,airport_buffer|government_political,True
مطب رز دکتر رضوان موسوی,clinic,clinic,clinic,True,False,35.6314194,51.3685068,1416,,False
کلینیک درد آزا سلامت,clinic,clinic,clinic,True,False,35.7703992,51.3626893,1417,,False
آزمایشگاه دنا,,laboratory,laboratory,True,False,35.750112,51.4110658,1418,,False
استروبوسکوپی تهران (عکسبرداری از حنجره),clinic,clinic,clinic,True,False,35.7782957,51.3611222,1419,government_political,True
مطب دندانپزشکی دکتر طهوری,doctors,doctor,doctors,True,False,35.7579955,51.4062573,1420,government_political,True
آزمایشگاه بابک,,laboratory,laboratory,True,False,35.6812918,51.4495766,1421,airport_buffer,True
مرکز فوق تخصصی ستون فقرات آبادیس,clinic,clinic,clinic,True,False,35.7670797,51.442762,1422,government_political,True
مدیکال استراتژیست,,laboratory,laboratory,True,False,35.7496641,51.3038012,1423,government_political,True
مطب دکتر بهزاد امیری,clinic,clinic,clinic,True,False,35.7056919,51.3894437,1424,,False
کلینیک دکتر فروغ (مرکز جامع طب فیزیکی و توانبخشی),clinic,clinic,clinic,True,False,35.7100623,51.377259,1425,,False
کلینیک زیبایی ملورا,clinic,clinic,clinic,True,False,35.8001922,51.4701995,1426,,False
مرکز پرستاری کیانمهر,clinic,clinic,clinic,True,False,35.7093113,51.3738276,1427,,False
دکتر علی قاسمیان ،متخصص اطفال,clinic,clinic,clinic,True,False,35.7315476,51.4836463,1428,airport_buffer,True
متخصص کودکان ، نوزادان,clinic,clinic,clinic,True,False,35.7315633,51.4835543,1429,airport_buffer,True
کلینیک مشاوره آنید,clinic,clinic,clinic,True,False,35.7717804,51.378205,1430,,False
دکتر پدرام اطمینانی,doctors,doctor,doctors,True,False,35.8018591,51.4538271,1431,,False
unnamed,clinic,,clinic,True,False,35.747377,51.4108393,1432,,False
کلینیک پوست، مو و زیبایی دکتر مهسا گرجی,clinic,clinic,clinic,True,False,35.7665917,51.3572429,1433,,False
کلینیک پوست آرتمیس,clinic,clinic,clinic,True,False,35.7690616,51.3279513,1434,,False
انجمن دنیای بهتر,clinic,clinic,clinic,True,False,35.7723149,51.4367431,1435,,False
کلینیک زیبایی شهرزاد,clinic,clinic,clinic,True,False,35.71827,51.4446864,1436,airport_buffer,True
دکتر سارا ارژنگ جراح بینی,clinic,clinic,clinic,True,False,35.7578468,51.412738,1437,government_political,True
کلینیک درمان زخم دنیای زخم,clinic,clinic,clinic,True,False,35.7085136,51.3851808,1438,,False
دکتر عبدالرسول مولودی,doctors,doctor,doctors,True,False,35.7083285,51.3851996,1439,,False
مرکز پوست دکتر رکسانا صدوقی,clinic,clinic,clinic,True,False,35.7881016,51.4213154,1440,,False
مرکز جراحی محدود نوین دیدگان,clinic,,clinic,True,False,35.7270903,51.4164669,1441,government_political,True
مطب دکتر چراغچی,doctors,,doctors,True,False,35.6188456,51.4491101,1442,,False
دكترمكارچيان,clinic,clinic,clinic,True,False,35.7713893,51.4145736,1443,,False
دکتر حمید احمدی,doctors,doctor,doctors,True,False,35.7453669,51.4113563,1444,,False
کلینیک دندانپزشکی نیلا,doctors,doctor,doctors,True,False,35.760072,51.4084926,1445,,False
آزمایشگاه بابک,,laboratory,laboratory,True,False,35.6812704,51.44958,1446,airport_buffer,True
دکتر مهدی آقاعلیخانی,doctors,doctor,doctors,True,False,35.7990008,51.4142828,1447,,False
مطب دکتر حسین ملازم,doctors,doctor,doctors,True,False,35.7702249,51.3619999,1448,,False
مطب زیبایی دکتر اسما ارجمندی,doctors,clinic,doctors,True,False,35.743818,51.5302746,1449,,False
کلینیک دندان پزشکی فروردین,clinic,clinic,clinic,True,False,35.6879591,51.377031,1450,government_political,True
کلینیک فیزیوتراپی مدیا,clinic,physiotherapist,clinic,True,False,35.6772358,51.3890573,1451,,False
داروخانه دکتر گلابچی,hospital,hospital,hospital,True,True,35.7585022,51.4413515,1452,government_political,True
دکتر علیرضا صحرانورد,doctors,doctor,doctors,True,False,35.7585277,51.4103471,1453,government_political,True
کلینیک سردرد تهران,clinic,clinic,clinic,True,False,35.7583513,51.4055491,1454,government_political,True
جراح و متخصص زنان و زایمان و نازایی,doctors,doctor,doctors,True,False,35.755171,51.3038168,1455,government_political,True
کلینیک زیبایی لیلین,clinic,,clinic,True,False,35.766887,51.4566748,1456,,False
مطب دکتر سید حسن دیباجی,doctors,doctor,doctors,True,False,35.7808161,51.462,1457,,False
کلینیک رادیولوژی دهان، فک و صورت دکتر میرزایی,doctors,doctor,doctors,True,False,35.6370043,51.4109025,1458,,False
کلینیک درد افتخار,clinic,clinic,clinic,True,False,35.7756996,51.3662727,1459,,False
کلینیک دکتر وحید کاوه  فوق تخصص هماتولوژی و آنکولوژی,clinic,clinic,clinic,True,False,35.7557703,51.3769625,1460,,False
آزمایشگاه دنا,,laboratory,laboratory,True,False,35.7501035,51.4110915,1461,,False
کلینیک مغز و اعصاب الیسا,hospital,hospital,hospital,True,True,35.7584955,51.4055295,1462,government_political,True
ساختمان پزشکان مریم,doctors,,doctors,True,False,35.7347898,51.4330611,1463,,False
کلینیک ارتوپدی فنی کاویان طب,clinic,clinic,clinic,True,False,35.7971297,51.4341999,1464,government_political,True
(دکتر محمد شفیعی) کلینیک مایامون,doctors,doctor,doctors,True,False,35.7786869,51.3611631,1465,government_political,True
مرکز پزشکی- زیبایی مارین,,doctor,doctor,True,False,35.7463529,51.4651691,1466,,False
ساختمان پزشکان اندیشه,clinic,clinic,clinic,True,False,35.6972763,51.3752254,1467,,False
کلینیک پوست و مو رویش سبز,clinic,clinic,clinic,True,False,35.7647002,51.419198,1468,government_political,True
مطب زیبایی لانا,doctors,doctor,doctors,True,False,35.7798577,51.3662364,1469,,False
مرکز پریناتالوژی فروغ,doctors,doctor,doctors,True,False,35.7476847,51.4126815,1470,government_political,True
دندانپزشکی نسیم پارک وی,clinic,clinic,clinic,True,False,35.7868512,51.415571,1471,,False
ویولا کلینیک,clinic,clinic,clinic,True,False,35.7723999,51.3851642,1472,government_political,True
مطب دکتر محمد مهدی سرزعیم,doctors,doctor,doctors,True,False,35.7733069,51.4429498,1473,,False
کلینیک ارتودنسی دکتر ساغر هرندی,hospital,hospital,hospital,True,True,35.792743,51.4526377,1474,,False
پزشکی هسته ای خورشید,doctors,doctor,doctors,True,False,35.6762021,51.3295867,1475,airport_buffer|government_political,True
مرکز درمان در منزل امداد(وابسته به جهاد دانشگاهی علوم پزشکی شهیدبهشتی),clinic,clinic,clinic,True,False,35.7580988,51.4473257,1476,government_political,True
ليزر كلينيك تخت طاووس,clinic,clinic,clinic,True,False,35.7235698,51.4122435,1477,,False
درمانگاه منطقه ۱۰ شهرداری تهران,clinic,,clinic,True,False,35.6702165,51.354982,1478,airport_buffer|government_political,True
کلینیک طب فیزیکی و توانبخشی لگام,clinic,clinic,clinic,True,False,35.7488545,51.4094752,1479,,False
کلینیک پوست مو و لیزر نسیم مرکز,clinic,clinic,clinic,True,False,35.6834506,51.3770549,1480,government_political,True
کلینیک روانشناسی روان رشد,clinic,clinic,clinic,True,False,35.7270324,51.5290578,1481,,False
پلی‌کلنیک تخصصی شهید حیدری,clinic,,clinic,True,False,35.6968802,51.4063598,1482,government_political,True
کلینیک دندانپزشکی آنیسا,clinic,clinic,clinic,True,False,35.7666394,51.4138333,1483,,False
کلینت ونتا,clinic,clinic,clinic,True,False,35.7695535,51.4198244,1484,,False
کلینیک پستان دکتر فرهاد موسی زاده,clinic,clinic,clinic,True,False,35.7475142,51.4120195,1485,government_political,True
کلینیک زیبایی تلما,doctors,doctor,doctors,True,False,35.7465756,51.2339192,1486,airport_buffer|government_political,True
کلینیک زیبایی روما,clinic,clinic,clinic,True,False,35.6494254,51.3116815,1487,,False
درمانگاه تخصصي پوست و مو و زيبايي رونيكا,clinic,clinic,clinic,True,False,35.7956287,51.441968,1488,government_political,True
کلینیک زیبایی آندیا,clinic,clinic,clinic,True,False,35.7703555,51.3625967,1489,,False
کلینیک رزآبی,clinic,clinic,clinic,True,False,35.7830437,51.3790182,1490,,False
خانه ایمپلنت (دکتر پورشاهی),clinic,clinic,clinic,True,False,35.7867009,51.42425,1491,,False
کلینیک تخصصی پوست و مو آریوان,clinic,clinic,clinic,True,False,35.7374918,51.3060397,1492,airport_buffer|government_political,True
کلینیک دکتر خوانساری,clinic,clinic,clinic,True,False,35.7879935,51.4602635,1493,,False
مطب دکتر کاظم خوانساری,doctors,doctor,doctors,True,False,35.7444193,51.5633436,1494,,False
کلینیک زیبایی المابیوتی,clinic,clinic,clinic,True,False,35.7010149,51.3790096,1495,government_political,True
دکتر محسن اسلامی متخصص کلیه و مجاری ادراری و ناباروی و hpv,doctors,doctor,doctors,True,False,35.7755413,51.4642193,1496,,False
دکترمونانوروزی,doctors,doctor,doctors,True,False,35.7301995,51.4254619,1497,government_political,True
ساختمان پزشکان امام جعفرصادق نعمت آباد,clinic,clinic,clinic,True,False,35.630292,51.3584293,1498,,False
کلینیک چشم نور امید,clinic,clinic,clinic,True,False,35.699003,51.262615,1499,airport_buffer|government_political,True
مطب دکتر یوسف فام,doctors,doctor,doctors,True,False,35.7562304,51.3942187,1500,,False
unnamed,clinic,,clinic,True,False,35.6189812,51.4610441,1501,,False
دندانپزشکی دکتر زهرا خاکسار,,hospital,hospital,True,True,35.7228079,51.3261977,1502,airport_buffer,True
کلینیک زیبایی لومیر,clinic,clinic,clinic,True,False,35.8055418,51.4733856,1503,,False
کلینیک فیزیوتراپی پایدار,clinic,clinic,clinic,True,False,35.7709292,51.3656854,1504,,False
دکتر فرشته اصل بهار جراح و متخصص زنان و زایمان,doctors,,doctors,True,False,35.7781631,51.3607588,1505,government_political,True
کلینیک روانشناسی حس زندگی,clinic,clinic,clinic,True,False,35.779463,51.3648671,1506,,False
مطب زیبایی و لیزر بنیز,doctors,doctor,doctors,True,False,35.7534292,51.4756274,1507,,False
ارتوپدی فنی باریش,hospital,hospital,hospital,True,True,35.7723579,51.3240929,1508,,False
ساختمان پزشکان ترنج,clinic,clinic,clinic,True,False,35.7530722,51.5486332,1509,government_political,True
دکتر بنفشه تاج بخش,doctors,doctor,doctors,True,False,35.7479454,51.410478,1510,,False
مطب دکتر شیوا حاجی خانی,doctors,doctor,doctors,True,False,35.679877,51.4012486,1511,government_political,True
مطب دکتر محمد سبزی کاریان,doctors,doctor,doctors,True,False,35.6798979,51.4012357,1512,government_political,True
دکتر هومن مولوی,clinic,clinic,clinic,True,False,35.7913046,51.4185222,1513,government_political,True
لابراتوار سینا,,laboratory,laboratory,True,False,35.6726683,51.4711886,1514,airport_buffer,True
مطب دکتر سید رضا هاشمی,doctors,doctor,doctors,True,False,35.7821106,51.3765661,1515,government_political,True
کلینیک اورولوژی و ناتوانایی جنسی دکتر البرز وشتاسبی,clinic,clinic,clinic,True,False,35.7655366,51.476062,1516,,False
کلینیک دندانپزشکی تبسم مهر,clinic,clinic,clinic,True,False,35.7628227,51.3982312,1517,,False
کلینیک تخصصی طب کار دانیال,clinic,clinic,clinic,True,False,35.6372183,51.411074,1518,,False
unnamed,clinic,,clinic,True,False,35.7177749,51.4102598,1519,government_political,True
مطب دکتر احیا خان احمدی - متخصص زنان و زایمان,doctors,doctor,doctors,True,False,35.7967109,51.4194786,1520,,False
کلینیک زیبایی آسو,clinic,clinic,clinic,True,False,35.7769955,51.365526,1521,government_political,True
کلینیک زیبایی مه رویان,clinic,clinic,clinic,True,False,35.7753678,51.4207004,1522,,False
کلینیک سلول های بنیادی دکتر فتحی,clinic,clinic,clinic,True,False,35.8009293,51.4610733,1523,,False
مطب پوست، زیبایی و لیزر نیژ,doctors,doctor,doctors,True,False,35.756175,51.3941866,1524,,False
کلینیک زیبایی مهر,clinic,clinic,clinic,True,False,35.7396499,51.4962172,1525,,False
مرکز فوق تخصصی گوارش، کبد و لاغری دکتر مقداد صداقت,clinic,clinic,clinic,True,False,35.7682918,51.4421615,1526,government_political,True
دکتر منصور همایونی,doctors,doctor,doctors,True,False,35.7475379,51.4121912,1527,government_political,True
کلینیک ارتوپدی فنی رادمان,clinic,clinic,clinic,True,False,35.7084784,51.3851949,1528,,False
دکتر بابک باب شریف,doctors,doctor,doctors,True,False,35.7586131,51.4107113,1529,government_political,True
مرکز دیالیز بیمارستان لبافی نژاد,clinic,dialysis,clinic,True,False,35.7672987,51.4637096,1530,,False
کلینیک مهر افروز,clinic,clinic,clinic,True,False,35.8119214,51.4596225,1531,,False
دکتر امیرحسین امامی میبدی,doctors,doctor,doctors,True,False,35.7587796,51.3617984,1532,,False
دکتر وهاب آسترکی,doctors,doctor,doctors,True,False,35.7989236,51.4734004,1533,,False
کلینیک لیما,clinic,clinic,clinic,True,False,35.7799847,51.4588386,1534,,False
مجموعه پزشکی سانیک,clinic,clinic,clinic,True,False,35.7172373,51.4072106,1535,,False
رادیولوژی و سونوگرافی دکتر شهریاریان,doctors,doctor,doctors,True,False,35.7083787,51.3837272,1536,,False
تصویربرداری و سونوگرافی معراج,doctors,doctor,doctors,True,False,35.7080553,51.3825872,1537,,False
مطب دکتر وحید معتمدی,doctors,doctor,doctors,True,False,35.7081545,51.3879699,1538,,False
مطب دكتر سيد محمود اسحق حسينى,doctors,doctor,doctors,True,False,35.7082722,51.3839104,1539,,False
مطب دکتر فرهاد شاهی,doctors,doctor,doctors,True,False,35.708311,51.3837812,1540,,False
دکتر عباس علی بخشی,doctors,doctor,doctors,True,False,35.7082696,51.3852432,1541,,False
مرکز تصویربرداری و ام آر آی تهران ۱۰۱,doctors,doctor,doctors,True,False,35.7085043,51.3851438,1542,,False
دکتر قره گزلو,doctors,doctor,doctors,True,False,35.7082485,51.3855463,1543,,False
گفتار درمانی باران ( شعبه غرب),clinic,speech_therapist,clinic,True,False,35.724237,51.3292756,1544,airport_buffer|government_political,True
مطب پوست و مو زیبایی دکتر محسنی,doctors,doctor,doctors,True,False,35.804083,51.4343634,1545,government_political,True
سونوگرافی و رادیولوژی لادن,doctors,doctor,doctors,True,False,35.7271083,51.4938467,1546,airport_buffer,True
دکتر الهام ظرافت فرد (خون و سرطان),doctors,doctor,doctors,True,False,35.7593471,51.4099814,1547,government_political,True
مطب دکتر شهریار عزیزی,,clinic,clinic,True,False,35.7776036,51.3581622,1548,,False
مطب دکتر مرتضی جلالی فخر,doctors,doctor,doctors,True,False,35.7580138,51.446921,1549,government_political,True
آزمایشگاه آناهیت,,laboratory,laboratory,True,False,35.7573782,51.1573538,1550,,False
پلی کلینیک تخصصی طاها تب,clinic,,clinic,True,False,35.7412229,51.5479856,1551,,False
دکتر امیر رضا معتبر,doctors,doctor,doctors,True,False,35.7996976,51.4688034,1552,,False
دکتر جواد خالقی,doctors,doctor,doctors,True,False,35.797291,51.4102705,1553,,False
کلینیک زیبایی آمیتیست,clinic,clinic,clinic,True,False,35.6997367,51.3658078,1554,airport_buffer|government_political,True
آزمایشگاه دنا,hospital,hospital,hospital,True,True,35.7500692,51.4110696,1555,,False
درمانگاه عمومی شهرداری منطقه ۹,clinic,,clinic,True,False,35.6860595,51.3464032,1556,airport_buffer,True
مطب دکتر نوید رفعتی نژاد,doctors,,doctors,True,False,35.7796107,51.3622802,1557,government_political,True
کلینیک زیبایی آسا,clinic,clinic,clinic,True,False,35.638974,51.4109558,1558,,False
مجتمع پزشکی تخصصی آوی‌سینا,clinic,clinic,clinic,True,False,35.6869763,51.3629556,1559,airport_buffer|government_political,True
کلینیک تخصصی و رادیولوژی دندانپزشکی مهر گاندی,clinic,clinic,clinic,True,False,35.7551213,51.4130349,1560,government_political,True
کلینیک زیبایی نیکی,clinic,clinic,clinic,True,False,35.6975561,51.3752764,1561,,False
مجتمع پزشکی شفاء,clinic,clinic,clinic,True,False,35.7565986,51.162908,1562,,False
اورژانس بیمارستان میلاد,hospital,hospital,hospital,True,True,35.745083,51.3802188,1563,,False
مطب پوست و مو شیلر بیوتی,clinic,clinic,clinic,True,False,35.7342708,51.3584021,1564,,False
مرکز تصویربرداری امید نوین,hospital,hospital,hospital,True,True,35.7562819,51.3955302,1565,,False
آزمایشگاه تشخیص پزشکی بابک,,laboratory,laboratory,True,False,35.681324,51.4496205,1566,airport_buffer,True
کلینیک زیبایی سام شعبه زعفرانیه,clinic,clinic,clinic,True,False,35.7932284,51.4108218,1567,,False
دکتر محمد زواره ای بوتاکس معده,doctors,doctor,doctors,True,False,35.772027,51.3784506,1568,,False
پروتز مو گلها هایفیکس,clinic,clinic,clinic,True,False,35.7418624,51.4437246,1569,government_political,True
مرکز ترک اعتیاد آوای سحر,clinic,,clinic,True,False,35.740709,51.5512753,1570,,False
درمانگاه شبانه روزی لاله زاگرس,clinic,clinic,clinic,True,False,35.7254348,51.46908,1571,airport_buffer|government_political,True
درمان کمردرد از راه دور دکتر محمدی,clinic,clinic,clinic,True,False,35.7892387,51.4235436,1572,,False
کلینیک زیبایی دکتر یسری طباطبایی,clinic,clinic,clinic,True,False,35.8122419,51.4570183,1573,,False
کلینیک زیبایی شاداب,clinic,clinic,clinic,True,False,35.7616439,51.3360714,1574,,False
رادیولوژی دهان، فک و صورت دکتر شاهین همتی,clinic,clinic,clinic,True,False,35.7690993,51.4589477,1575,government_political,True
مطب دکتر غلامرضا امینی فوق تخصص قلب,doctors,doctor,doctors,True,False,35.6922635,51.4813186,1576,airport_buffer|government_political,True
کلینیک گفتاردرمانی کاردرمانی و نوروتراپی ماهان,clinic,clinic,clinic,True,False,35.6315757,51.3752093,1577,,False
دندانپزشکی دکتر برشوئی,doctors,doctor,doctors,True,False,35.7885518,51.4230579,1578,,False
کلینیک فیزیوتراپی فردین,hospital,hospital,hospital,True,True,35.7466035,51.2477848,1579,airport_buffer,True
کلینیک زیبایی ماه زر,clinic,clinic,clinic,True,False,35.7712639,51.367641,1580,,False
رادیولوژی فک دندان و صورت,doctors,doctor,doctors,True,False,35.7814383,51.3712126,1581,,False
طب کار آریا پژوهان,,laboratory,laboratory,True,False,35.7086889,51.3751785,1582,government_political,True
فیزیوتراپی شفابخش,clinic,physiotherapist,clinic,True,False,35.7102402,51.4487649,1583,airport_buffer|government_political,True
مرکز زیبایی دکتر الگا,clinic,clinic,clinic,True,False,35.8130301,51.4109952,1584,,False
مطب پوست و زیبایی دکتر نازیلا محمدزاده,doctors,doctor,doctors,True,False,35.7257091,51.5196786,1585,government_political,True
Loveya Skincare,clinic,clinic,clinic,True,False,35.7924421,51.4161584,1586,,False
بیمارستان نور,hospital,hospital,hospital,True,True,35.6103699,51.4386695,1587,,False
سونوگرافی و رادیولوژی دکتر الهی فر,,laboratory,laboratory,True,False,35.7562301,51.3946037,1588,,False
مطب متخصص پزشکی ورزشی,doctors,doctor,doctors,True,False,35.7679799,51.4603083,1589,government_political,True
مطب دکتر ناصر امینی صدر,doctors,doctor,doctors,True,False,35.7630359,51.4436204,1590,,False
مطب دکتر ایوب صالحی,hospital,hospital,hospital,True,True,35.735506,51.3419725,1591,,False
درمانگاه قوامین,clinic,,clinic,True,False,35.6972894,51.2646521,1592,airport_buffer,True
درمانگاه شبانه روزی قائم آل طه,clinic,,clinic,True,False,35.6930537,51.4884441,1593,airport_buffer,True
درمانگاه تخصصی دیابت قائم,clinic,,clinic,True,False,35.6934182,51.4892418,1594,airport_buffer,True
کلینیک زیبایی سوین,clinic,clinic,clinic,True,False,35.7809074,51.3529843,1595,,False
مهندسی پیشرو چیره صنعت,,laboratory,laboratory,True,False,35.7293597,51.424694,1596,government_political,True
کاردرمانی و گفتاردرمانی نگاه,clinic,clinic,clinic,True,False,35.7138596,51.3888582,1597,government_political,True
محموعه لاغری وندا,clinic,clinic,clinic,True,False,35.7955429,51.3585093,1598,,False
آزمایشگاه پاتوبیولوژی ۱۷ شهریور,,laboratory,laboratory,True,False,35.6803709,51.4471492,1599,airport_buffer,True
چشم پزشکی دکتر بابک صادقی,doctors,doctor,doctors,True,False,35.7345868,51.3291377,1600,,False
درمانگاه فرهنگیان,clinic,,clinic,True,False,35.7252632,51.335716,1601,airport_buffer,True
دکتر احسان مرادی متخصص جراحی مغز و اعصاب,doctors,doctor,doctors,True,False,35.7641213,51.4447565,1602,,False
رادیولوژی و سونوگرافی مهرگان,doctors,doctor,doctors,True,False,35.734616,51.3291627,1603,,False
مطب گلها (سانا اسکین سابق),doctors,doctor,doctors,True,False,35.7632134,51.3372555,1604,,False
متخصص زنان و زایمان الهه سلگی,doctors,doctor,doctors,True,False,35.7570376,51.3990129,1605,,False
آزمایشگاه پاتوبیولوژی مدیک,,laboratory,laboratory,True,False,35.7526783,51.4118757,1606,,False
کلینیک زخم بینش,clinic,clinic,clinic,True,False,35.7085566,51.3974926,1607,,False
مطب دکتر زینب بهرام نژاد متخصص زنان و زایمان,doctors,doctor,doctors,True,False,35.7656632,51.4761286,1608,,False
کلینیک قلب و عروق دکتر نیلچیان,doctors,doctor,doctors,True,False,35.7610538,51.4457485,1609,government_political,True
فیزیوتراپی شادتن,doctors,doctor,doctors,True,False,35.7829375,51.3813867,1610,,False
كلينيك پوست و مو دكتر سارا نجفي,doctors,doctor,doctors,True,False,35.8094323,51.4136212,1611,,False
مرکز جراحی زیبایی ساوی,clinic,clinic,clinic,True,False,35.8071126,51.4623933,1612,,False
دکتر مهران آقاگلی,doctors,doctor,doctors,True,False,35.7589242,51.4133033,1613,,False
فصد خون سپهر,,blood_donation,blood_donation,False,True,35.770146,51.4401813,1614,,False
درمانگاه,clinic,clinic,clinic,True,False,35.7042415,51.460308,1615,airport_buffer,True
مرکز ترک اعتیاد نشاط سلامت آرامش,clinic,yes,clinic,True,False,35.7994052,51.4407731,1616,government_political,True
روانشناس دكتر مينا احمديان,doctors,psychotherapist,doctors,True,False,35.7960685,51.4438637,1617,government_political,True
کلینیک زیبایی الماس,clinic,clinic,clinic,True,False,35.6759148,51.3561817,1618,airport_buffer,True
کلینیک رژیم درمانی مهساشیری,clinic,clinic,clinic,True,False,35.697017,51.2539628,1619,airport_buffer,True
کلینیک زیبایی پارسیان بیوتی(پرشین بیوتی),clinic,clinic,clinic,True,False,35.7661843,51.4306425,1620,government_political,True
مرکز تصویر برداری رازی(دکتر علیزاده),clinic,clinic,clinic,True,False,35.5925692,51.4402131,1621,,False
بیمارستان سینا,hospital,hospital,hospital,True,True,35.6863276,51.4119795,1622,,False
آزمایشگاه پاتوبیولوژی دکتر سرخه ای,,laboratory,laboratory,True,False,35.6531921,51.4989536,1623,,False
کلینیک اورولوژی دکتر آرش رنجبر,clinic,clinic,clinic,True,False,35.7803548,51.4625986,1624,,False
مرکز زیبایی و تناسب اندام آرمیتا,clinic,clinic,clinic,True,False,35.7338255,51.3942651,1625,,False
لیلا اصغری فوق تخصص غدد,doctors,doctor,doctors,True,False,35.7433302,51.4051796,1626,government_political,True
کلینیک ترک اعتیاد متین طب سجاد,clinic,clinic,clinic,True,False,35.6914521,51.3453156,1627,airport_buffer,True
دکتر مجید فرجی قلب و عروق,doctors,doctor,doctors,True,False,35.7677845,51.461538,1628,,False
دکتر فرشید احمدی پوست و زیبایی,doctors,doctor,doctors,True,False,35.7390491,51.3265438,1629,,False
مطب دندانپزشکی و ایمپلنت دکتر اورعی,doctors,doctor,doctors,True,False,35.7534594,51.5304519,1630,,False
رادیولوژی و سونوگرافی کوروش,clinic,clinic,clinic,True,False,35.7073991,51.3905033,1631,,False
راديولوژي دهان، فك و صورت دكتر نيلوفر مفيدي,doctors,doctor,doctors,True,False,35.7630754,51.2907657,1632,government_political,True
مطب دکتر پدرام مهریان,doctors,doctor,doctors,True,False,35.7904138,51.418682,1633,government_political,True
دکتر آنا دیلمی پزشک زیبایی,doctors,doctor,doctors,True,False,35.7837412,51.4471614,1634,,False
مطب دکتر محمد علی قائد,doctors,doctor,doctors,True,False,35.7830761,51.3774575,1635,,False
کلینیک زیبایی دکتر مخبریان,doctors,doctor,doctors,True,False,35.7218861,51.3386428,1636,airport_buffer|government_political,True
مطب دندانپزشکی دکتر فریور,doctors,doctor,doctors,True,False,35.7706437,51.37238,1637,,False
دکتر سلطانی نژاد,doctors,doctor,doctors,True,False,35.6313689,51.3685681,1638,,False
دکتر حمیدرضا آزادی فرد,doctors,doctor,doctors,True,False,35.640659,51.4875762,1639,,False
سونوگرافی نبوت,clinic,laboratory,clinic,True,False,35.6873516,51.3738377,1640,airport_buffer,True
مطب دکتر لیلا مقدم,doctors,doctor,doctors,True,False,35.7600124,51.4144096,1641,,False
کلینیک ترک اعتیاد پیام تندرستی,doctors,doctor,doctors,True,False,35.7614311,51.400609,1642,,False
کلینیک تخصصی روانشناسی و مشاوره نوژا,doctors,doctor,doctors,True,False,35.721562,51.3467572,1643,airport_buffer,True
مطب دکتر غلامرضا معروفی,doctors,doctor,doctors,True,False,35.7991444,51.4737603,1644,government_political,True
کلینیک امید نو مرکز تخصصی درمان پای دیابتی,doctors,doctor,doctors,True,False,35.7942691,51.4356398,1645,government_political,True
مطب دکتر مریم پیروی,doctors,doctor,doctors,True,False,35.7780995,51.3610243,1646,government_political,True
مطب دکتر پاکنژاد روانشناس,doctors,doctor,doctors,True,False,35.7528651,51.3735083,1647,,False
مطب دکتر عبدالرضا روئین تن,doctors,doctor,doctors,True,False,35.758313,51.4108622,1648,government_political,True
پزشک متخصص وجراح  زنان و زایمان,doctors,doctor,doctors,True,False,35.7656264,51.3610624,1649,,False
کلینیک زیبایی نیلاز,clinic,clinic,clinic,True,False,35.7577426,51.3159376,1650,,False
پزشک متخصص قلب و عروق  دکتر ترقی,doctors,doctor,doctors,True,False,35.7287872,51.4205941,1651,,False
کلینیک زیبایی لیا,doctors,doctor,doctors,True,False,35.7706357,51.3743836,1652,,False
رادیولوژی دکتر زهرا صاحب نسق,,laboratory,laboratory,True,False,35.7597579,51.4426611,1653,government_political,True
کلینیک زیبایی مهرزاد,doctors,doctor,doctors,True,False,35.7836998,51.3819751,1654,,False
دکتر توکل,clinic,clinic,clinic,True,False,35.7069597,51.3039982,1655,airport_buffer,True
دکتر سید احمد میرعربشاهی,doctors,doctor,doctors,True,False,35.7383394,51.3063086,1656,government_political,True
رادیولوژی و سونوگرافی مرزداران غرب,,laboratory,laboratory,True,False,35.7342014,51.3547557,1657,,False
دکتر مجتبی واهب فوق تخصص جراحی پلاستیک و زیبایی,doctors,doctor,doctors,True,False,35.7795427,51.3624202,1658,government_political,True
مطب دکتر فواد فولادی,doctors,doctor,doctors,True,False,35.7973206,51.4588393,1659,,False
دکتر مهدی حیدری روانپزشک,doctors,doctor,doctors,True,False,35.738549,51.5581277,1660,,False
دندانپزشکی مریم چهارکامه,doctors,doctor,doctors,True,False,35.6459977,51.4729286,1661,,False
دکتر آرمان فر متخصص جراحي مغز واعصاب,doctors,doctor,doctors,True,False,35.7630909,51.4440372,1662,,False
کلینیک روانشناسی روشان,doctors,doctor,doctors,True,False,35.7804683,51.4574657,1663,,False
دکتر محمد نویدی,doctors,doctor,doctors,True,False,35.7814806,51.371232,1664,,False
دکتر شباهنگ محمدی,doctors,doctor,doctors,True,False,35.7504544,51.4088282,1665,,False
دکتر امیرعلی سهراب پور,doctors,doctor,doctors,True,False,35.8116902,51.4504395,1666,,False
Unique Smile مطب دندانپزشکی دکتر لیلا عطایی,doctors,doctor,doctors,True,False,35.8048807,51.4622113,1667,,False
دکتر مجید صمصامی,doctors,doctor,doctors,True,False,35.761809,51.4456729,1668,government_political,True
دکتر شروین قوامی,doctors,doctor,doctors,True,False,35.7715169,51.3771223,1669,,False
جراح فک وصورت دکتر کبروی,doctors,doctor,doctors,True,False,35.7240624,51.4395837,1670,airport_buffer,True
دکتر هادی حجت دوست داخلی طب سالمندی,doctors,doctor,doctors,True,False,35.7988714,51.4419381,1671,government_political,True
دکتر طاهره فروغی فر,doctors,doctor,doctors,True,False,35.7714757,51.3828672,1672,,False
دندانپزشکی دکتر سپیده لیاقت,doctors,doctor,doctors,True,False,35.7843781,51.4595779,1673,government_political,True
مطب دندانپزشکی دکتر لیلا شاکری,doctors,doctor,doctors,True,False,35.7807186,51.4676186,1674,government_political,True
مطب تخصصي دندانپزشكي دكتر عليرضا اميني,doctors,doctor,doctors,True,False,35.7704131,51.412366,1675,,False
مطب نوروتراپی و روانپزشکی دکتر کروندی,doctors,doctor,doctors,True,False,35.756844,51.3988962,1676,,False
دکتر سعید طالب زاده بنکدار,doctors,doctor,doctors,True,False,35.7949304,51.4170088,1677,,False
مطب دکتر حسن راشکی اگزوزوم تراپی,doctors,doctor,doctors,True,False,35.7305773,51.4129971,1678,,False
مطب آلرژي دكتر سپيده داروگر,doctors,doctor,doctors,True,False,35.8120809,51.4633932,1679,,False
گروه روانپزشکی ویان مطب دکتر سامرند سلیمی مطب علامه,doctors,psychotherapist,doctors,True,False,35.7715159,51.3829297,1680,,False
دکتر علی فولادیان,doctors,doctor,doctors,True,False,35.6759456,51.2667056,1681,airport_buffer|government_political,True
کلینیک قلب دکتر شیخ,doctors,doctor,doctors,True,False,35.7221199,51.3322104,1682,airport_buffer,True
کلینیک روان شناسی تارا,doctors,doctor,doctors,True,False,35.7387051,51.4146272,1683,government_political,True
آزمایشگاه خیریه موسوی کیانی,,laboratory,laboratory,True,False,35.6716297,51.4318161,1684,,False
مطب دکتر فاطمه دیانتی,doctors,doctor,doctors,True,False,35.6581621,51.3577752,1685,airport_buffer,True
مرکز تخصصی فیزیوتراپی دکتر جمهوری,doctors,doctor,doctors,True,False,35.8099834,51.4505108,1686,,False
طب سوزنی دکتر وحید قاسمی,doctors,doctor,doctors,True,False,35.7988703,51.4736877,1687,government_political,True
مطب دکتر هدی سادات اعتمادزاده,doctors,doctor,doctors,True,False,35.7594214,51.4103969,1688,government_political,True
مطب تخصصی دندانپزشکی دکتر آزاده خاجوی,doctors,doctor,doctors,True,False,35.8022019,51.4347472,1689,government_political,True
مطب پوست مو و زیبایی,doctors,doctor,doctors,True,False,35.6564923,51.324588,1690,airport_buffer,True
مطب دکتر علی بختیاری متخصص جراحی پلاستیک,doctors,doctor,doctors,True,False,35.7768691,51.3655712,1691,government_political,True
کلینیک سلامت پا کهن (اسکن کف پا،کفی طبی),clinic,clinic,clinic,True,False,35.7217031,51.3478364,1692,airport_buffer,True
مرکز گوارش دکتر اژیه,clinic,clinic,clinic,True,False,35.764892,51.3567612,1693,government_political,True
مرکز لیزر دکتر فرزانه شیرازی,clinic,clinic,clinic,True,False,35.7648071,51.3567829,1694,government_political,True
مرکز سرپایی درمان اختلالات مصرف مواد دکتر مومن خانی,clinic,clinic,clinic,True,False,35.7668172,51.4423936,1695,government_political,True
دکتر رضا سیفی فلوشیپ  (فوق تخصص) قلب و عروق,doctors,doctor,doctors,True,False,35.7437393,51.404874,1696,government_political,True
مطب پوست و زیبایی دکتر فاضله حیدریان,doctors,doctor,doctors,True,False,35.7955615,51.4485395,1697,government_political,True
بهبود طب,doctors,doctor,doctors,True,False,35.7360938,51.4312194,1698,,False
رادیولوژی فک و صورت سانی تا,,laboratory,laboratory,True,False,35.7052397,51.2565133,1699,airport_buffer,True
مرکز خدمات جامع سلامت سعد دربند,clinic,clinic,clinic,True,False,35.8258075,51.4256472,1700,government_political,True
مرکز روانشناسی دکتر سرافزازنسب,doctors,doctor,doctors,True,False,35.7551919,51.3340697,1701,,False
دکتر پونه یزدانی متخصص پوست مو زیبایی,doctors,doctor,doctors,True,False,35.7780386,51.3602861,1702,government_political,True
مطب دکتر علیرضا رئوف,doctors,doctor,doctors,True,False,35.7713718,51.3805649,1703,,False
دکتر علیرضا رئوف,doctors,doctor,doctors,True,False,35.7712214,51.3805625,1704,,False
مطب سعادت آباد دکتر بهزاد محمودی نژاد,doctors,doctor,doctors,True,False,35.7833988,51.3806705,1705,,False
دکتر نیکا مجاهد یزدی,hospital,hospital,hospital,True,True,35.796707,51.4121023,1706,,False
کلینیک پرنسا,clinic,clinic,clinic,True,False,35.686576,51.2400082,1707,airport_buffer|government_political,True
کلینیک کاردرمانی و گفتاردرمانی نمو,clinic,clinic,clinic,True,False,35.7353951,51.4953496,1708,airport_buffer|government_political,True
دکتر سعیده عادلی متخصص قلب و واریس,doctors,doctor,doctors,True,False,35.7701783,51.3637123,1709,,False
کلینیک قلب کودکان و اکو جنین دکتر رضا مسیحی,clinic,clinic,clinic,True,False,35.7470111,51.4496373,1710,,False
مطب دکتر مهدی درزی,doctors,doctor,doctors,True,False,35.7848272,51.3737041,1711,government_political,True
کلینیک دکتر بیتا ساقی,clinic,clinic,clinic,True,False,35.7679889,51.460788,1712,government_political,True
درمانگاه بهراد,clinic,,clinic,True,False,35.7319361,51.333454,1713,government_political,True
دکتر فاطمه متقی زاده  کلینیک جامع قلب و عروق آرام,clinic,clinic,clinic,True,False,35.7267018,51.4361358,1714,,False
ساختمان پزشکان جمهوری,clinic,clinic,clinic,True,False,35.6959054,51.3833432,1715,,False
کلینیک ماری,doctors,doctor,doctors,True,False,35.7206734,51.3531916,1716,airport_buffer,True
مطب دندانپزشکی دکتر آذر رئوفی,doctors,doctor,doctors,True,False,35.6990229,51.382297,1717,,False
مطب دکتر سپیده نیازی,doctors,doctor,doctors,True,False,35.7338164,51.3942032,1718,,False
دکتر محسن جواد زاده,doctors,doctor,doctors,True,False,35.7607036,51.4444538,1719,government_political,True
مطب دکتر ابراهیم محمدنشتایی,doctors,doctor,doctors,True,False,35.7605704,51.4510904,1720,,False
دکتر مائده پورنصیر دندانپزشک،متخصص لثه و ایمپلنت,doctors,doctor,doctors,True,False,35.7807126,51.4630084,1721,,False
مرکز روانشناسی و مشاوره علیسا,doctors,doctor,doctors,True,False,35.766688,51.396217,1722,government_political,True
مطب تخصصی زنان و زایمان دکتر مرضیه بهنام,doctors,doctor,doctors,True,False,35.7315305,51.5037694,1723,airport_buffer,True
کلینیک هومیوپاتی دکتر اخوان,doctors,doctor,doctors,True,False,35.7182123,51.4335003,1724,airport_buffer,True
مطب دکتر الهام کفایی,doctors,doctor,doctors,True,False,35.80786,51.4193691,1725,,False
مرکز پزشکی هسته ای رازی,,clinic,clinic,True,False,35.6918793,51.4805465,1726,airport_buffer|government_political,True
مطب تغذیه دکتر حسنی,doctors,doctor,doctors,True,False,35.7696983,51.3588289,1727,,False
دکتر حمیده طهماسبی بروجنی,doctors,doctor,doctors,True,False,35.7824615,51.3762734,1728,,False
دندانپزشکی دکتر علی والیانی,doctors,doctor,doctors,True,False,35.7174432,51.3893526,1729,government_political,True
دکتر محمد حسن باقری فوق تخصص جراحی پلاستیک و زیبایی,doctors,doctor,doctors,True,False,35.7385775,51.2433054,1730,airport_buffer,True
مطب دکتر فروزان بلوری جراح و متخصص زنان و زایمان,doctors,doctor,doctors,True,False,35.6345176,51.3814314,1731,,False
دکتر سعید ساعدی,doctors,doctor,doctors,True,False,35.7848748,51.3747395,1732,government_political,True
دکترسید حسین آقامیری مغز و اعصاب,doctors,doctor,doctors,True,False,35.7990237,51.4417146,1733,government_political,True
مرکز روانشناسی و نوروفیدبک طناز یوسفی,doctors,doctor,doctors,True,False,35.773044,51.4202358,1734,,False
كلينيك رشد پويا (طيبى),doctors,doctor,doctors,True,False,35.8032075,51.4732642,1735,government_political,True
کلینیک زیبایی ملل,doctors,doctor,doctors,True,False,35.726492,51.5228936,1736,,False
آزمایشگاه صدرآزما,,laboratory,laboratory,True,False,35.6506693,51.451352,1737,,False
مطب دندانپزشکی خصوصی دکتر منصور تبریزی نیا,doctors,doctor,doctors,True,False,35.7995128,51.4412407,1738,government_political,True
دکتر مسعود نوری  سلامتی و زیبایی,doctors,doctor,doctors,True,False,35.8004078,51.4824292,1739,government_political,True
مطب پزشکی دکتر سعید ساعدی,doctors,doctor,doctors,True,False,35.7776835,51.3588952,1740,,False
مرکز سلامت نسیم,clinic,clinic,clinic,True,False,35.7881418,51.3678963,1741,,False
ساختمان پزشکان سرو,clinic,clinic,clinic,True,False,35.781747,51.3731949,1742,,False
دندانپزشكى دكتر خانبانى,doctors,doctor,doctors,True,False,35.7966517,51.4342333,1743,,False
آزمایشگاه پاتوبیولوژی و ژنتیک اوستا,,laboratory,laboratory,True,False,35.7236223,51.41423,1744,,False
مطب دکتر مهسا رکابی,doctors,doctor,doctors,True,False,35.7939108,51.4509105,1745,,False
کلینیک دامپزشکی دکتر پرکار,hospital,hospital,hospital,True,True,35.7366262,51.3377365,1746,,False
کلینیک زیبایی لیوسا,clinic,clinic,clinic,True,False,35.7688414,51.4765913,1747,,False
مطب دکتر سعدآبادی,doctors,doctor,doctors,True,False,35.7355379,51.3410605,1748,,False
کلینیک زیبایی دکتر رضا امید,doctors,doctor,doctors,True,False,35.7678245,51.4614081,1749,government_political,True
متخصص اطفال (دکتر فاطمه طبسی ),doctors,doctor,doctors,True,False,35.6499397,51.4761331,1750,,False
مطب پزشکی,doctors,doctor,doctors,True,False,35.7487053,51.4094178,1751,,False
کلینیک ویستریا,clinic,clinic,clinic,True,False,35.7657404,51.354877,1752,government_political,True
سونوگرافي آلستوم (دكتر شهاب مهاجر شيرواني),doctors,doctor,doctors,True,False,35.7202894,51.355822,1753,,False
مطب دکتر سیده غنچه لنگری,doctors,doctor,doctors,True,False,35.7806251,51.4623486,1754,,False
فیزیوتراپی کیان,doctors,doctor,doctors,True,False,35.738996,51.4957163,1755,,False
دکتر سید حسن مهدوی,doctors,doctor,doctors,True,False,35.7431925,51.5318267,1756,,False
فیزیوتراپی مریم درستی,doctors,doctor,doctors,True,False,35.7578771,51.3046096,1757,,False
مطب دکتر عسل پرورش جراح دندانپزشک,doctors,doctor,doctors,True,False,35.7862088,51.4248124,1758,,False
مطب دندانپزشکی دکتر آرین صدری,doctors,doctor,doctors,True,False,35.7779411,51.4777755,1759,government_political,True
راضیه فرقانی کارشناس بیماریهای زنان ومامایی,clinic,clinic,clinic,True,False,35.6346734,51.4217403,1760,,False
مطب دکتر نازنین سلطانی جراح و متخصص زنان,doctors,doctor,doctors,True,False,35.7831911,51.3821822,1761,,False
Dr. Raoufi,clinic,clinic,clinic,True,False,35.7030477,51.4303492,1762,airport_buffer|government_political,True
دکتر وحید دهستانی,doctors,doctor,doctors,True,False,35.7299521,51.4269469,1763,government_political,True
دکتر سارا فرهادی متخصص کودکان,doctors,doctor,doctors,True,False,35.7786203,51.4893933,1764,,False
دکتر محسن نبیونی,doctors,doctor,doctors,True,False,35.7583906,51.3616618,1765,,False
مرکز درمان در منزل درمان تو,clinic,clinic,clinic,True,False,35.7585306,51.4125079,1766,,False
نسیم پرتو (دکتر آسیه رضوانی),clinic,clinic,clinic,True,False,35.7118208,51.4045601,1767,government_political,True
دکتر‌قادری پوست‌زیبایی فیزیوتراپی پندار,doctors,doctor,doctors,True,False,35.7838689,51.3664656,1768,,False
کلینیک کاردرمانی فرناز فرشچی,clinic,clinic,clinic,True,False,35.7273445,51.4172715,1769,government_political,True
کلینیک زیبایی دکتر عبدل زاده,doctors,doctor,doctors,True,False,35.7699924,51.4179188,1770,government_political,True
کلینیک قلب عروق و واریس دکتر هومن محمودی,doctors,doctor,doctors,True,False,35.7868526,51.4217809,1771,,False
دکتر فراز سلیمانی,doctors,doctor,doctors,True,False,35.7684657,51.2918745,1772,,False
دکتر سید نوید حسینی فر پزشک متخصص جراح عمومی,doctors,doctor,doctors,True,False,35.7024577,51.3863887,1773,,False
کلینیک دندان پزشکی سرو بین الملل (شعبه فرشته),clinic,clinic,clinic,True,False,35.7865483,51.4275054,1774,,False
دکتر  علی یزدان پرست فلو شیپ طب سوزنی ، توانبخشی,doctors,doctor,doctors,True,False,35.7099864,51.4740556,1775,airport_buffer,True
دکتر شفیعه امامیان (زیبایی),doctors,doctor,doctors,True,False,35.7985286,51.4752456,1776,government_political,True
مرکز کاردرمانی و گفتاردرمانی کورتکس,doctors,hospital,doctors,True,False,35.7576652,51.315948,1777,,False
Hosseinian Dental Clinic,clinic,clinic,clinic,True,False,35.7486384,51.4120164,1778,government_political,True
دکتر احمدی مقدم,doctors,doctor,doctors,True,False,35.7459735,51.4115149,1779,,False
آزمایشگاه تشخیص پزشکی دکتر مراد سوری,,laboratory,laboratory,True,False,35.7119305,51.4505246,1780,airport_buffer,True
مطب دندانپزشکی دکتر رضا محمدپورقمری,doctors,doctor,doctors,True,False,35.6812551,51.3732113,1781,airport_buffer,True
Dr. pouya Moshkdar,doctors,doctor,doctors,True,False,35.759327,51.4449066,1782,government_political,True
مطب دکتر پرچکانی,doctors,doctor,doctors,True,False,35.7390089,51.283814,1783,airport_buffer,True
مطب دکتر مریم موسی وند درمان اسکار,doctors,doctor,doctors,True,False,35.7656809,51.4184044,1784,,False
کلینیک زیبایی و دندانپزشکی مهرگان,doctors,doctor,doctors,True,False,35.7066239,51.3159272,1785,airport_buffer|government_political,True
کلینیک دکتر سید بهروز امامی,doctors,doctor,doctors,True,False,35.7700057,51.3951046,1786,,False
مطب چشم پزشکی دکتر رحیمه گنجی اناری,doctors,doctor,doctors,True,False,35.6785755,51.3577275,1787,airport_buffer,True
دکتر بهناز شادافزا متخصص قلب و عروق,doctors,doctor,doctors,True,False,35.7474625,51.4120796,1788,government_political,True
دکتر مهدی نیکوبخت,doctors,doctor,doctors,True,False,35.7542022,51.3963162,1789,,False
گروه تخصصی فک و صورت دکتر بهاری,clinic,clinic,clinic,True,False,35.7714447,51.3557894,1790,,False
کلینیک ساختمانی ذوالفقاری,clinic,clinic,clinic,True,False,35.7547717,51.3996619,1791,,False
کلینیک شنوایی و تعادل و سمعک فرمانیه,clinic,clinic,clinic,True,False,35.7990554,51.4726691,1792,,False
دکتر آناهیتا اکبری (زنان و زایمان),doctors,doctor,doctors,True,False,35.7630748,51.4353266,1793,government_political,True
مرکز پوست و مو و زیبایی جماران,doctors,doctor,doctors,True,False,35.8166996,51.4592095,1794,government_political,True
دکترساناز گودرزی,doctors,doctor,doctors,True,False,35.7779853,51.4437174,1795,,False
کلینیک فوق تخصصی زیبایی ساباط,clinic,clinic,clinic,True,False,35.7866419,51.4243263,1796,,False
کلینیک ارتوپدی فنی آرامیس طب,clinic,clinic,clinic,True,False,35.7219049,51.3381124,1797,airport_buffer|government_political,True
دکتر شهلا مشاغی متخصص کودکان,doctors,doctor,doctors,True,False,35.722866,51.3895435,1798,government_political,True
مرکز درمان در منزل جهاد دانشگاهی علوم پزشکی تهران,clinic,clinic,clinic,True,False,35.698495,51.4002843,1799,,False
کلینیک دندانپزشکی جهاد دانشگاهی علوم پزشکی تهران,clinic,clinic,clinic,True,False,35.6992131,51.400049,1800,,False
دکتر مهریار خسروشاهی دیابتولوژیست,doctors,doctor,doctors,True,False,35.7722542,51.3531519,1801,,False
مطب روانپزشکی دکتر فرزانه,doctors,doctor,doctors,True,False,35.7574819,51.4137414,1802,government_political,True
مطب دکتر ناصر علیزاده,doctors,doctor,doctors,True,False,35.7266301,51.3233154,1803,,False
دکتر شیارکار جراح و متخصص بیماری‌های چشم,doctors,doctor,doctors,True,False,35.7535331,51.4806448,1804,,False
مطب روان‌کاوی سلمان جلالی,doctors,doctor,doctors,True,False,35.7236518,51.3151125,1805,airport_buffer|government_political,True
کلینیک لاغری دکتر کاظمی,clinic,clinic,clinic,True,False,35.7710223,51.366996,1806,,False
مطب دکتر علیرضا نجف,doctors,doctor,doctors,True,False,35.7206305,51.3892475,1807,,False
دکتر مجید ناصرخاکی متخصص پروتزهای دندانی و ایمپلنت,doctors,doctor,doctors,True,False,35.7669742,51.4413275,1808,government_political,True
كلينيك زيبايي درناز,clinic,clinic,clinic,True,False,35.7699693,51.3584811,1809,,False
دندانپزشکی نیکان,clinic,clinic,clinic,True,False,35.7258686,51.4357051,1810,,False
کلینیک روانشناسی سبک زندگی,clinic,clinic,clinic,True,False,35.7617721,51.4682544,1811,,False
مطب دندانپزشکی کودکان دکتر مریم فروزانمهر,clinic,clinic,clinic,True,False,35.6873118,51.3736948,1812,airport_buffer,True
مطب دکتر پیمان کاظمی,doctors,doctor,doctors,True,False,35.7592348,51.4111696,1813,government_political,True
ساختمان پزشکان کالج,clinic,clinic,clinic,True,False,35.7890787,51.4594072,1814,,False
مطب دکتر علی رضاپور فوق تخصص عفونی اطفال,doctors,doctor,doctors,True,False,35.7617712,51.4441722,1815,government_political,True
درمانگاه شبانه روزی دکتر صفائیان,clinic,clinic,clinic,True,False,35.7356843,51.4406116,1816,,False
دکتر انوشه اسدی,doctors,doctor,doctors,True,False,35.7407517,51.5331343,1817,,False
مطب تغذیه و رژیم درمانی بهاره آقایی,clinic,clinic,clinic,True,False,35.786679,51.4242104,1818,,False
مرکز دندانپزشکی دکتر علی ستوده,doctors,doctor,doctors,True,False,35.7525429,51.5096484,1819,,False
دکتر رضا پیرهادی,doctors,doctor,doctors,True,False,35.7288701,51.5202963,1820,,False
پزشک متخصص زنان  فلوشیپ لاپاراسکوپی دکتر اتوسا قاسمی,doctors,doctor,doctors,True,False,35.7356871,51.3390653,1821,,False
کلینیک پزشکی زیبایی دکتر ملینا پورکاظمی,doctors,doctor,doctors,True,False,35.803055,51.4345879,1822,government_political,True
دکتر شادی احدی فر ( روانشناس و بازیگر),doctors,doctor,doctors,True,False,35.7557014,51.3331987,1823,,False
مطب دکتر سعید انتظاری,doctors,doctor,doctors,True,False,35.7703469,51.3629076,1824,,False
شفا صحت آزما,,laboratory,laboratory,True,False,35.7198519,51.4948829,1825,airport_buffer,True
مطب دکتر سیامک فائز,hospital,hospital,hospital,True,True,35.7231339,51.4231328,1826,,False
unnamed,doctors,clinic,doctors,True,False,35.7229965,51.423176,1827,,False
unnamed,hospital,hospital,hospital,True,True,35.7228031,51.4234543,1828,,False
کلینیک زیبایی یروشا,clinic,clinic,clinic,True,False,35.8190189,51.4914316,1829,,False
مطب دکتر محمد مجیدی,doctors,doctor,doctors,True,False,35.8077081,51.419527,1830,,False
کلینیک درمان واریس,doctors,doctor,doctors,True,False,35.7946792,51.434813,1831,government_political,True
مطب دندانپزشکی دکتر مجید بهنام تقی پور,doctors,doctor,doctors,True,False,35.7652217,51.4346622,1832,,False
مرکز چکاپ هوشمند و جوانسازی ریترن,clinic,clinic,clinic,True,False,35.7699891,51.4403096,1833,,False
آزمایشگاه پاتوبیولوژی نوید سلامت,,laboratory,laboratory,True,False,35.7315532,51.4837298,1834,airport_buffer,True
کلینیک زیبایی دیورا,clinic,clinic,clinic,True,False,35.7906977,51.4213611,1835,,False
کلینیک تخصصی ارتوپدی فنی رجبی راد,clinic,clinic,clinic,True,False,35.7074732,51.3907532,1836,,False
مطب دندانپزشکی دکتر امید شهباز زاده,doctors,doctor,doctors,True,False,35.7685956,51.4197644,1837,,False
کلینیک زیبایی سمیه فلاح,doctors,doctor,doctors,True,False,35.6734607,51.3805025,1838,government_political,True
دکتر کامران داودی راد,doctors,doctor,doctors,True,False,35.7169998,51.4154192,1839,government_political,True
مرکز مشاوره و رواندرمانی خانه نیکان,clinic,clinic,clinic,True,False,35.7631494,51.4440181,1840,,False
مطب دکتر اشکان حاجی مصطفی زاده,doctors,doctor,doctors,True,False,35.800359,51.4825887,1841,government_political,True
ساختمان پزشکی پارس,clinic,clinic,clinic,True,False,35.7316113,51.4596373,1842,,False
کلینیک تغذیه دکتر یگانه کیان,doctors,doctor,doctors,True,False,35.7711217,51.3669365,1843,,False
شفا کلینیک,clinic,,clinic,True,False,35.7080863,51.3888209,1844,,False
دکتر حمیدرضا بدیهی,doctors,clinic,doctors,True,False,35.7374273,51.5561933,1845,,False
Turan Hearing Aid Center,hospital,hospital,hospital,True,True,35.7417034,51.5326919,1846,,False
ساختمان میلاد,clinic,clinic,clinic,True,False,35.6569915,51.3678383,1847,government_political,True
ازمایشگاه تشخیص طبی رایت,,laboratory,laboratory,True,False,35.6791524,51.4012244,1848,,False
دکتر علاء طهرانی فوق تخصص ریه,doctors,,doctors,True,False,35.6920177,51.4647596,1849,airport_buffer|government_political,True
کلینیک اریتمی دکتر امیر طاووسی,doctors,doctor,doctors,True,False,35.7520179,51.4109308,1850,,False
دکتر مریم شاه حسینی,doctors,doctor,doctors,True,False,35.7999922,51.4504124,1851,,False
مطب آقای دکتر سالار باغبانی,doctors,doctor,doctors,True,False,35.7391696,51.5931972,1852,,False
موسسه رادیولوژی و سونوگرافی دی,clinic,,clinic,True,False,35.6581611,51.3576834,1853,airport_buffer,True
مطب دکتر عبداله بهرامی متخصص قلب وعروق,doctors,doctor,doctors,True,False,35.6944755,51.2418033,1854,airport_buffer,True
مطب دکتر عابدی,doctors,doctor,doctors,True,False,35.7483507,51.3036951,1855,government_political,True
مطب زیبایی دکتر رعنا هاشمی,doctors,doctor,doctors,True,False,35.7289611,51.4136049,1856,,False
كلینیك رادیولوژی و سونوگرافی مهر,clinic,clinic,clinic,True,False,35.751728,51.2883074,1857,,False
مطب دکتر دیناگل دربر متخصص داخلی,doctors,doctor,doctors,True,False,35.6975385,51.3661052,1858,airport_buffer,True
مطب ارتوپدی دکتر سالار باغبانی,doctors,doctor,doctors,True,False,35.7270797,51.3792286,1859,,False
درمانگاه کریمهٔ اهل بیت,clinic,,clinic,True,False,35.689719,51.3907752,1860,,False
Moukaran Hair Clinic,clinic,,clinic,True,False,35.7584869,51.4080708,1861,,False
دکتر مریم علی اکبر متخصص زنان,doctors,doctor,doctors,True,False,35.7828379,51.3761351,1862,,False
درمانگاه شبانه روزی سهند ( فتح الله زاده),clinic,clinic,clinic,True,False,35.6316371,51.3751678,1863,,False
دکتر مرضیه میری,doctors,,doctors,True,False,35.6905485,51.4580036,1864,airport_buffer|government_political,True
دکتر زهرامعصومی متخصص  زنان,doctors,doctor,doctors,True,False,35.6871699,51.3696717,1865,airport_buffer|critical_infrastructure|government_political,True
کلینیک زیبایی استارلت,clinic,clinic,clinic,True,False,35.8088005,51.4154426,1866,,False
مطب دکتر حمیدرضا فاتح,doctors,doctor,doctors,True,False,35.7239309,51.4069644,1867,government_political,True
دکتر مهدیه یوسفی,doctors,doctor,doctors,True,False,35.7550549,51.3039187,1868,government_political,True
کلینیک پوست و مو آوینا,doctors,doctor,doctors,True,False,35.7550003,51.4123633,1869,government_political,True
مطب پوست و مو زیبایی دکتر ملیحه عسگری,doctors,doctor,doctors,True,False,35.7564022,51.4506241,1870,,False
مطب دکتر محدثه داوری دهان و دندانپزشکی,doctors,doctor,doctors,True,False,35.7773072,51.4188608,1871,,False
دکتر پریسا ارجمندی,doctors,doctor,doctors,True,False,35.7489551,51.4501284,1872,military_security,True
مطب دکتر مهدی حسن آبادی,doctors,,doctors,True,False,35.7118017,51.4023307,1873,,False
کلینیک دکتر عاطفه لارتی متخصص طب فیزیکی ستون فقرات و مفاصل,doctors,doctor,doctors,True,False,35.8077854,51.4412471,1874,,False
مرکز تغذیه و رژیم درمانی کیمیا,doctors,doctor,doctors,True,False,35.721286,51.4278713,1875,,False
دکتر ثریا موحد,doctors,doctor,doctors,True,False,35.7712793,51.378128,1876,,False
کلینیک روانشناسی روان الماس,doctors,psychotherapist,doctors,True,False,35.7635574,51.3044488,1877,,False
دکترغلامرضا موسوی مجد,doctors,doctor,doctors,True,False,35.7587465,51.4132234,1878,,False
کلینیک بایورزونانس ایران طب,clinic,clinic,clinic,True,False,35.7782962,51.3599947,1879,government_political,True
مطب دکتر علی نریمانیENT,doctors,doctor,doctors,True,False,35.7680716,51.4603612,1880,government_political,True
درمانگاه لرزاده,hospital,hospital,hospital,True,True,35.6642259,51.4394881,1881,,False
فیزیوتراپی شمس,doctors,doctor,doctors,True,False,35.741613,51.5468869,1882,,False
کلینیک دکتر محمدپور,clinic,clinic,clinic,True,False,35.8172136,51.4809171,1883,,False
مطب دکتر علیرضا جلیل زاده خویی,doctors,doctor,doctors,True,False,35.7390338,51.4092364,1884,,False
دکتر شهاب آفرینگاه,doctors,doctor,doctors,True,False,35.7987515,51.4607129,1885,,False
مطب دادمان,doctors,doctor,doctors,True,False,35.765879,51.3594338,1886,,False
کلینیک زیبایی فارال اسکین,doctors,doctor,doctors,True,False,35.7393739,51.4950574,1887,,False
رادیولوژی و سونوگرافی رسا,doctors,doctor,doctors,True,False,35.6912099,51.4721824,1888,airport_buffer,True
کلینیک دندان پزشکی هما,hospital,clinic,hospital,True,True,35.7761624,51.4229305,1889,government_political,True
مطب دکتر سمیرا ازقندی,doctors,doctor,doctors,True,False,35.7820113,51.3764705,1890,government_political,True
پزشکی هسته ای دکتر نقشینه,clinic,clinic,clinic,True,False,35.7559859,51.3267654,1891,,False
رادیولوژی فک و صورت نورا پرتو,doctors,doctor,doctors,True,False,35.7499662,51.4497821,1892,,False
آزمایشگاه پاتوبیولوژی لی لی,,laboratory,laboratory,True,False,35.7990384,51.4419392,1893,government_political,True
دکتر علی فرهودی,doctors,doctor,doctors,True,False,35.7607523,51.4191283,1894,,False
طبابت داخلی کلیه و فشارخون دکتر حمید پیراسته,doctors,doctor,doctors,True,False,35.7472466,51.4110788,1895,,False
کلینیک رزانا,doctors,doctor,doctors,True,False,35.7698241,51.4179773,1896,government_political,True
مطب دکتر علی یوسفی اودرجی,doctors,doctor,doctors,True,False,35.7614937,51.462079,1897,,False
مطب دکتر معصومه زینلیان,doctors,doctor,doctors,True,False,35.7090762,51.2792456,1898,airport_buffer,True
کلینیک لاغری ماهسان,clinic,clinic,clinic,True,False,35.7836029,51.3664873,1899,,False
شرکت داروسازی پارس حیان,,laboratory,laboratory,True,False,35.7720714,51.4203978,1900,,False
دکتر یلدا پورحسن متخصص زنان و زایمان و نازایی,doctors,doctor,doctors,True,False,35.7583175,51.3619418,1901,,False
کلینیک مشاوره اتاق ابی,doctors,doctor,doctors,True,False,35.7551746,51.2598845,1902,airport_buffer,True
دکتر سمیرا نوردی فلوشیپ ام اس,doctors,doctor,doctors,True,False,35.7579809,51.450715,1903,,False
مشاوره‌ روانشناسی وتحصیلی,doctors,doctor,doctors,True,False,35.7997069,51.4464287,1904,,False
مطب زیبایی دکتر نغمه دهقانیان,doctors,doctor,doctors,True,False,35.7628916,51.4427495,1905,,False
رادیولوژی و سونوگرافی آریا,clinic,clinic,clinic,True,False,35.7227892,51.3287473,1906,airport_buffer,True
مرکز تخصصی ارتوپدی فنی طارمی,clinic,clinic,clinic,True,False,35.742062,51.4528878,1907,,False
سکینه بهبودی کارشناس ارشد مامایی,doctors,doctor,doctors,True,False,35.7233159,51.328839,1908,airport_buffer|government_political,True
کلینیک مدرن,clinic,clinic,clinic,True,False,35.7324023,51.3561232,1909,,False
دکتر فاطمه شعبانی متخصص مغز و اعصاب,doctors,doctor,doctors,True,False,35.7221358,51.3322996,1910,airport_buffer,True
مطب دکترفرید عاملی,doctors,doctor,doctors,True,False,35.723248,51.4234888,1911,,False
کلینیک مدیسا سعادت آباد,doctors,doctor,doctors,True,False,35.7779503,51.3598359,1912,government_political,True
ساختمان پزشکان المپیک,clinic,clinic,clinic,True,False,35.7459448,51.2628906,1913,airport_buffer|government_political,True
مطب دکتر فضلی فوق تخصص گوارش و کبد,doctors,doctor,doctors,True,False,35.7654305,51.3615605,1914,,False
دکتر سجاد محمدی,doctors,doctor,doctors,True,False,35.7797748,51.366338,1915,,False
دکتر هاجر تندگویان,doctors,doctor,doctors,True,False,35.7603928,51.4508974,1916,,False
آزمایشگاه دکتر ناجی,,laboratory,laboratory,True,False,35.751928,51.3041796,1917,,False
دکتر پریسا پورفرزانه,doctors,doctor,doctors,True,False,35.8207619,51.4338795,1918,,False
گروه پزشكى باور | Bavar Medical Group,doctors,doctor,doctors,True,False,35.7975159,51.4101968,1919,,False
مطب دکتر هادی آمالی,doctors,doctor,doctors,True,False,35.7602417,51.4141067,1920,,False
دکتر فریبرز عزیزی,doctors,doctor,doctors,True,False,35.6923334,51.4816944,1921,airport_buffer|government_political,True
مرکز مشاوره ساجد,doctors,doctor,doctors,True,False,35.7661663,51.3401773,1922,,False
دکتر غلامحسین رضاپور,doctors,doctor,doctors,True,False,35.7633487,51.4117618,1923,government_political,True
کلینیک تخصصی زیبائی دکتر اکرم کریمیار,doctors,doctor,doctors,True,False,35.6372973,51.404622,1924,,False
طب سوزنی هستیا,clinic,clinic,clinic,True,False,35.7920542,51.4167351,1925,,False
دکتر سعيد اوسطي - دکترای تخصصی تغذیه,doctors,doctor,doctors,True,False,35.778393,51.3618201,1926,government_political,True
آزمایشگاه تشخیص پزشکی پورسینا,,laboratory,laboratory,True,False,35.7591694,51.3121437,1927,,False
دکتر مانا رضایی مشاوره کودک و فرزندپروری,clinic,clinic,clinic,True,False,35.7823772,51.4144767,1928,,False
مطب دکتر مروارید احمدبیگی,doctors,doctor,doctors,True,False,35.7563414,51.4487214,1929,government_political,True
دکتر زهرا اعمرائی,doctors,doctor,doctors,True,False,35.7380948,51.4788326,1930,government_political,True
کلینیک آفتاب مرکز تخصصی پوست و مو و زیبایی,clinic,clinic,clinic,True,False,35.7510368,51.3278008,1931,,False
کلینیک درماژن,clinic,clinic,clinic,True,False,35.7780077,51.3601278,1932,government_political,True
سونوگرافی ماموگرافی الزهرا,doctors,doctor,doctors,True,False,35.7180471,51.438271,1933,airport_buffer|government_political,True
دکتر محمدصادق حق‌پرست چشم‌پزشک,doctors,doctor,doctors,True,False,35.7985848,51.4407451,1934,government_political,True
مطب پوست و مو دکتر ویدا شکیبا,doctors,doctor,doctors,True,False,35.8087242,51.4157432,1935,,False
كلينيك تخصصي پوست و زيبايي دكتر  فروردين,clinic,clinic,clinic,True,False,35.8062729,51.4715257,1936,government_political,True
کلینیک زخم ابرا,clinic,clinic,clinic,True,False,35.6980175,51.2645644,1937,airport_buffer,True
دکتر علی حاجب,doctors,doctor,doctors,True,False,35.7752547,51.4638673,1938,,False
مطب روانشناسی سارا رشیدی,doctors,doctor,doctors,True,False,35.7926387,51.4180858,1939,,False
دکتر سارا اسماعیلوندی,doctors,doctor,doctors,True,False,35.7532645,51.263682,1940,airport_buffer,True
مطب دکتر مهرناز میرزایی,doctors,doctor,doctors,True,False,35.7537427,51.3662196,1941,,False
درمانگر زهرا نوشاد,doctors,doctor,doctors,True,False,35.7666536,51.4431299,1942,,False
مطب روان پزشکی دکتر علی نیک جو,doctors,doctor,doctors,True,False,35.7601197,51.441782,1943,,False
دکتر صالحیان جراح عمومی و عروق,doctors,doctor,doctors,True,False,35.7668199,51.4409634,1944,,False
مرکز مشاوره و ارائه خدمات پرستاری نشاط زندگی در منزل,doctors,doctor,doctors,True,False,35.6990235,51.3916419,1945,,False
آزمایشگاه پاتوبیولوژی و ژنتیک جردن,,laboratory,laboratory,True,False,35.7612197,51.4195045,1946,,False
fasdekhooncenter.com,hospital,hospital,hospital,True,True,35.7618688,51.4597708,1947,,False
دکتر علی شهابی,doctors,doctor,doctors,True,False,35.7775823,51.3589666,1948,,False
مطب دکتر هنگامه روحتافی,doctors,doctor,doctors,True,False,35.7255465,51.3358471,1949,airport_buffer,True
دکتر علی اصغر باباجانی,doctors,doctor,doctors,True,False,35.7588395,51.4132518,1950,,False
کلینیک آسمان,clinic,clinic,clinic,True,False,35.7755123,51.364347,1951,,False
مطب دکتر مهتاب آروان,doctors,doctor,doctors,True,False,35.7895391,51.3747648,1952,,False
مطب دکتر وحدت زنبوری- فوق تخصص غدد,doctors,doctor,doctors,True,False,35.7792735,51.4447057,1953,,False
دکتر بابک کشوری,doctors,doctor,doctors,True,False,35.7264098,51.4136741,1954,government_political,True
دکتر مائده عابدین زاده,doctors,doctor,doctors,True,False,35.7706698,51.3745403,1955,,False
کلینیک نسیمی,clinic,clinic,clinic,True,False,35.7437515,51.3128923,1956,,False
مرکز تخصصی اکوکاردیوگرافی قلب جنین و کودک,hospital,hospital,hospital,True,True,35.6974337,51.4375592,1957,airport_buffer,True
مرکز اکو قلب جنین و کودک,doctors,doctor,doctors,True,False,35.6974088,51.4376996,1958,airport_buffer,True
مطب دکتر باقر افشار,doctors,doctor,doctors,True,False,35.7797111,51.4494481,1959,,False
unnamed,clinic,clinic,clinic,True,False,35.6953749,51.4774998,1960,airport_buffer,True
مرکز پزشکی تخصصی کودکان رویش,clinic,clinic,clinic,True,False,35.7716858,51.3823922,1961,,False
درمان درمنزل همراز,clinic,clinic,clinic,True,False,35.6997787,51.3902043,1962,,False
مطب دکتر دامون طاهرزاده,doctors,doctor,doctors,True,False,35.7653988,51.4420517,1963,,False
کلینیک زیبایی آرو,doctors,doctor,doctors,True,False,35.8021784,51.433978,1964,government_political,True
مرکز اکوکاردیوگرافی قلب جنین و کودک,doctors,doctor,doctors,True,False,35.7255041,51.4193661,1965,,False
مطب پوست و مو  دکتر شعله,doctors,doctor,doctors,True,False,35.7572092,51.4497748,1966,,False
مطب دکتر زهرا استیلاف,doctors,doctor,doctors,True,False,35.7591433,51.4416765,1967,,False
مطب چشم پزشکی دکتر علی ایزدی,doctors,doctor,doctors,True,False,35.7680591,51.411956,1968,,False
مطب دکتر سهیلا درزی خلردی,doctors,doctor,doctors,True,False,35.6912629,51.4721204,1969,airport_buffer,True
دکتر مستان شقاقی متخصص زیبایی,doctors,doctor,doctors,True,False,35.7765814,51.3653179,1970,,False
ترک اعتیاد آینه,clinic,clinic,clinic,True,False,35.6987666,51.2548573,1971,airport_buffer,True
کلینیک روانشناسی و مشاوره بلوم,doctors,doctor,doctors,True,False,35.7911112,51.4567257,1972,,False
مرکز درمان اعتیاد نیلوپر,clinic,clinic,clinic,True,False,35.7367038,51.432593,1973,,False
کلینیک زیبایی سپید,doctors,doctor,doctors,True,False,35.7564501,51.4496989,1974,,False
مطب دکتر مرتضی رضیعی,doctors,doctor,doctors,True,False,35.734154,51.3545608,1975,,False
مرکز ارتوپدی فنی پایتخت,doctors,doctor,doctors,True,False,35.7220554,51.3323866,1976,airport_buffer,True
آزمایشگاه تشخیص طبی طبیب,doctors,doctor,doctors,True,False,35.6918216,51.4437749,1977,airport_buffer|government_political,True
رادیولوژی دکتر مهسا افقهی,doctors,doctor,doctors,True,False,35.749632,51.3036337,1978,government_political,True
بهترین دکتر کانتورینگ پروفایلو استراکچرا,doctors,doctor,doctors,True,False,35.8068334,51.4715995,1979,government_political,True
كلينيك دكتر مهدوي نيا,doctors,doctor,doctors,True,False,35.7980644,51.4215486,1980,,False
دکتر فربد امامی یگانه جراح چاقی,doctors,doctor,doctors,True,False,35.7629258,51.4427362,1981,,False
مطب دکتر سید امیر حامد همراهیان پزشک عمومی,doctors,doctor,doctors,True,False,35.7377427,51.4323267,1982,,False
دکتر محمدتقی جعفری,doctors,doctor,doctors,True,False,35.7460302,51.5355829,1983,,False
مطب چشم پزشکی فوق تخصصی شبکیه,doctors,doctor,doctors,True,False,35.7579455,51.4439275,1984,government_political,True
کلینیک تخصصی پوست و مو و لیزر مهرآوه,doctors,doctor,doctors,True,False,35.8057733,51.4400405,1985,government_political,True
درمانگاه شبانه‌روزی شهید مهدوی,clinic,,clinic,True,False,35.7395393,51.4752951,1986,,False
کلینیک زیبایی بلوط,doctors,doctor,doctors,True,False,35.6023381,51.4375391,1987,,False
آزمایشگاه پاتوبیولوژی عماد,,laboratory,laboratory,True,False,35.7234511,51.4241923,1988,,False
موسسه پزشکی نسل امید,clinic,,clinic,True,False,35.7539352,51.4145726,1989,,False
بیمارستان فوق‌تخصصی چشم آفتاب,hospital,hospital,hospital,True,True,35.7573581,51.2696629,1990,,False
درمانگاه شبانه روزی ماهان,clinic,,clinic,True,False,35.7770778,51.3557088,1991,,False
کلینیک فیزیوتراپی فرشته,hospital,hospital,hospital,True,True,35.7923509,51.4174712,1992,,False
مطب دکتر نیما رضائی پزشک زیبایی,doctors,doctor,doctors,True,False,35.7975327,51.4080924,1993,,False
مطب دکتر لیلا فرد ( مجموعه پوست، مو و لیزر ),doctors,doctor,doctors,True,False,35.8008787,51.4523646,1994,,False
درمانگاه شبانه روزی طوبی,clinic,,clinic,True,False,35.6868345,51.4741015,1995,airport_buffer,True
درمانگاه طب الرضا,clinic,,clinic,True,False,35.680151,51.4881872,1996,airport_buffer,True
کلینیک پایتخت,clinic,,clinic,True,False,35.7576638,51.4066628,1997,government_political,True
چشم پزشکی روشن,clinic,clinic,clinic,True,False,35.6769623,51.3601299,1998,airport_buffer|government_political,True
مجتمع پزشکی اقاقیا,doctors,,doctors,True,False,35.748331,51.2340492,1999,airport_buffer|government_political,True
مرکز تصویربرداری پایتخت,clinic,,clinic,True,False,35.7592015,51.4365184,2000,government_political,True
درمانگاه و کلینیک نارون,clinic,,clinic,True,False,35.6755505,51.4858456,2001,airport_buffer,True
دکتر سید مجتبی علوی,doctors,doctor,doctors,True,False,35.7801984,51.4605673,2002,,False
مرکز لیزر کندلا,doctors,doctor,doctors,True,False,35.6976774,51.3663129,2003,airport_buffer,True
مطب دكتر ایفا اعتصامی  متخصص پوست مو لیزر و زیبایی,doctors,doctor,doctors,True,False,35.7557854,51.4101279,2004,,False
دندانپزشکی دکتر نسیم خداداد,clinic,clinic,clinic,True,False,35.7269314,51.5028554,2005,airport_buffer,True
کلینیک نورسا,,hospital,hospital,True,True,35.7836876,51.3615958,2006,,False
کلینیک دندانپزشکی ژاو,clinic,clinic,clinic,True,False,35.7694698,51.3644388,2007,,False
کلینیک تخصصی دندانپزشکی دکتر بغدادی,clinic,clinic,clinic,True,False,35.7652202,51.3585253,2008,,False
دکتر فرزانه گلفام,doctors,doctor,doctors,True,False,35.7798821,51.363857,2009,,False
کلینیک گوارش و کبد حامی,clinic,clinic,clinic,True,False,35.7319226,51.4172454,2010,government_political,True
ماما عاطفه طاهری,doctors,doctor,doctors,True,False,35.7679033,51.4605042,2011,government_political,True
مشاور خانواده و زوج درمانگر حمیلا بخشی,doctors,doctor,doctors,True,False,35.718112,51.414013,2012,,False
سلامت محور لیان,doctors,doctor,doctors,True,False,35.6557489,51.3535427,2013,airport_buffer,True
آزمایشگاه پزشکی,,laboratory,laboratory,True,False,35.6902033,51.4471556,2014,airport_buffer|government_political,True
مرکز آب درمانی و حرکات اصلاحی دکتر گلشنی,doctors,doctor,doctors,True,False,35.75795,51.4398935,2015,government_political,True
کلینیک فوق تخصصی قلب جنین و کودک دکتر همتیان,doctors,doctor,doctors,True,False,35.7080148,51.3883464,2016,,False
دکتر علی دادرس,hospital,hospital,hospital,True,True,35.7957769,51.4422974,2017,government_political,True
دکتر علی دادرس,hospital,hospital,hospital,True,True,35.7957976,51.4421908,2018,government_political,True
مطب جراحی دهان فک و صورت دکتر امان اله قاسم زاده,doctors,doctor,doctors,True,False,35.7569053,51.4423271,2019,government_political,True
درمانگاه خیریه ابا صالح,clinic,,clinic,True,False,35.7898365,51.4181688,2020,government_political,True
فیزیوتراپی غرب تهران (رئیسی),doctors,doctor,doctors,True,False,35.6745884,51.3385789,2021,airport_buffer,True
مرکز مشاوره تخصصی تفکر,doctors,doctor,doctors,True,False,35.7329929,51.1657487,2022,,False
آزمایشگاه آنلاین هلپینا,,laboratory,laboratory,True,False,35.7413065,51.3025815,2023,government_political,True
آزمایشگاه تشخیص طبی تکین(نظام مافی),,laboratory,laboratory,True,False,35.7412614,51.3025459,2024,government_political,True
کلینیک زیبایی دکتر صادقی,doctors,doctor,doctors,True,False,35.7142382,51.3037653,2025,airport_buffer,True
هوپ کلینیک,clinic,clinic,clinic,True,False,35.7627755,51.4120362,2026,government_political,True
مطب پزشکی و خدمات زیبایی دکتر فرشاد فتحی,doctors,doctor,doctors,True,False,35.7578457,51.2247678,2027,airport_buffer,True
دندانپزشکی دکتر میلاد پناهگاهی,clinic,clinic,clinic,True,False,35.7459901,51.4114117,2028,,False
مطب دکتر نوشین پیروی,doctors,doctor,doctors,True,False,35.7550048,51.3338006,2029,,False
مطب چشم پزشکی دکتر سیامک مرادیان,doctors,doctor,doctors,True,False,35.7687698,51.4626628,2030,,False
مطب دکتر حنانه عظیمی کلینیک حنان,clinic,clinic,clinic,True,False,35.7856951,51.3734008,2031,,False
تغذیه و طب ورزش دکتر طالاری,doctors,doctor,doctors,True,False,35.7354618,51.4953441,2032,airport_buffer|government_political,True
مرکز سونوگرافی مدآل (خانم دکتر دیدار شمالی),doctors,doctor,doctors,True,False,35.7962344,51.4434487,2033,government_political,True
دکتر علیرضا پاکدل - اورولوژیست,doctors,doctor,doctors,True,False,35.7724995,51.4375194,2034,government_political,True
مطب دندانپزشکی آرمان,doctors,doctor,doctors,True,False,35.7712186,51.3801999,2035,,False
کلینیک فوق تخصصی قلب و عروق دکتر الهام هوشمند,doctors,doctor,doctors,True,False,35.7599168,51.3301688,2036,,False
مطب پوست و لیزردکتر محمد ابراهیم رفیعی,doctors,doctor,doctors,True,False,35.8058564,51.3997866,2037,government_political,True
دکتر تورج واله متخصص غدد,doctors,doctor,doctors,True,False,35.7572458,51.4481783,2038,government_political,True
مطب دکتر سلطانی متخصص زنان زایمان و نازایی,doctors,doctor,doctors,True,False,35.7381769,51.3266836,2039,,False
دکتر پریسا صمیمی جراح انکوپلاستیک پستان,doctors,doctor,doctors,True,False,35.7223654,51.4002907,2040,government_political,True
مطب روان‌شناسی روان‌نما,clinic,clinic,clinic,True,False,35.7220258,51.4074989,2041,,False
دندانپزشکی دکتر مهدی ملائی,clinic,clinic,clinic,True,False,35.770205,51.4400899,2042,,False
مطب تخصصی پزشکی مشاوره پزشکی,doctors,doctor,doctors,True,False,35.7060015,51.3530834,2043,airport_buffer,True
آزمایشگاه دنیا,,laboratory,laboratory,True,False,35.7675628,51.4213982,2044,,False
مطب دکتر کیانیان,clinic,clinic,clinic,True,False,35.7823376,51.4144977,2045,,False
گفتاردرمانی و کاردرمانی آریا,clinic,clinic,clinic,True,False,35.7227929,51.3298216,2046,airport_buffer,True
کلینیک قلب و عروق و درمان واریس دکتر وحید دودمان,doctors,doctor,doctors,True,False,35.7786221,51.3609149,2047,government_political,True
کلینیک جامع توانبخشی وحدت,clinic,clinic,clinic,True,False,35.7645236,51.4723225,2048,,False
مطب دندانپزشکی دکتر ابوالفضل صبوری,doctors,doctor,doctors,True,False,35.729699,51.4371902,2049,,False
مطب دکتر غزاله بزرگی نامی,doctors,doctor,doctors,True,False,35.7694177,51.4199766,2050,,False
دکتر فرزاد نوری  جراح  فک و صورت,doctors,doctor,doctors,True,False,35.7711253,51.4151184,2051,,False
کلینیک چشم پزشکی دکتر محمدرضا زرین,doctors,doctor,doctors,True,False,35.720206,51.3590484,2052,,False
مطب رژیم درمانی آیدا حسینی,clinic,clinic,clinic,True,False,35.7067973,51.3045671,2053,airport_buffer,True
شنوایی سنجی و سمعک سعادت,doctors,doctor,doctors,True,False,35.782049,51.3761101,2054,government_political,True
مطب دکتر آیسان رحیمی نیا,,doctor,doctor,True,False,35.7839881,51.3664086,2055,,False
مطب تخصصی کودکان دکتر اکرم نوری,doctors,doctor,doctors,True,False,35.7472996,51.4501836,2056,,False
مطب دندانپزشکی دکتر سمیرا سلطانپور نمین,doctors,doctor,doctors,True,False,35.7272215,51.3555251,2057,,False
کلینیک مشاوره و روانشناسی و روانپزشکی پیروز,clinic,clinic,clinic,True,False,35.7575909,51.4080454,2058,,False
دندانپزشکی دکتر زهرا حنیفه زاده,clinic,clinic,clinic,True,False,35.7069322,51.3413994,2059,airport_buffer,True
دکترمسعودحیدری جراح پلاستیک و زیبایی,doctors,doctor,doctors,True,False,35.7821107,51.3856663,2060,,False
مطب دکتر سمانه حاتمی فوق تخصص روماتولوژی,doctors,doctor,doctors,True,False,35.7216718,51.330103,2061,airport_buffer,True
مطب دکتر سعید سجادی,doctors,doctor,doctors,True,False,35.7651064,51.4384094,2062,,False
مطب پوست و مو دکتر زریان جعفری,doctors,doctor,doctors,True,False,35.7056753,51.3679943,2063,airport_buffer,True
کلینیک فیزیوتراپی یونیک پاور,doctors,doctor,doctors,True,False,35.7482867,51.3354207,2064,,False
مطب دکتر جواهری,clinic,clinic,clinic,True,False,35.7217234,51.3422491,2065,airport_buffer,True
درمانگاه تخصصی ولیعصر عج,clinic,clinic,clinic,True,False,35.6828667,51.3871566,2066,,False
مطب دکتر زهرا حسینی نژاد اعصاب کودکان,doctors,doctor,doctors,True,False,35.7583161,51.4471532,2067,government_political,True
مطب دکتر حسن هشیار متخصص اورولوژی,doctors,doctor,doctors,True,False,35.7743334,51.3570246,2068,,False
کلینیک ترک اعتیاد اعتماد,clinic,clinic,clinic,True,False,35.8021581,51.4340619,2069,government_political,True
مطب دکتر عباس محمودی قرا متخصص اعصاب و روان (روانپزشک),doctors,doctor,doctors,True,False,35.7580883,51.4139924,2070,government_political,True
دکتر علیرضا پیمان‌فر,doctors,doctor,doctors,True,False,35.7704562,51.4400396,2071,,False
دکتر الهام عبدی,doctors,doctor,doctors,True,False,35.7704548,51.4400617,2072,,False
مرکز لیزر و زیبایی دکترعمرانی,doctors,doctor,doctors,True,False,35.7824535,51.3767846,2073,,False
کلینیک روان شناسی و مشاوره دکتر شبنم مقتدری,clinic,clinic,clinic,True,False,35.7728769,51.4382671,2074,government_political,True
دکتر وحید قدری | روان‌شناس,doctors,doctor,doctors,True,False,35.7109204,51.3059532,2075,airport_buffer,True
فیزیوتراپی زعفرانیه,hospital,clinic,hospital,True,True,35.7986371,51.4138193,2076,,False
کلینیک زر,clinic,clinic,clinic,True,False,35.7677167,51.4763534,2077,government_political,True
کلینیک لیزر مو زائد و زیبایی آیرین,doctors,doctor,doctors,True,False,35.7692832,51.4770717,2078,,False
کلینیک دکتر زرگنج فرد,clinic,clinic,clinic,True,False,35.7677363,51.4763016,2079,government_political,True
دکتر زهرا پناهی متخصص زنان و زایمان,doctors,doctor,doctors,True,False,35.777927,51.3603015,2080,government_political,True
مطب دکتر پرستوسهیل فوق تخصص نازایی,doctors,doctor,doctors,True,False,35.7247552,51.3267496,2081,airport_buffer|government_political,True
دکتر مسعود صابری | جراح مغز و اعصاب,doctors,doctor,doctors,True,False,35.7860122,51.4263174,2082,,False
دندانپزشکی دیجتال و ایمپلنت دکتر رضا بهرامی,doctors,doctor,doctors,True,False,35.7565123,51.3985854,2083,,False
مطب دندانپزشکی دکتر فوزیه رضایی,doctors,doctor,doctors,True,False,35.711015,51.4027277,2084,,False
مطب دکتر فریبا نصیری متخصص زنان,doctors,doctor,doctors,True,False,35.7646515,51.2894306,2085,government_political,True
مطب کایروپراکتیک دکتر رستگار آریا,doctors,doctor,doctors,True,False,35.816887,51.4805238,2086,,False
مطب پوست و مو دکتر امیدرضا خدادادی,doctors,doctor,doctors,True,False,35.6345417,51.3797198,2087,government_political,True
مجموعه آر تی ام اس دکتر ذاکری iran.rtms,clinic,clinic,clinic,True,False,35.7653664,51.4411533,2088,,False
دکتر فاطمه علیزادگانی  روان درمانگر,doctors,doctor,doctors,True,False,35.7584102,51.4116205,2089,government_political,True
آزمایشگاه کودکان ایران,,laboratory,laboratory,True,False,35.758245,51.4471591,2090,government_political,True
دکتر سامه کشاورزیان | دندانپزشک زیبایی,hospital,hospital,hospital,True,True,35.7643708,51.4596663,2091,,False
فیزیوتراپی آنیا,hospital,hospital,hospital,True,True,35.7465606,51.233741,2092,airport_buffer|government_political,True
کلینیک دکتر محمد گلشنی,doctors,doctor,doctors,True,False,35.8053731,51.4612834,2093,,False
مطب ارتوپدی دکتر شایان توابی,doctors,doctor,doctors,True,False,35.7873675,51.3838136,2094,,False
کلینیک زیبایی دکتر علی رحمانی,doctors,doctor,doctors,True,False,35.7750472,51.3770586,2095,government_political,True
ساختمان پزشکان فوق تخصصی سینا,doctors,doctor,doctors,True,False,35.7680356,51.4170533,2096,,False
صبا سلیلی مشاور تغذیه و رژیم درمانی | مرکز مانترا,clinic,clinic,clinic,True,False,35.7652831,51.4188299,2097,government_political,True
مطب دکتر اسماعیل محبوبی متخصص اعصاب و روان - روانپزشک,clinic,clinic,clinic,True,False,35.7588059,51.4137548,2098,,False
مرکز فوق تخصصی گوارش و کبد دکتر خیاطیان,doctors,doctor,doctors,True,False,35.7163806,51.4028837,2099,government_political,True
مطب دکتر سبز,doctors,doctor,doctors,True,False,35.7953358,51.3963518,2100,,False
کلینیک زیبایی محیا,clinic,clinic,clinic,True,False,35.6322542,51.3749846,2101,,False
کلینیک پوست و مو آی نور,clinic,clinic,clinic,True,False,35.6345465,51.3795792,2102,government_political,True
کلینیک پوست و زیبایی الیزه,clinic,clinic,clinic,True,False,35.7828938,51.3760561,2103,,False
مطب  دکتر سینا امینی زاده,doctors,doctor,doctors,True,False,35.7594642,51.410019,2104,government_political,True
مطب دکتر سهیلا انصاری پور,doctors,doctor,doctors,True,False,35.7684355,51.291862,2105,,False
کلینیک دندانپزشکی دکتر آیین آقایی,clinic,clinic,clinic,True,False,35.5911299,51.438928,2106,,False
دندانپزشکی دکتر حبیبی,clinic,clinic,clinic,True,False,35.7743423,51.4906199,2107,,False
مطب تخصصى جراحى لثه و ايمپلنت دكتر وطنى,doctors,doctor,doctors,True,False,35.7704054,51.4640613,2108,,False
کلینیک روانشناختی دی,doctors,doctor,doctors,True,False,35.7606277,51.4334601,2109,government_political,True
مطب دکتر مانی قربان زاده,doctors,doctor,doctors,True,False,35.7585015,51.3622923,2110,,False
مطب دکتر آریا رضایی,doctors,doctor,doctors,True,False,35.7854068,51.4274877,2111,,False
مرکز ماساژ تخصصی بانوان امیدشفا,clinic,clinic,clinic,True,False,35.6865385,51.3604175,2112,airport_buffer|government_political,True
مطب دکتر سعید‌رضا انتظاری,doctors,doctor,doctors,True,False,35.7704095,51.3629788,2113,,False
دکتر لیلا اصغری فوق تخصص غدد,doctors,doctor,doctors,True,False,35.7401333,51.405224,2114,,False
دکتر سیف اله همت,doctors,doctor,doctors,True,False,35.8013113,51.4597939,2115,,False
مطب دکتر شکیبا محبی تبار,doctors,doctor,doctors,True,False,35.75398,51.3959571,2116,,False
درمانگاه مرکزی شهران,clinic,,clinic,True,False,35.7584517,51.289557,2117,,False
مطب فيزيوتراپي و ليزرتراپي ١٢١,doctors,doctor,doctors,True,False,35.7096885,51.3735777,2118,,False
مطب دکتر محبوبه رهنما,doctors,doctor,doctors,True,False,35.8088939,51.4152947,2119,,False
فیزیوتراپی فاطیما,doctors,doctor,doctors,True,False,35.6901837,51.4589397,2120,airport_buffer|government_political,True
دکتر مریم خدادوست,doctors,doctor,doctors,True,False,35.7275779,51.3788251,2121,,False
مطب دندانپزشکی دکتر اميرحسين هادیان,doctors,doctor,doctors,True,False,35.6923222,51.4799503,2122,airport_buffer|government_political,True
کلینیک پزشکی دکتر شاهین سیف الو زخم,doctors,doctor,doctors,True,False,35.7675702,51.356757,2123,,False
کلینیک واریس دکتر ناصر جلیلی فر,clinic,clinic,clinic,True,False,35.5906978,51.4393288,2124,government_political,True
فیزیوتراپی توان گستر نوین,clinic,clinic,clinic,True,False,35.7271723,51.375066,2125,,False
مطب دکتر شاهرخ عطاریان,doctors,doctor,doctors,True,False,35.7251162,51.4260108,2126,government_political,True
مطب دکتر محبوبه کریمی جراح گوش و حلق  و بینی,doctors,doctor,doctors,True,False,35.782083,51.3764251,2127,government_political,True
کلینیک تخصصی قلب و عروق ایران زمین,clinic,clinic,clinic,True,False,35.705742,51.3901072,2128,,False
مطب دکتر آزاده مولوی مقدم,doctors,doctor,doctors,True,False,35.7756942,51.3660311,2129,,False
كلينيك ارتوپدى دكتر محمد ربانى,clinic,clinic,clinic,True,False,35.6603485,51.3938083,2130,,False
دکتر حدیث یگانه فرد متخصص بیماری های دهان و زیبایی,doctors,doctor,doctors,True,False,35.756464,51.4495714,2131,,False
دکتر علیرضا تسلیمی متخصص جراحی لثه,doctors,doctor,doctors,True,False,35.756452,51.4495249,2132,,False
مطب دكتر علي ناظري روانپزشك,doctors,doctor,doctors,True,False,35.7618898,51.4453519,2133,government_political,True
دکتر محمد آزادگان متخصص کودکان و نوزادان,doctors,doctor,doctors,True,False,35.7387403,51.1332345,2134,,False
دندانپزشکی دکتر فرهاد مهردادی,clinic,clinic,clinic,True,False,35.769226,51.3598066,2135,,False
کلینیک روانشناسی و مشاوره آسنا,doctors,doctor,doctors,True,False,35.756746,51.3929947,2136,,False
دکتر علی زینلی متخصص جراحی مغز و اعصاب,doctors,doctor,doctors,True,False,35.7238837,51.4231747,2137,,False
مطب دکتر مهران جمالی,doctors,doctor,doctors,True,False,35.7807219,51.4642456,2138,government_political,True
کلینیک ارتوپدی و ارتوپدفنی نویان,doctors,doctor,doctors,True,False,35.7342598,51.3542897,2139,,False
دندانپزشکی دکتر کامران عزیزی,doctors,doctor,doctors,True,False,35.7032486,51.438859,2140,airport_buffer,True
مطب دکتر مطهری (پیرایه),doctors,doctor,doctors,True,False,35.7723957,51.4373222,2141,government_political,True
تغذیه و رژیم درمانی پرنیان قربانپور,doctors,doctor,doctors,True,False,35.7381139,51.3055872,2142,airport_buffer|government_political,True
دکتر منصور عظمتی,clinic,clinic,clinic,True,False,35.7580052,51.4144545,2143,,False
کلینیک ترک اعتیاد شمیم زندگی,doctors,doctor,doctors,True,False,35.6927231,51.4803146,2144,airport_buffer|government_political,True
مرکز گوش و شنوایی غرب تهران,doctors,doctor,doctors,True,False,35.724164,51.3293461,2145,airport_buffer|government_political,True
مطب دکتر کامران دلیر,doctors,doctor,doctors,True,False,35.7697674,51.3591402,2146,,False
مطب مامایی لیلا شجاع,clinic,clinic,clinic,True,False,35.7383117,51.5582018,2147,,False
دکتر سارا بدخش ، متخصص پوست ، مو و زیبایی,doctors,doctor,doctors,True,False,35.7958298,51.4477125,2148,government_political,True
رقیه عزیززاده کارشناس مامایی,doctors,doctor,doctors,True,False,35.628372,51.3561075,2149,,False
دکتر امیرپاشا ابراهیمی,doctors,doctor,doctors,True,False,35.7477037,51.4125878,2150,government_political,True
دکتر امیرحسین خیراندیش جراحی عمومی,doctors,doctor,doctors,True,False,35.7761134,51.365739,2151,,False
کلینیک زیبایی دکتر مهتاب امینی,clinic,doctor,clinic,True,False,35.7246421,51.4188411,2152,government_political,True
کلینیک ارزیابی شنوایی و سمعک نگین,doctors,doctor,doctors,True,False,35.7052575,51.4035209,2153,government_political,True
مطب دکتر سمیه حجازی نیا,doctors,doctor,doctors,True,False,35.7800091,51.4487781,2154,,False
دکتر ندا پژوهی  - دکتر لیپ,doctors,doctor,doctors,True,False,35.7105663,51.4081985,2155,,False
دکتر سمیرا عبدالهی مقدم متخصص زنان و زایمان,doctors,doctor,doctors,True,False,35.775494,51.3642478,2156,,False
مطب دکتر نسرین یزدانی,doctors,doctor,doctors,True,False,35.7475028,51.4119355,2157,government_political,True
مرکز مشاوره و روانشناسی بینش فردی,doctors,doctor,doctors,True,False,35.7604491,51.4313388,2158,government_political,True
مطب چشم پزشکی دکتر باقرصاد,doctors,doctor,doctors,True,False,35.7357832,51.4064548,2159,government_political,True
کلینیک فیزیوتراپی و لیزر درمانی معینی,clinic,clinic,clinic,True,False,35.7583552,51.4103953,2160,government_political,True
دکتر رحمت اله آزادی متخصص و جراح استخوان و مفاصل,doctors,doctor,doctors,True,False,35.7417091,51.5333096,2161,,False
دکتر محمودرضا اشرفی,doctors,doctor,doctors,True,False,35.7042051,51.383244,2162,,False
دكتر شهرام محمدى ميرى,doctors,doctor,doctors,True,False,35.7594686,51.4422544,2163,,False
مرکز تخصصی شنوایی و سمعک آرامش قلهک,doctors,doctor,doctors,True,False,35.7722561,51.4371701,2164,government_political,True
دفتر روانشناسی حال خوش روانشناس مریم عالمی,doctors,doctor,doctors,True,False,35.7389786,51.5320068,2165,,False
دکتر مهشید طالبی,doctors,doctor,doctors,True,False,35.7681929,51.4744463,2166,,False
مطب دکتر حسین حاجی عباسی,doctors,doctor,doctors,True,False,35.7747039,51.4134902,2167,,False
دکتر عزیزاله یوسفی فوق تخصص گوارش,doctors,doctor,doctors,True,False,35.7085198,51.3852179,2168,,False
مطب دکتر زهراسادات سبزپوشان,doctors,doctor,doctors,True,False,35.7812506,51.3701904,2169,,False
دندانپزشکی زهره شعبه جیحون,hospital,dentistry,hospital,True,True,35.6869123,51.364972,2170,airport_buffer,True
کلینیک زیبایی دکتر معروفی,clinic,clinic,clinic,True,False,35.7702484,51.361975,2171,,False
دکتر رامین نوری نیا فوق تخصص شبکیه,doctors,doctor,doctors,True,False,35.7703834,51.4640348,2172,,False
دکتر علی ابراهیمی فوق تخصص جراحی پلاستیک,doctors,doctor,doctors,True,False,35.7563044,51.3941456,2173,,False
دفتر مشاوره و روانشناسی «کیمیای جان و خرد »,doctors,doctor,doctors,True,False,35.7242713,51.4166238,2174,,False
مطب دكترمريم السادات تهرانی فوق تخصص ریه,clinic,clinic,clinic,True,False,35.7271054,51.3708018,2175,,False
کلینیک ارتوپدی فنی نبض حرکت,clinic,clinic,clinic,True,False,35.7616837,51.4440944,2176,government_political,True
دکتر فرهاد مرادی فوق تخصص گوارش و کبد,clinic,clinic,clinic,True,False,35.726268,51.3238746,2177,,False
موسسه فیزیوتراپی خلیج فارس,doctors,doctor,doctors,True,False,35.674014,51.2663215,2178,airport_buffer|government_political,True
کلینیک درد و توانبخشی سدار,doctors,doctor,doctors,True,False,35.8009681,51.4527443,2179,,False
کاردرمانی پیشگام,doctors,doctor,doctors,True,False,35.7248937,51.3828175,2180,,False
دکتر باقر احمدپور,doctors,doctor,doctors,True,False,35.6817075,51.4911637,2181,airport_buffer,True
پردیس مارال دکتر مالکی دکتر تیمور زاده,clinic,clinic,clinic,True,False,35.7706041,51.3723257,2182,,False
مرکز تصویربرداری پزشکی نگاه رسا طب,doctors,doctor,doctors,True,False,35.6658937,51.4432448,2183,government_political,True
مطب معاینات پزشکی متقاضیان گواهینامه (دکترموذن و دکترنادری),clinic,clinic,clinic,True,False,35.7595963,51.4375577,2184,government_political,True
دندانپزشکی nagoya,clinic,clinic,clinic,True,False,35.7282046,51.4939794,2185,airport_buffer,True
مرکز تصویر برداری جام‌جم,doctors,doctor,doctors,True,False,35.7697352,51.4119423,2186,,False
کلینیک زیبایی و درمان بیماری های پوستی دکتر پارسا شیری,clinic,clinic,clinic,True,False,35.7363398,51.4424064,2187,,False
دکتر شیرین کاویانپور متخصص  بیماریهای زنان و زایمان,doctors,doctor,doctors,True,False,35.8120724,51.4496944,2188,,False
خانه لیزر سعادت آباد شعبه دریا,clinic,clinic,clinic,True,False,35.7706477,51.3744944,2189,,False
خانه لیزر سعادت آباد شعبه سرو,clinic,clinic,clinic,True,False,35.7799827,51.3648638,2190,,False
مطب زیبایی دکتر رکسانا احسانی پور,doctors,doctor,doctors,True,False,35.7829062,51.4478241,2191,,False
کمپ ترک اعتیاداوای رهایی,doctors,doctor,doctors,True,False,35.8093299,51.5134796,2192,,False
دکتر هاله رحمان پور زنجانی,doctors,doctor,doctors,True,False,35.7986169,51.4332637,2193,government_political,True
مطب دکتر دهقانی زاده,doctors,doctor,doctors,True,False,35.6896653,51.4511309,2194,airport_buffer,True
مطب دکتر مریم تزنگ/متخصص رادیوانکولوژی,doctors,doctor,doctors,True,False,35.7008923,51.3810245,2195,,False
کلینیک زیبایی دکتر علی اکبری,doctors,doctor,doctors,True,False,35.775607,51.3661494,2196,,False
شایا بیوتی تراپیست,doctors,doctor,doctors,True,False,35.806242,51.440988,2197,government_political,True
مطب دکتر پیمان صدری,doctors,doctor,doctors,True,False,35.7665878,51.4137575,2198,,False
مطب دکتر سعید امیری پویا متخصص قلب و عروق,doctors,doctor,doctors,True,False,35.7596969,51.4448126,2199,government_political,True
مطب دکتر رضا ساریخانی,doctors,doctor,doctors,True,False,35.802113,51.434006,2200,government_political,True
مرکز خدمات روانشناسی و مشاوره مهرا,clinic,counselling,clinic,True,False,35.7611526,51.4460402,2201,government_political,True
مطب دکتر مصطفی بهپور اسکویی,doctors,doctor,doctors,True,False,35.6906256,51.4647793,2202,airport_buffer|government_political,True
ریمالند,clinic,clinic,clinic,True,False,35.730166,51.348554,2203,,False
کلینیک شنوایی و تعادل و سمعک فرمانیه,clinic,clinic,clinic,True,False,35.7990052,51.4725885,2204,,False
دکتر وقردوست,doctors,doctor,doctors,True,False,35.7589604,51.4138976,2205,,False
مطب دکتر شیوا جوادیان,doctors,doctor,doctors,True,False,35.7947035,51.4350596,2206,government_political,True
آزمایشگاه گلچهره قیطریه,,laboratory,laboratory,True,False,35.7958905,51.442628,2207,government_political,True
کلینیک تخصصی قلب و عروق تهران,clinic,clinic,clinic,True,False,35.7773392,51.413955,2208,government_political,True
کلینیک دکتر بهنوش زینلی زاده,clinic,clinic,clinic,True,False,35.8030497,51.4733027,2209,government_political,True
مطب دکتر رضا راست منش,doctors,doctor,doctors,True,False,35.7799669,51.4492648,2210,,False
روان‌شناس و مشاور، حمیده حیدری,clinic,clinic,clinic,True,False,35.724125,51.4356098,2211,,False
مطب دندانپزشکی دکتر بهرام عوض ابادیان,clinic,clinic,clinic,True,False,35.7781741,51.3610859,2212,government_political,True
مطب پزشکی ارغوان,doctors,doctor,doctors,True,False,35.7163368,51.3430986,2213,airport_buffer,True
مطب دندانپزشکی سیب,clinic,clinic,clinic,True,False,35.7881581,51.424003,2214,,False
مطب تخصصی دندانپزشکی دکتر مهدیه نظرآهاری,doctors,doctor,doctors,True,False,35.7813769,51.4663928,2215,government_political,True
مرکز مشاوره و کلینیک مادر و کودک دانشگاه شهید بهشتی,clinic,clinic,clinic,True,False,35.7143277,51.3152857,2216,airport_buffer,True
مطب دکترمحمدحسین طاهریان,doctors,doctor,doctors,True,False,35.759824,51.4061433,2217,,False
مرکز مشاوره مونس,clinic,clinic,clinic,True,False,35.7060893,51.4630431,2218,airport_buffer,True
مطب دکتر سید ارسلان خسروی,doctors,doctor,doctors,True,False,35.726577,51.4172193,2219,government_political,True
آزمایشگاه پادتن ژن آزما,,laboratory,laboratory,True,False,35.7001626,51.390179,2220,government_political,True
کلینیک راز دکتر رضا امیرزرگر متخصص جراحی فک، صورت و زیبایی,doctors,doctor,doctors,True,False,35.8023747,51.4306148,2221,,False
دکتر بیتا هرمز جراح زنان و زایمان,doctors,doctor,doctors,True,False,35.7697719,51.3129659,2222,,False
کلینیک رومینا,clinic,clinic,clinic,True,False,35.7337633,51.5041539,2223,,False
پوست و مو زیبایی دکتر علیخانی,clinic,,clinic,True,False,35.7238042,51.4072451,2224,,False
کلینیک روانشناسی آوادان مهر,clinic,clinic,clinic,True,False,35.7071413,51.3763786,2225,government_political,True
مرکز کاردرمانی پرواز,doctors,doctor,doctors,True,False,35.6869908,51.4768191,2226,airport_buffer,True
دکتر خشایار سنجری,doctors,doctor,doctors,True,False,35.7584421,51.3617244,2227,,False
فيزيوتراپي كيان پارس,doctors,doctor,doctors,True,False,35.730133,51.5273482,2228,,False
کلینیک تخصصی سونوگرافی دکتر دلیری,doctors,doctor,doctors,True,False,35.6574055,51.3727147,2229,,False
کلینیک دکتر سحرناز سجادیان,doctors,doctor,doctors,True,False,35.7584296,51.3620348,2230,,False
مطب دکتر مرتضی حسن‌زاده فوق تخصص گوارش و کبد,doctors,doctor,doctors,True,False,35.7664736,51.4425913,2231,,False
دندانپزشکی و دندانسازی ویتادنت رحمانی فرد,clinic,clinic,clinic,True,False,35.6951129,51.4774665,2232,airport_buffer,True
درمانگاه شبانه روزی دکتر نوتاش,doctors,doctor,doctors,True,False,35.7267036,51.3202554,2233,,False
کلینیک نازایی نوید,clinic,clinic,clinic,True,False,35.7675809,51.3725937,2234,,False
درمانگاه شبانه روزی ایران زمین,clinic,clinic,clinic,True,False,35.7056071,51.3902334,2235,,False
مطب دندانپزشكى كودكان دكتر مژده بقايی,doctors,doctor,doctors,True,False,35.775312,51.4637914,2236,,False
مطب سیدحسین حسنپور اونجی,doctors,doctor,doctors,True,False,35.7390945,51.5313798,2237,,False
دکتر فرانک محبیان پوست لیزر زیبایی,doctors,doctor,doctors,True,False,35.7553263,51.2397966,2238,airport_buffer|government_political,True
مطب دکتر عبدالرضا نوروزی متخصص تغذیه,clinic,clinic,clinic,True,False,35.7280466,51.4269452,2239,,False
مطب دکتر جوراستی فرد,doctors,doctor,doctors,True,False,35.7421561,51.4112156,2240,,False
مطب دکتر امیر بابک رحیمی,doctors,doctor,doctors,True,False,35.7243129,51.3839552,2241,,False
مرکز دندانپزشکی دکتر مریم سالارکیا,clinic,clinic,clinic,True,False,35.7265432,51.5226334,2242,,False
دکتر طسام | doctortesam,doctors,doctor,doctors,True,False,35.7166702,51.3896487,2243,government_political,True
بیمارستان محک ،کودکان سرطانی,hospital,,hospital,True,True,35.8113149,51.5044509,2244,,False
Maryam Beauty & Care Clinic,clinic,,clinic,True,False,35.7648296,51.441583,2245,,False
دکتر کامران هداوند جراح چاقی و لاپاراسکوپی,doctors,doctor,doctors,True,False,35.7487869,51.4095856,2246,,False
دکتر ماندانا خسروآرا پزشک متخصص پوست مو زیبایی لیزر,clinic,clinic,clinic,True,False,35.7779378,51.3599296,2247,government_political,True
دکتر یونس روحانی | جراح مغز و ستون فقرات,doctors,doctor,doctors,True,False,35.7970028,51.4336663,2248,government_political,True
شعبه مرکزی دندانپزشکی سرو,clinic,clinic,clinic,True,False,35.7854332,51.4408382,2249,,False
دکتر فاطمه خوشدل  روانشناس و هیپنوتراپیست,doctors,doctor,doctors,True,False,35.7812101,51.3614178,2250,,False
مطب دکتر پیمان پورموسوی,doctors,,doctors,True,False,35.7437959,51.4049171,2251,government_political,True
درمانگاه تامین اجتماعی شهیدنیکپور,hospital,,hospital,True,True,35.6673003,51.4462252,2252,,False
دکتر محمدرضا عباسی فوق تخصص کبد و گوارش,hospital,hospital,hospital,True,True,35.7566875,51.3949434,2253,,False
محمدرضا عباسی فوق تخصص گوارش,hospital,hospital,hospital,True,True,35.7567132,51.3948691,2254,,False
کلینیک رادین,doctors,doctor,doctors,True,False,35.7204973,51.4880342,2255,airport_buffer,True
دکتر عطیه بهمن متخصص زنان و زایمان,doctors,doctor,doctors,True,False,35.7566301,51.3948426,2256,,False
دکتر ماریا مرادی,doctors,doctor,doctors,True,False,35.7583358,51.4109841,2257,government_political,True
کلینیک زیبایی سپند,doctors,doctor,doctors,True,False,35.7764444,51.3646735,2258,,False
کلینیک دندانپزشکی سرو قیطریه (شعبه مرکز),clinic,clinic,clinic,True,False,35.7856193,51.4408794,2259,,False
دکتر الهام اسلامی متخصص کلیه و‌مجاری ادراری,doctors,doctor,doctors,True,False,35.7816375,51.3729077,2260,,False
مرکز سلامت سوین,clinic,clinic,clinic,True,False,35.7579978,51.2248115,2261,airport_buffer,True
آزمایشگاه بهراد,doctors,doctor,doctors,True,False,35.7320791,51.333687,2262,government_political,True
دندانپزشکی زهره(شعبه خزانه),hospital,dentist,hospital,True,True,35.6430185,51.4209797,2263,government_political,True
مطب دکتر مروجی فر فلوشیپ انژیوپلاستی,doctors,doctor,doctors,True,False,35.7236824,51.4055778,2264,government_political,True
مطب پوست و زیبایی و لیزر دکتر قدیرزاده,doctors,doctor,doctors,True,False,35.6684925,51.444231,2265,,False
مطب دندانپزشکی دکتر فرشاد صدر,doctors,doctor,doctors,True,False,35.8119444,51.464061,2266,,False
بیمارستان مادران,hospital,hospital,hospital,True,True,35.7300893,51.4337373,2267,,False
مطب دکتر بابک میرزاشاهی,doctors,doctor,doctors,True,False,35.7585015,51.3618564,2268,,False
کلینیک قلب و عروق دکتر مهشید حاجی علی,doctors,doctor,doctors,True,False,35.7246759,51.4189424,2269,government_political,True
مطب پزشکی جراحی مغز و اعصاب,doctors,doctor,doctors,True,False,35.7712899,51.3777733,2270,,False
مطب دکتر سید فرنوش مدنی گاوگانی,doctors,doctor,doctors,True,False,35.7922112,51.4532791,2271,,False
دکتر کامبیز هرمان مقدم,doctors,doctor,doctors,True,False,35.7405821,51.4053941,2272,government_political,True
کلینیک پوست و مو و زیبایی دکتر دمشقی,clinic,clinic,clinic,True,False,35.7382096,51.3107734,2273,,False
درمانگاه شبانه روزی سروش,clinic,clinic,clinic,True,False,35.707879,51.365383,2274,airport_buffer,True
پزشك فوق تخصص جراح سرطان سينه دکتر على حجت,doctors,doctor,doctors,True,False,35.7818029,51.3735593,2275,,False
دندانپزشکی دکتر پورفرید,doctors,doctor,doctors,True,False,35.770234,51.4223143,2276,,False
مطب زنان و زایمان دکتر آرزو صفری فر,doctors,doctor,doctors,True,False,35.7269624,51.5271608,2277,,False
مطب دکتر نجمه باقرحسینی,clinic,clinic,clinic,True,False,35.780009,51.4493705,2278,,False
دکتر مسعودی متخصص پوست مو زیبایی لیزر,doctors,doctor,doctors,True,False,35.7307968,51.378516,2279,,False
مطب مشاوره دکتر الهام ابراهیمی,doctors,doctor,doctors,True,False,35.7550481,51.3039642,2280,government_political,True
مطب دکتر مهرناز چاوشی حسینی,doctors,doctor,doctors,True,False,35.7711645,51.3831282,2281,,False
مرکز بینایی سنجی و عینک تابان,clinic,clinic,clinic,True,False,35.7436117,51.404969,2282,government_political,True
مراقبت پوست و مو مریم شریفی,doctors,doctor,doctors,True,False,35.8064942,51.4713167,2283,government_political,True
خدمات روان شناسی اعظم السادات سیدصالح,clinic,clinic,clinic,True,False,35.7225073,51.3475232,2284,airport_buffer,True
بینایی سنجی و عینک سازی سایه اکباتان,clinic,clinic,clinic,True,False,35.7081988,51.3158566,2285,airport_buffer,True
مطب دکتر پرویز چگینی,doctors,doctor,doctors,True,False,35.742072,51.4103264,2286,,False
پزشک متخصص زنان و زایمان سارا میرزاجانی,doctors,doctor,doctors,True,False,35.7551048,51.303915,2287,government_political,True
دکتر حاتمی کلینیک تخصصی آرمان الهیه,doctors,doctor,doctors,True,False,35.794933,51.4820096,2288,,False
کلینیک ارتوپدی بهین,doctors,doctor,doctors,True,False,35.801418,51.4794511,2289,,False
متخصص زنان و زایمان دکتر مریم نادری فر,doctors,doctor,doctors,True,False,35.7808045,51.4631841,2290,,False
مطب دکتر سادات,doctors,doctor,doctors,True,False,35.7630631,51.4506956,2291,,False
ازمایشگاه تخصصی پاتوبیولوژی رها,,laboratory,laboratory,True,False,35.7404676,51.5326425,2292,,False
دکتر مینا مویدنیا فوق تخصص رشد و غدد,doctors,doctor,doctors,True,False,35.7095299,51.4302445,2293,airport_buffer|government_political,True
دکتر زهره کریمی متخصص زنان فلوشیپ پریناتولوژی,doctors,doctor,doctors,True,False,35.7135902,51.3685318,2294,,False
فوق تخصص بیماری های ریوی و اسم ‌آلرژی دکتر زحمتکش,doctors,doctor,doctors,True,False,35.7664634,51.4428401,2295,,False
مطب روانشناسی دکتر مریم باباخانی,doctors,doctor,doctors,True,False,35.7338578,51.4397718,2296,,False
مرکز طب سنتی دکتر آزما,doctors,doctor,doctors,True,False,35.6906478,51.3701655,2297,airport_buffer,True
دکتر حسن موسوی روانشناس هیپنوتراپیست,doctors,doctor,doctors,True,False,35.7324417,51.4988739,2298,airport_buffer,True
کلینیک زیبایی نوریا,doctors,doctor,doctors,True,False,35.6933887,51.447486,2299,airport_buffer,True
کلینیک پرسیس,doctors,doctor,doctors,True,False,35.7677056,51.3568871,2300,,False
مطب دکتر وازریک تروسیان,doctors,doctor,doctors,True,False,35.7241563,51.4166049,2301,,False
مطب دکتر نگین سازمند,doctors,doctor,doctors,True,False,35.7678948,51.4602837,2302,government_political,True
مطب لیزر پوست و مو هفت تیر,clinic,clinic,clinic,True,False,35.7197645,51.4254264,2303,,False
دکتر محمد باقر فتاحی جراح پلاستیک بینی,doctors,doctor,doctors,True,False,35.7390653,51.4151084,2304,government_political,True
دکتر آمنه لاهوتی . فلوشیپ ناباروری و آی وی اف,doctors,doctor,doctors,True,False,35.7478481,51.4017191,2305,,False
مرکز روانشناسی داروش,clinic,clinic,clinic,True,False,35.7919761,51.4772355,2306,government_political,True
مطب دکتر ملیحه عرب,doctors,doctor,doctors,True,False,35.7581469,51.361812,2307,,False
کلینیک درمانی زیبایی روناک,clinic,clinic,clinic,True,False,35.758523,51.4108436,2308,government_political,True
دکتر سعید شیرنگی,doctors,doctor,doctors,True,False,35.7728542,51.3635009,2309,,False
مطب عروق و واریس دکتر احمد صادقپور,doctors,doctor,doctors,True,False,35.7236389,51.4121685,2310,,False
روان درمانگر تحلیلی مجتبی خانپور,doctors,doctor,doctors,True,False,35.7596493,51.4370442,2311,government_political,True
دکتر مهرداد جعفری فشارکی متخصص قلب,doctors,doctor,doctors,True,False,35.7679646,51.4605801,2312,government_political,True
کلینیک صدیق,hospital,hospital,hospital,True,True,35.770173,51.3750103,2313,,False
متخصص پوست دکتر سیامک داودی,doctors,doctor,doctors,True,False,35.7323814,51.4324273,2314,,False
فیزیوتراپی بیمارستان توس,clinic,clinic,clinic,True,False,35.7243269,51.414477,2315,,False
مطب پوست مو دکتر مژگان نیکان تبار,doctors,doctor,doctors,True,False,35.7278438,51.3882431,2316,government_political,True
کلینیک نجوا,clinic,clinic,clinic,True,False,35.7250756,51.4260144,2317,government_political,True
سونوگرافی و رادیولوژی نیاوران,clinic,clinic,clinic,True,False,35.811789,51.4653822,2318,,False
مطب دکتر فراهینی متخصص ارتوپدی، فلوشیپ جراحی زانو,doctors,doctor,doctors,True,False,35.7566552,51.4103936,2319,,False
فیزیوتراپی شفاگستر,doctors,doctor,doctors,True,False,35.7585383,51.353088,2320,,False
کلینیک زیبایی دیورا,doctors,doctor,doctors,True,False,35.7992333,51.4271648,2321,government_political,True
هیرمن اسپا,doctors,doctor,doctors,True,False,35.7824874,51.3730942,2322,,False
کلینیک اندومتریوز,clinic,clinic,clinic,True,False,35.799899,51.4504197,2323,,False
مطب پوست و مو و زیبایی دکتر سیمین ایرانپور,doctors,doctor,doctors,True,False,35.7538874,51.461621,2324,,False
کلینیک مهرافرا,clinic,clinic,clinic,True,False,35.7676291,51.3552043,2325,,False
زالو درمانی مهری,clinic,clinic,clinic,True,False,35.6694728,51.2992548,2326,airport_buffer,True
مطب دكتر آرزو آستركی,doctors,doctor,doctors,True,False,35.7637468,51.4454638,2327,,False
کلینیک سوان,clinic,clinic,clinic,True,False,35.8019458,51.4536991,2328,,False
کلینیک تخصصی پوست ومو نوین همسا,hospital,hospital,hospital,True,True,35.7904554,51.4758076,2329,government_political,True
دفتر مشاوره و روانشناسی ماه تاب,clinic,clinic,clinic,True,False,35.7637092,51.4453887,2330,,False
پارس کلینیک,doctors,doctor,doctors,True,False,35.745702,51.4116245,2331,,False
آزمایشگاه آنلاین نمونت,,laboratory,laboratory,True,False,35.6952184,51.3750528,2332,,False
کلینیک سرنا شعبه زعفرانیه,doctors,doctor,doctors,True,False,35.8078176,51.4192964,2333,,False
کلینیک سرنا شعبه اقدسیه,doctors,doctor,doctors,True,False,35.8004465,51.4826114,2334,government_political,True
دکتر آرش جهانشاهی,doctors,doctor,doctors,True,False,35.7957586,51.4423836,2335,government_political,True
دکتر سمانه شیبانی,doctors,doctor,doctors,True,False,35.7957825,51.4423805,2336,government_political,True
مطب دکتر کمال کوچک زاده,doctors,doctor,doctors,True,False,35.7239442,51.4232288,2337,,False
کلینیک روانشناسی دکتر بهرامی,doctors,doctor,doctors,True,False,35.7647904,51.4189484,2338,government_political,True
مطب دکتر پورمتعبد ( فوق تخصص غدد اطفال),clinic,clinic,clinic,True,False,35.7171578,51.3949588,2339,government_political,True
unnamed,clinic,,clinic,True,False,35.7050966,51.4021428,2340,government_political,True
رادیولوژی و سونوگرافی دولت,doctors,doctor,doctors,True,False,35.7793088,51.4448965,2341,,False
مطب دکتر کتایون قویمی متخصص زنان وزیبایی,doctors,doctor,doctors,True,False,35.7817152,51.3736084,2342,,False
سونوگرافی ماموگرافی و تراکم استخوان دریا,clinic,clinic,clinic,True,False,35.7709947,51.3663409,2343,,False
کلینیک قلب دکتر آرسیس احمدیه,clinic,clinic,clinic,True,False,35.758237,51.3619024,2344,,False
مطب دکتر سید فرامرز مدنی,doctors,doctor,doctors,True,False,35.783891,51.4541579,2345,,False
دکترحسین صالحی فوق تخصص اعصاب روان کودک نوجوان,doctors,doctor,doctors,True,False,35.7797703,51.4492933,2346,,False
آزمایشگاه پاتوبیولوژی ونک,doctors,doctor,doctors,True,False,35.7578421,51.4125542,2347,government_political,True
آتیناطب,doctors,doctor,doctors,True,False,35.7516953,51.2862573,2348,,False
وانیا مطب دکتر ایین فرد,doctors,doctor,doctors,True,False,35.7620493,51.417446,2349,,False
آزمایشگاه فوق تخصصی ماندگار,,laboratory,laboratory,True,False,35.7583624,51.4471135,2350,government_political,True
کلینیک پوست مو دکتر هدیه دهقانپور,doctors,doctor,doctors,True,False,35.7828767,51.3753602,2351,,False
کلینیک زیبایی آفتاب,clinic,clinic,clinic,True,False,35.7440294,51.5285088,2352,,False
مطب دکتر فاطمه رحمانی,doctors,doctor,doctors,True,False,35.7459842,51.2628222,2353,airport_buffer|government_political,True
کلینیک تغذیه قائم آل احمد,clinic,clinic,clinic,True,False,35.6767054,51.4906272,2354,airport_buffer,True
مرکز مشاوره و روانشناسی دکتر نسرین دیناروند,doctors,doctor,doctors,True,False,35.603716,51.4282088,2355,government_political,True
کلینیک زیبایی دکتر ریحانه احمدخانی,doctors,doctor,doctors,True,False,35.8013346,51.4182397,2356,,False
مشاوره روانشناسی مانداکلینیک,clinic,clinic,clinic,True,False,35.7242235,51.4216995,2357,,False
مجتمع دندانپزشکان بامداد مهر,hospital,hospital,hospital,True,True,35.6998563,51.3269311,2358,airport_buffer|government_political,True
کلینیک قلب دکتر احسان سخاوتی مقدم,clinic,clinic,clinic,True,False,35.6571212,51.3689619,2359,,False
مطب دکتر لیلا خیاطی زنوزی,doctors,doctor,doctors,True,False,35.7551289,51.4127928,2360,government_political,True
آزمایشگاه پاتوبیولوژی ستاره ونک,doctors,doctor,doctors,True,False,35.7586794,51.4131438,2361,,False
کلینیک روان شناسی ابران دکتر متین چهارراهی,doctors,doctor,doctors,True,False,35.7813537,51.3656572,2362,,False
مرکز تصویربرداری پزشکی بیمارستان ساسان,doctors,doctor,doctors,True,False,35.7108729,51.4024799,2363,,False
مطب جراحی پلاستیک دکتر محمدرضا فره وش,doctors,doctor,doctors,True,False,35.7686576,51.4198251,2364,,False
unnamed,,hospital,hospital,True,True,35.77879748769659,51.3168809606812,2365,,False
بیمارستان بعثت نهاجا,hospital,hospital,hospital,True,True,35.6797395808427,51.497175776257095,2366,airport_buffer,True
بیمارستان لقمان حکیم,hospital,hospital,hospital,True,True,35.6800987467563,51.38802381669221,2367,,False
بیمارستان فیروزگر,hospital,hospital,hospital,True,True,35.70940659260182,51.40993278052033,2368,,False
بیمارستان نجمیه,hospital,hospital,hospital,True,True,35.694248209008045,51.410892616543556,2369,,False
بیمارستان پیامبران,hospital,hospital,hospital,True,True,35.7346140316582,51.327959627546484,2370,,False
بیمارستان میلاد,hospital,hospital,hospital,True,True,35.745475549849495,51.381265706837816,2371,,False
بیمارستان فوق تخصصی گلستان نداجا,hospital,hospital,hospital,True,True,35.77247553641362,51.47205729222173,2372,,False
بیمارستان امام حسین(ع),hospital,hospital,hospital,True,True,35.706218792773406,51.45213506927868,2373,airport_buffer,True
پلی‌کلینیک ۱۶ آذر,clinic,clinic,clinic,True,False,35.7023761935295,51.39321449727668,2374,,False
بیمارستان لاله,hospital,hospital,hospital,True,True,35.75254658921903,51.360438415151485,2375,,False
بیمارستان خاتم الانبیاء,hospital,hospital,hospital,True,True,35.76994451747533,51.40783098675363,2376,,False
بیمارستان ولیعصر(عج)فراجا,hospital,hospital,hospital,True,True,35.76800529028534,51.409646315389224,2377,,False
unnamed,,hospital,hospital,True,True,35.77615633705908,51.365481840157955,2378,,False
بیمارستان فوق تخصصی محک,hospital,,hospital,True,True,35.811401641099124,51.504554595970696,2379,,False
بیمارستان بانک ملی ایران,hospital,hospital,hospital,True,True,35.693192171434546,51.41776927739244,2380,,False
مجتمع بیمارستانی امام خمینی,hospital,hospital,hospital,True,True,35.70806365164816,51.38111814750734,2381,,False
بیمارستان شهید چمران,hospital,hospital,hospital,True,True,35.793769653631266,51.487587766500624,2382,,False
بیمارستان فیروزآبادی,hospital,hospital,hospital,True,True,35.5946473534632,51.4364007057721,2383,,False
بیمارستان شهید مدرس,hospital,hospital,hospital,True,True,35.78768534172641,51.37214117600367,2384,,False
بیمارستان بهمن,hospital,hospital,hospital,True,True,35.76563893333334,51.380566733333325,2385,,False
بیمارستان پارسیان,hospital,hospital,hospital,True,True,35.78406081396584,51.38262413940386,2386,,False
بیمارستان بوعلی,hospital,hospital,hospital,True,True,35.702567881911705,51.456225135211724,2387,airport_buffer,True
کلینیک زیبایی پریس,clinic,clinic,clinic,True,False,35.78176245735173,51.44898450314894,2388,,False
کلینیک جامع اعصاب و روان آتیه,clinic,clinic,clinic,True,False,35.761089603590875,51.411936899745285,2389,,False
مرکز درمانی زهرا همایون,clinic,clinic,clinic,True,False,35.70656688370966,51.43892573651522,2390,airport_buffer|government_political,True
مرکز بهداشت جواد ائمه,clinic,clinic,clinic,True,False,35.729473075812635,51.18036955584649,2391,critical_infrastructure,True
بیمارستان آتیه,hospital,hospital,hospital,True,True,35.76533379380745,51.361571935217846,2392,,False
بیمارستان و زایشگاه پاسارگاد,hospital,hospital,hospital,True,True,35.705857386917415,51.432712294951756,2393,airport_buffer|government_political,True
بیمارستان جرجانی,hospital,hospital,hospital,True,True,35.70498606612958,51.455046079221304,2394,airport_buffer|government_political,True
بیمارستان فوق تخصصی صارم,hospital,hospital,hospital,True,True,35.71462577042414,51.311200635427674,2395,airport_buffer,True
بیمارستان شهدای تجریش,hospital,hospital,hospital,True,True,35.806545963330485,51.43266299493435,2396,government_political,True
درمانگاه صاحب کوثر شبانه روزی,clinic,,clinic,True,False,35.69747368145174,51.265107321935425,2397,airport_buffer,True
بیمارستان ۵۰۲ ارتش,hospital,hospital,hospital,True,True,35.7080531646325,51.428856930195735,2398,airport_buffer|government_political,True
بیمارستان روزبه (تخصصی اعصاب و روان),hospital,hospital,hospital,True,True,35.67914056133216,51.392927334778555,2399,government_political,True
بیمارستان رازی تخصصی پوست,hospital,hospital,hospital,True,True,35.67167816659596,51.40881368082343,2400,,False
پژوهشگاه رویان /سلول‌های بنیادی و درمان ناباروری,clinic,clinic,clinic,True,False,35.75562119856446,51.467809482363364,2401,,False
بیمارستان امام رضا / ۵۰۱ ارتش,hospital,hospital,hospital,True,True,35.71717123256889,51.382763118507214,2402,,False
درمانگاه آل یاسین,clinic,clinic,clinic,True,False,35.70701763218829,51.34135550660742,2403,airport_buffer,True
بیمارستان هدایت,hospital,hospital,hospital,True,True,35.771405001643274,51.44918313085175,2404,,False
درمانگاه تخصصی شهید سلیمانی,clinic,clinic,clinic,True,False,35.6012954945779,51.43803007649925,2405,,False
بیمارستان رسالت,hospital,hospital,hospital,True,True,35.74227563237589,51.449007150883816,2406,,False
unnamed,clinic,clinic,clinic,True,False,35.73402471979589,51.186584703419484,2407,,False
شرکت فناوری بن‌یاخته‌های رویان,clinic,clinic,clinic,True,False,35.7547937,51.46746285,2408,,False
بیمارستان الغدیر,hospital,hospital,hospital,True,True,35.746290686478986,51.50026253988185,2409,,False
درمانگاه خیریه آل رسول,clinic,clinic,clinic,True,False,35.73853723813362,51.51269642168293,2410,,False
کلینیک جراحی گلبرگ تهرانپارس,clinic,clinic,clinic,True,False,35.72668747296569,51.52440122648918,2411,government_political,True
مرکز فوق تخصصی آموزشی،درمانی جراحی ترمیمی و پلاستیک حضرت فاطمه(س),hospital,hospital,hospital,True,True,35.730696649960635,51.40832868660717,2412,,False
unnamed,clinic,clinic,clinic,True,False,35.75602586666666,51.34553605607816,2413,,False
درمانگاه قدس,clinic,clinic,clinic,True,False,35.75651603577076,51.343897118664366,2414,,False
بیمارستان موقوفه نور افشار,hospital,,hospital,True,True,35.81976963532377,51.47336099397057,2415,,False
بیمارستان بهارلو,hospital,hospital,hospital,True,True,35.660842748098005,51.39377315511017,2416,,False
مرکز پزشکی شهید شوریده,hospital,hospital,hospital,True,True,35.69094552900639,51.39861539101909,2417,,False
بیمارستان خانواده ارتش,hospital,hospital,hospital,True,True,35.71352100269116,51.44218636210039,2418,airport_buffer,True
بیمارستان هاجر,hospital,hospital,hospital,True,True,35.72742805174455,51.412468329597935,2419,government_political,True
بیمارستان آیت ا...طالقانی(ره),hospital,hospital,hospital,True,True,35.7995552883252,51.401830814935245,2420,,False
بیمارستان دی,hospital,hospital,hospital,True,True,35.74797976267451,51.41114199800173,2421,government_political,True
بیمارستان هاشمی نژاد,hospital,hospital,hospital,True,True,35.76097772648726,51.41081925332956,2422,,False
سازمان انتقال خون استان تهران,,blood_donation,blood_donation,False,True,35.70623712767706,51.39890611848209,2423,,False
بیمارستان مصطفی خمینی,hospital,hospital,hospital,True,True,35.707968635997354,51.401012887404235,2424,,False
بیمارستان آریا,hospital,hospital,hospital,True,True,35.70859468199018,51.397700970272226,2425,,False
بیمارستان قلب شهید رجایی,hospital,hospital,hospital,True,True,35.7744647050968,51.41079074422836,2426,,False
بیمارستان کودکان شهید محمدحسین فهمیده,hospital,hospital,hospital,True,True,35.66855680154027,51.38256121738889,2427,,False
بیمارستان علوم مغز و اعصاب ایران,hospital,hospital,hospital,True,True,35.762785945566904,51.21040426339155,2428,airport_buffer,True
بیمارستان پارسا,hospital,hospital,hospital,True,True,35.66508127495397,51.39868138201043,2429,,False
بیمارستان امیرالمؤمنین,hospital,hospital,hospital,True,True,35.64252827451385,51.39399311378828,2430,,False
بیمارستان مفرح,hospital,hospital,hospital,True,True,35.633758795170195,51.39690848401241,2431,,False
بیمارستان دکتر شریعتی,hospital,hospital,hospital,True,True,35.721264909552374,51.38617942264705,2432,,False
بیمارستان رسول اکرم,hospital,hospital,hospital,True,True,35.71942322526295,51.37017024617875,2433,,False
بیمارستان شهریار,hospital,hospital,hospital,True,True,35.69909611845369,51.366606960397185,2434,airport_buffer,True
بیمارستان آزادی,hospital,hospital,hospital,True,True,35.69692254700704,51.35695327109592,2435,airport_buffer,True
بیمارستان روانپزشکی میمنت,hospital,hospital,hospital,True,True,35.696243357852794,51.3568478091978,2436,airport_buffer,True
بیمارستان بابک,hospital,hospital,hospital,True,True,35.69544310677873,51.36638771234979,2437,airport_buffer,True
بیمارستان شهید لبافی نژاد,hospital,hospital,hospital,True,True,35.76747170241719,51.46274123706512,2438,,False
بیمارستان سیدالشهدا,hospital,hospital,hospital,True,True,35.67744096188939,51.416539176695295,2439,,False
بیمارستان و درمانگاه فوق تخصصی مرکز درمانی ضیائیان,hospital,hospital,hospital,True,True,35.6574963632079,51.3591024836112,2440,,False
کلینیک فوق تخصصی چشم نگاه,clinic,clinic,clinic,True,False,35.75240279999999,51.447464200000006,2441,,False
بیمارستان کودکان حضرت علی اصغر,hospital,hospital,hospital,True,True,35.767388599236256,51.42599559885438,2442,,False
بیمارستان چشم پزشکی نور,hospital,hospital,hospital,True,True,35.771254291470136,51.41270629673146,2443,,False
پلی کلینیک تخصصی قدس شریف,clinic,clinic,clinic,True,False,35.71018073764895,51.47473763252439,2444,airport_buffer,True
بیمارستان فیاض بخش,hospital,hospital,hospital,True,True,35.67566589690457,51.26147414940759,2445,airport_buffer,True
بیمارستان ۱۵ خرداد,hospital,hospital,hospital,True,True,35.7126642473036,51.41317996397649,2446,,False
کلینیک شهید احمدی,clinic,,clinic,True,False,35.64313365336125,51.360237237597566,2447,,False
آزمایشگاه مرکزی شهر ری,,laboratory,laboratory,True,False,35.591848979943975,51.440895142252515,2448,government_political,True
ساختمان پزشکان شهران,clinic,clinic,clinic,True,False,35.751616150000004,51.28812429999999,2449,,False
مرکز اهدای خون مترو شهرری,,blood_donation,blood_donation,False,True,35.59432432902639,51.42335591811623,2450,,False
بیمارستان خیریه حضرت صدیقه زهرا,hospital,hospital,hospital,True,True,35.62361591768826,51.45670554364307,2451,,False
بیمارستان شهدای هفتم تیر,hospital,hospital,hospital,True,True,35.59235505574908,51.4187684691661,2452,,False
بیمارستان صدر (به آفرین),hospital,hospital,hospital,True,True,35.708645833544416,51.410690749674565,2453,,False
بیمارستان اختر,hospital,hospital,hospital,True,True,35.78916811875211,51.43173163130067,2454,,False
بیمارستان مسیح دانشوری,hospital,hospital,hospital,True,True,35.81594950803027,51.49672981488967,2455,,False
بیمارستان شهید باهنر,hospital,hospital,hospital,True,True,35.813265315046394,51.464555030335156,2456,,False
بیمارستان ایرانمهر,hospital,hospital,hospital,True,True,35.76773849477151,51.44228390189033,2457,government_political,True
بیمارستان کیان,hospital,hospital,hospital,True,True,35.76732989999999,51.4414233,2458,government_political,True
بیمارستان تهرانپارس,hospital,hospital,hospital,True,True,35.74244617197873,51.53309527047815,2459,,False
بیمارستان جامع بانوان آرش,hospital,hospital,hospital,True,True,35.73346055959012,51.52084234038495,2460,government_political,True
بیمارستان قمر بنی هاشم,hospital,hospital,hospital,True,True,35.7415352,51.45584650000001,2461,,False
بیمارستان آراد,hospital,hospital,hospital,True,True,35.70542102135476,51.42988520634802,2462,airport_buffer,True
بیمارستان ایرانشهر,hospital,hospital,hospital,True,True,35.70908633122526,51.433104447909884,2463,airport_buffer,True
بیمارستان پاستور نو,hospital,hospital,hospital,True,True,35.73202900933657,51.41735197703504,2464,government_political,True
بیمارستان کودکان بهرامی,hospital,hospital,hospital,True,True,35.71052418043942,51.46742105017489,2465,airport_buffer,True
بیمارستان آبان,hospital,hospital,hospital,True,True,35.71160515,51.412494900000006,2466,,False
بیمارستان آسیا,hospital,hospital,hospital,True,True,35.7296169,51.4183253,2467,government_political,True
بیمارستان البرز,hospital,hospital,hospital,True,True,35.70262338083166,51.4000556039005,2468,,False
بیمارستان تهران,hospital,hospital,hospital,True,True,35.71776742623962,51.41954038617773,2469,,False
بیمارستان توس,hospital,,hospital,True,True,35.72456255,51.41470565,2470,,False
بیمارستان قلب جماران,hospital,hospital,hospital,True,True,35.81741520754744,51.458245014889414,2471,government_political,True
بیمارستان کسری,hospital,hospital,hospital,True,True,35.73924368762191,51.415342959407276,2472,,False
بیمارستان کودکان تهران,hospital,hospital,hospital,True,True,35.70626122632644,51.40721820437941,2473,,False
بیمارستان مرکز طبی کودکان,hospital,hospital,hospital,True,True,35.70617228684331,51.38242821657499,2474,,False
بیمارستان مهر,hospital,hospital,hospital,True,True,35.71583757901156,51.402497299478505,2475,government_political,True
بیمارستان مهراد,hospital,hospital,hospital,True,True,35.726625475730785,51.42613706423678,2476,government_political,True
بیمارستان تهران کلینیک,hospital,hospital,hospital,True,True,35.72584237453486,51.41813653582141,2477,,False
بیمارستان اقبال,hospital,hospital,hospital,True,True,35.6957983858734,51.37581210070735,2478,,False
بیمارستان مروستی,hospital,hospital,hospital,True,True,35.696971816481174,51.41160727335035,2479,,False
بیمارستان عیوض زاده (سورنا),hospital,hospital,hospital,True,True,35.692038241332874,51.4066617199091,2480,,False
بیمارستان باهر,hospital,hospital,hospital,True,True,35.69210445,51.405902749999996,2481,,False
بیمارستان مدائن,hospital,,hospital,True,True,35.69912693280963,51.40346466563746,2482,,False
بیمارستان سوم شعبان,hospital,hospital,hospital,True,True,35.67213699820132,51.44074241736898,2483,,False
بیمارستان شفا یحیائیان,hospital,hospital,hospital,True,True,35.69175887796819,51.43779993325389,2484,airport_buffer|government_political,True
بیمارستان دکترمعیری,hospital,hospital,hospital,True,True,35.692897628286126,51.436497182154255,2485,airport_buffer,True
بیمارستان ولی عصر عج,hospital,hospital,hospital,True,True,35.656070474735884,51.42178188592777,2486,,False
بیمارستان آیت‌الله اشرفی اصفهانی,hospital,hospital,hospital,True,True,35.66841310292529,51.42779842243231,2487,,False
بیمارستان بازرگانان,hospital,hospital,hospital,True,True,35.67494359824437,51.43934349357105,2488,airport_buffer,True
بیمارستان طرفه,hospital,hospital,hospital,True,True,35.69594507985541,51.4345575621157,2489,airport_buffer|government_political,True
بیمارستان مهدیه,hospital,hospital,hospital,True,True,35.65208185,51.434579649999996,2490,,False
درمانگاه سبز شهر,hospital,hospital,hospital,True,True,35.69729802039756,51.42898121422785,2491,airport_buffer,True
بیمارستان فجر,hospital,hospital,hospital,True,True,35.69309725017984,51.46528906257727,2492,airport_buffer,True
بیمارستان مردم,hospital,hospital,hospital,True,True,35.68036425782128,51.45714112180096,2493,airport_buffer,True
بیمارستان شهدای گمنام,hospital,hospital,hospital,True,True,35.663099948909434,51.449801744329804,2494,government_political,True
بیمارستان آیت الله کاشانی,hospital,hospital,hospital,True,True,35.64000321341102,51.42071993479835,2495,,False
بیمارستان شریعت رضوی,hospital,hospital,hospital,True,True,35.67555179687789,51.32875048032429,2496,airport_buffer|government_political,True
بیمارستان شهدای یافت آباد,hospital,hospital,hospital,True,True,35.643895900000004,51.310445099999995,2497,,False
بیمارستان غیاثی,hospital,hospital,hospital,True,True,35.655564551292414,51.34056629970684,2498,airport_buffer,True
بیمارستان روانپزشکی ایران /نواب صفوی,hospital,hospital,hospital,True,True,35.713233675013754,51.256237611608405,2499,airport_buffer,True
بیمارستان ایرانیان,hospital,hospital,hospital,True,True,35.747919806819844,51.2630203969565,2500,airport_buffer|government_political,True
بیمارستان انصاری,hospital,hospital,hospital,True,True,35.72100578223335,51.48846321725665,2501,airport_buffer,True
بیمارستان ۵۰۵ ارتش,hospital,hospital,hospital,True,True,35.81126145179736,51.49880918509783,2502,,False
درمانگاه شبانه‌روزی شهرداری منطقه ۵ تهران,clinic,clinic,clinic,True,False,35.7262037785664,51.33406706183815,2503,airport_buffer,True
مجتمع پزشکی حضرت فاطمه الزهرا,hospital,hospital,hospital,True,True,35.5907888791854,51.4264785290974,2504,,False
شرکت مادر تخصصی پالایش و پژوهش خون ایران,,blood_donation,blood_donation,False,True,35.74731567853109,51.373192585680094,2505,,False
بیمارستان فرمانیه,hospital,hospital,hospital,True,True,35.79892992558839,51.47272184309982,2506,,False
بیمارستان نیکان,hospital,hospital,hospital,True,True,35.799862815719734,51.48959542781405,2507,,False
کلینیک آذر,clinic,clinic,clinic,True,False,35.74224042171103,51.411067967502056,2508,,False
بیمارستان کودکان مفید,hospital,hospital,hospital,True,True,35.75844421625644,51.44621165913928,2509,government_political,True
درمانگاه شفا,clinic,clinic,clinic,True,False,35.7107293544822,51.50880506136551,2510,airport_buffer|protected_environment,True
آزمایشگاه پارسا,,laboratory,laboratory,True,False,35.649100350000005,51.3923505,2511,,False
درمانگاههای تخصصی بیمارستان لبافی نژاد,hospital,hospital,hospital,True,True,35.76808885449289,51.45863565397578,2512,government_political,True
درمانگاه شبانه‌روزی یاس,hospital,hospital,hospital,True,True,35.63380147765345,51.413563736577125,2513,,False
درمانگاه,clinic,clinic,clinic,True,False,35.650478270149236,51.45882930752094,2514,,False
بیمارستان آرمان,hospital,hospital,hospital,True,True,35.77117165155566,51.39639970773047,2515,,False
درمانگاه حضرت فاطمه س,clinic,clinic,clinic,True,False,35.64896282030152,51.483349753348904,2516,,False
مرکز اهدای خون افسریه,,blood_donation,blood_donation,False,True,35.65445062537607,51.48813817140914,2517,,False
آزمایشگاه منجی,,laboratory,laboratory,True,False,35.69061896766121,51.46483667785836,2518,airport_buffer|government_political,True
آزمایشگاه پزشکی,,laboratory,laboratory,True,False,35.68547993950583,51.467586675369375,2519,airport_buffer,True
آزمایشگاه پزشکی,,laboratory,laboratory,True,False,35.68592677349899,51.467215453440865,2520,airport_buffer,True
بیمارستان دکتر سپیر,hospital,hospital,hospital,True,True,35.67860522861339,51.43105330811553,2521,,False
درمانگاه شبانه روزی دادمهر,clinic,clinic,clinic,True,False,35.684669852533226,51.48260030893382,2522,airport_buffer,True
بیمارستان محب مهر,,hospital,hospital,True,True,35.761384647433395,51.41046677807172,2523,,False
بیمارستان یاس سپید,hospital,hospital,hospital,True,True,35.71039485,51.3977157,2524,,False
آزمایشگاه دکتر خرازی,,laboratory,laboratory,True,False,35.691975000000006,51.48305715,2525,airport_buffer|government_political,True
آزمایشگاه پزشکی,,laboratory,laboratory,True,False,35.68015533881782,51.47988373432377,2526,airport_buffer|government_political,True
مرکز انتقال خون پیروزی,,blood_donation,blood_donation,False,True,35.69224545,51.481111549999994,2527,airport_buffer|government_political,True
unnamed,,hospital,hospital,True,True,35.65873633489825,51.41118810820441,2528,,False
بیمارستان شرکت نفت,hospital,hospital,hospital,True,True,35.69089906953537,51.413110649493106,2529,government_political,True
آزمایشگاه پزشکی,,laboratory,laboratory,True,False,35.6973421,51.41557125,2530,,False
درمانگاه شهرداری,clinic,clinic,clinic,True,False,35.74295907139992,51.19066713311302,2531,airport_buffer,True
درمانگاه شبانه‌روزی عمار,clinic,clinic,clinic,True,False,35.70951221929531,51.36942600455286,2532,government_political,True
مطب دکتر شیوا فارغ بال,doctors,doctor,doctors,True,False,35.70807922983866,51.36860224117179,2533,airport_buffer,True
درمانگاه شبانه‌روزی بهگر,clinic,clinic,clinic,True,False,35.70080519043634,51.365403196252146,2534,airport_buffer|government_political,True
درمانگاه,clinic,clinic,clinic,True,False,35.724867149999994,51.373332149999996,2535,,False
مرکز توانبخشی سکته مغزی تبسم,clinic,clinic,clinic,True,False,35.710062937292626,51.37740226965103,2536,,False
آزمایشگاه,,laboratory,laboratory,True,False,35.66834842949254,51.424887134347266,2537,,False
بیمارستان امیراعلم,hospital,hospital,hospital,True,True,35.699891429316175,51.42531103813039,2538,,False
ساختمان پزشکان توحید,doctors,doctor,doctors,True,False,35.70151012594534,51.3775905219018,2539,government_political,True
درمانگاه خیریه امام علی(ع),clinic,clinic,clinic,True,False,35.68251481040685,51.438048476567836,2540,airport_buffer,True
بیمارستان لولاگر,hospital,hospital,hospital,True,True,35.69454492048214,51.37300888764809,2541,airport_buffer,True
درمانگاه حصار بوعلی,clinic,clinic,clinic,True,False,35.809978855422614,51.466232976790835,2542,,False
درمانگاه شهرستانی,clinic,,clinic,True,False,35.71249809969151,51.446430926540756,2543,airport_buffer,True
کلینیک ثالث,clinic,clinic,clinic,True,False,35.66762374925828,51.404688169833484,2544,,False
پلی کلینیک کریم تهرانسر,clinic,,clinic,True,False,35.69232113428374,51.247421489583466,2545,airport_buffer,True
مرکز بهداشت و درمان صداوسیما,clinic,clinic,clinic,True,False,35.744740400000005,51.411229850000005,2546,,False
درمانگاه تخصصی طوس,clinic,clinic,clinic,True,False,35.67798247479634,51.39310978512945,2547,government_political,True
unnamed,,clinic,clinic,True,False,35.68701700303756,51.38189922305086,2548,,False
درمانگاه,clinic,clinic,clinic,True,False,35.66209734354112,51.38350466000143,2549,,False
درمانگاه شبانه روزی استخر,clinic,clinic,clinic,True,False,35.66749968643308,51.38982789391015,2550,government_political,True
درمانگاه,clinic,clinic,clinic,True,False,35.66458698826552,51.391427966974334,2551,,False
ساختمان پزشکان شفا,clinic,,clinic,True,False,35.74896145456871,51.47185905914414,2552,,False
درمانگاه تخصصی اعصاب سهروردی,clinic,clinic,clinic,True,False,35.737777458776264,51.442728817736764,2553,,False
مرکزجراحی مادر,clinic,clinic,clinic,True,False,35.72101901803409,51.487886359456716,2554,airport_buffer,True
درمانگاه خیریه علوی,clinic,clinic,clinic,True,False,35.680409979170165,51.405619486499496,2555,,False
کلینیک شبانه روزی سعادت آباد,clinic,clinic,clinic,True,False,35.78309294093386,51.3773894241091,2556,,False
درمانگاه قصرفیروزه,clinic,,clinic,True,False,35.65249865007006,51.49987329141405,2557,,False
کلینیک تخصصی خانواده و کودک,clinic,clinic,clinic,True,False,35.79592421585347,51.3963018887824,2558,,False
درمانگاه,clinic,clinic,clinic,True,False,35.79925483121262,51.3910799578216,2559,,False
آزمایشگاه های مگنتوفتونیک,,laboratory,laboratory,True,False,35.80149858752599,51.394337585410725,2560,,False
درمانگاه شبانه روزی حضرت قائم,clinic,clinic,clinic,True,False,35.761912015824144,51.24672462713235,2561,airport_buffer,True
بیمارستان ابن‌سینا,hospital,hospital,hospital,True,True,35.72237526255654,51.33249668030072,2562,airport_buffer,True
persianpet veterinary hospital,hospital,hospital,hospital,True,True,35.751789878342535,51.40100352865751,2563,,False
درمانگاه شبانه‌روزی پیامبر,clinic,clinic,clinic,True,False,35.76826838350611,51.337165570418826,2564,,False
مرکز بهداشت غرب تهران,hospital,hospital,hospital,True,True,35.68750119441143,51.345583972779934,2565,airport_buffer,True
بیمارستان امام سجاد ناجا,hospital,hospital,hospital,True,True,35.71185833510059,51.43127522424114,2566,airport_buffer,True
پایگاه انتقال خون,,blood_donation,blood_donation,False,True,35.80514703483184,51.43397585902334,2567,government_political,True
بیمارستان فرهیختگان,hospital,hospital,hospital,True,True,35.77898029818655,51.31701464079232,2568,,False
کلینیک باروری امید,clinic,clinic,clinic,True,False,35.69758240000001,51.437721950000004,2569,airport_buffer,True
بیمارستان بقیه الله الاعظم,hospital,hospital,hospital,True,True,35.75596303803648,51.3952033923308,2570,,False
درمانگاه شبیر,clinic,clinic,clinic,True,False,35.654603117226245,51.445120150095775,2571,,False
مرکز درمان ناباروری ابن سینا,clinic,clinic,clinic,True,False,35.7717141095985,51.439296308399534,2572,government_political,True
درمانگاه دانشگاه امام صادق,clinic,clinic,clinic,True,False,35.77011680438796,51.38370024931428,2573,,False
درمانگاه طوس,clinic,clinic,clinic,True,False,35.66520689042388,51.44501395606285,2574,government_political,True
کلینیک تامین اجتماعی,clinic,clinic,clinic,True,False,35.67143836131541,51.34917880028299,2575,airport_buffer|government_political,True
ساختمان پزشکان فارابی,clinic,clinic,clinic,True,False,35.77474798582716,51.48493089197106,2576,,False
یمارستان فوق تخصصی عدل,hospital,hospital,hospital,True,True,35.79192669309376,51.37848937524345,2577,,False
بیمارستان سلامت فردا,hospital,hospital,hospital,True,True,35.74368823718312,51.327500297168406,2578,,False
بیمارستان جم,hospital,,hospital,True,True,35.72289692832235,51.422962074828355,2579,,False
آزمایشگاه پاتوبیولوژی عماد,,laboratory,laboratory,True,False,35.72354624446665,51.42387946288486,2580,,False
مرکز تخصصی دندانپزشکی دکتر بهرام شکری,clinic,clinic,clinic,True,False,35.7539795,51.3923242,2581,,False
بيمارستان شهرام,hospital,hospital,hospital,True,True,35.72066961117576,51.4064678949559,2582,government_political,True
مرکز تخصصی درمان وزوز گوش و سمعک -فراشنوا,clinic,audiologist,clinic,True,False,35.72168497065609,51.4074982436966,2583,,False
ساختمان پزشکان رازی,doctors,doctor,doctors,True,False,35.71853010084723,51.389684030330876,2584,government_political,True
ساختمان پزشکان,doctors,doctor,doctors,True,False,35.718845226929034,51.38953716285078,2585,government_political,True
ساختمان پزشکان سبحان,doctors,doctor,doctors,True,False,35.71885490909512,51.38960130652591,2586,government_political,True
ساختمان پزشکان تخصصی و فوق تخصصی جامی,doctors,doctor,doctors,True,False,35.71887186212847,51.38970092336283,2587,government_political,True
بیمارستان روانپزشکی صدر,hospital,hospital,hospital,True,True,35.78958348917184,51.455738966025045,2588,,False
مطب پوست و مو دکتر سینا صفایی,doctors,doctor,doctors,True,False,35.80202676673473,51.47853566005808,2589,,False
کلینیک شبانه روزی نیاوران,clinic,clinic,clinic,True,False,35.81318158378008,51.438733581451885,2590,,False
ساختمان پزشکان ساسان,clinic,clinic,clinic,True,False,35.79157436723542,51.48774905899782,2591,,False
unnamed,hospital,hospital,hospital,True,True,35.79373583258952,51.46010204087627,2592,government_political,True
مرکز بهداشت سید الشهدای ازگل,clinic,,clinic,True,False,35.79242499421919,51.49658791846308,2593,,False
بیمارستان امید,hospital,hospital,hospital,True,True,35.76558081214953,51.31613723040315,2594,,False
بيمارستان عرفان نيايش,hospital,hospital,hospital,True,True,35.76558159089723,51.31562683131311,2595,,False
unnamed,clinic,clinic,clinic,True,False,35.7994392001225,51.4035048714681,2596,government_political,True
مجتمع پزشکی کوهستان,clinic,,clinic,True,False,35.791495394198094,51.47659992638368,2597,government_political,True
درمانگاه شهرک امید,clinic,clinic,clinic,True,False,35.76301863939773,51.533447855796425,2598,,False
بیمارستان سینا,hospital,hospital,hospital,True,True,35.68714111789747,51.41311444691623,2599,,False
درمانگاه فرهنگیان مرکزی,clinic,clinic,clinic,True,False,35.685547427213606,51.41379685888126,2600,government_political,True
مرکز ‌بهداشت عباس آباد,clinic,clinic,clinic,True,False,35.572220739851616,51.46787088682352,2601,,False
بیمارستان شهید صنیع خانی,hospital,hospital,hospital,True,True,35.694883733038814,51.24115886915853,2602,airport_buffer,True
موسسه حسابرسی هوشیار ممیز,doctors,doctor,doctors,True,False,35.75914963561272,51.411539631175266,2603,,False
درمانگاه خاندان حکیم,hospital,hospital,hospital,True,True,35.666432221044225,51.36546205581568,2604,airport_buffer,True
مرکز پزشکی چند تخصصی یادمان,clinic,clinic,clinic,True,False,35.76929241965086,51.36453011711513,2605,,False
مرکز جامع اهدای خون شهر ری (شهید علیرضا اسدی آذر),,blood_donation,blood_donation,False,True,35.58509449155975,51.447378739167156,2606,,False
unnamed,,clinic,clinic,True,False,35.718089813178295,51.322324133449754,2607,airport_buffer,True
بیمارستان خیریه امام علی,hospital,hospital,hospital,True,True,35.65795459468426,51.263389734065655,2608,,False
درمانگاه و خانه بهداشت حکیمیه,clinic,clinic,clinic,True,False,35.737295342985114,51.592007344604696,2609,,False
بیمارستان نیکان سپید,hospital,hospital,hospital,True,True,35.73918566180991,51.59447302450489,2610,government_political,True
آزمایشگاه پاتوبیولوژی دانش,,laboratory,laboratory,True,False,35.705184527394124,51.3998341572083,2611,,False
درمانگاه شهدای بدر,hospital,hospital,hospital,True,True,35.64018170000001,51.441838800000006,2612,,False
مرکز درمان ناباروری مام,clinic,clinic,clinic,True,False,35.74775915,51.401835999999996,2613,,False
بیمارستان اکبر آبادی,hospital,hospital,hospital,True,True,35.66822698068202,51.42662157458127,2614,,False
بیمارستان فوق تخصصی نیکان غرب و چشم آفتاب,hospital,hospital,hospital,True,True,35.75717583030222,51.27040221168465,2615,,False
مرکز تصویر برداری پزشکی کوروش,clinic,,clinic,True,False,35.723607542998806,51.41801987706684,2616,government_political,True
کلینیک شایان تهران,clinic,,clinic,True,False,35.75912707174008,51.43636730439727,2617,government_political,True
بیمارستان تندیس,hospital,hospital,hospital,True,True,35.77452277037678,51.421606179639575,2618,,False
پلی کلینیک فداییان اسلام,clinic,clinic,clinic,True,False,35.6197002504963,51.43669663559777,2619,,False
کلینیک تخصصی داخلی مسعود,clinic,clinic,clinic,True,False,35.73468166228821,51.38690062184917,2620,,False
unnamed,hospital,hospital,hospital,True,True,35.64588904249628,51.49048712717059,2621,,False
ساختمان پزشکان نگین زمرد,doctors,doctor,doctors,True,False,35.75797873623931,51.45065950929394,2622,,False
بیمارستان دادگستری,hospital,hospital,hospital,True,True,35.700377637245886,51.41734062262756,2623,,False
مرکز جامع خونگیری ستاری,,blood_donation,blood_donation,False,True,35.7472280753274,51.31541813867565,2624,,False
ساختمان پزشكان مينا,clinic,clinic,clinic,True,False,35.7636351588123,51.443461855649794,2625,,False
درمانگاه شبانه روزی حضرت ولیعصر,clinic,clinic,clinic,True,False,35.738804040313106,51.2435512310347,2626,airport_buffer,True
ساختمان پزشکان شباهنگ,clinic,clinic,clinic,True,False,35.70411308733542,51.38317506576109,2627,,False
آزمایشگاه دکتر ریاضی,,laboratory,laboratory,True,False,35.72631689138422,51.32254376106712,2628,,False
بیمارستان فارابی,hospital,hospital,hospital,True,True,35.67249320148156,51.39327567284609,2629,,False
بیمارستان یاس;مجتمع بیمارستانی یاس (دانشگاه علوم پزشکی تهران),hospital,hospital,hospital,True,True,35.71798804402094,51.41481772163033,2630,government_political,True
بیمارستان کودکان حکیم,hospital,hospital,hospital,True,True,35.63359504119919,51.32269383202237,2631,,False
ستاد مرکز بحران طالقانی,clinic,clinic,clinic,True,False,35.75568912521964,51.42492407953292,2632,,False
کلینیک والفجر,clinic,clinic,clinic,True,False,35.743345164759766,51.39525162982815,2633,,False
مرکز بهداشت خاقانی,clinic,clinic,clinic,True,False,35.72189209624596,51.512508355957706,2634,airport_buffer|government_political,True
بیمارستان عرفان,hospital,hospital,hospital,True,True,35.7761081693824,51.36548702487621,2635,,False
بیمارستان قلب تهران,hospital,hospital,hospital,True,True,35.72047923129788,51.387845970419626,2636,,False
درمانگاه شهرداری,clinic,clinic,clinic,True,False,35.75292904400767,51.448380451949596,2637,government_political,True
unnamed,hospital,hospital,hospital,True,True,35.71015710922094,51.39947376028619,2638,government_political,True
درمانگاه شهرداری منطقه 21,clinic,clinic,clinic,True,False,35.72609176654196,51.17920558796592,2639,,False
مرکز جامع سلامت نگین آزادی,clinic,clinic,clinic,True,False,35.701175813220736,51.38095386525486,2640,,False
unnamed,,blood_donation,blood_donation,False,True,35.74785579408684,51.3742707196497,2641,,False
Iranian Blood Transfusion Organization,,blood_donation,blood_donation,False,True,35.74827703185521,51.374411345724255,2642,,False
unnamed,,blood_donation,blood_donation,False,True,35.747574054034075,51.37433842153606,2643,,False
unnamed,,blood_donation,blood_donation,False,True,35.748607655121184,51.375177673041954,2644,,False
ساختمان پزشکان هدیه,doctors,doctor,doctors,True,False,35.780766058261875,51.46234892441183,2645,,False
بیمارستان ساسان,hospital,hospital,hospital,True,True,35.710930247557826,51.4028327226198,2646,,False
unnamed,hospital,hospital,hospital,True,True,35.76189245471765,51.2467071942459,2647,airport_buffer,True
درمانگاه شهید مطهری,clinic,clinic,clinic,True,False,35.674987543671975,51.51155057455721,2648,,False
كلينيك ارتوپدي تهران,clinic,clinic,clinic,True,False,35.7617311,51.329475,2649,government_political,True
کلینیک پوست،مو و زیبایی سلین(دکتر اسماعیل اطلابی),clinic,clinic,clinic,True,False,35.69210526286992,51.48542928144138,2650,airport_buffer,True
ساختمان پزشکان شفا,doctors,doctor,doctors,True,False,35.700005361419024,51.36484072063699,2651,airport_buffer|government_political,True
ساختمان پزشکان فجر,doctors,doctor,doctors,True,False,35.700022112256846,51.36468477211232,2652,airport_buffer|government_political,True
فیزیوتراپی کارنیک,clinic,clinic,clinic,True,False,35.71658978338333,51.40580945853258,2653,,False
unnamed,clinic,clinic,clinic,True,False,35.7356258250528,51.453228787166864,2654,military_security,True
مرکز خدمات جامع سلامت شهید غفاری,clinic,clinic,clinic,True,False,35.70780246808695,51.30630276597744,2655,airport_buffer,True
همو دیالیز,clinic,clinic,clinic,True,False,35.675360749999996,51.26445525,2656,airport_buffer,True
بیمارستان محب کوثر,hospital,hospital,hospital,True,True,35.73044536345287,51.40895770927293,2657,,False
مرکز توانبخشی امید فردا,hospital,hospital,hospital,True,True,35.74719294308631,51.14475321540338,2658,,False
ساختمان پزشکان طلا,clinic,clinic,clinic,True,False,35.74885565924741,51.40934970377503,2659,,False
unnamed,clinic,,clinic,True,False,35.726071836164586,51.32259151810918,2660,airport_buffer,True
ساختمان پزشکان,doctors,doctor,doctors,True,False,35.661700598905135,51.34353349988135,2661,airport_buffer,True
کلینیک فوق تخصصی بهبود,clinic,clinic,clinic,True,False,35.729102675627324,51.42680480756119,2662,government_political,True
بیمارستان تریتا,hospital,hospital,hospital,True,True,35.75762196080303,51.22433175442702,2663,airport_buffer,True
ساختمان پزشکان زیبا,doctors,doctor,doctors,True,False,35.76338101400032,51.445104942248,2664,,False
بیمارستان چشم پزشکی دکتر مسعود جوادی,clinic,clinic,clinic,True,False,35.7072897,51.467886750000005,2665,airport_buffer,True
کلینیک دکتر مهسا عاشقان,doctors,doctor,doctors,True,False,35.77060886275984,51.37442524415169,2666,,False
طب کار و کارت سلامت ایرانیان,clinic,clinic,clinic,True,False,35.70035471489325,51.242542544760745,2667,airport_buffer,True
دکتر سید محمد حسینی هوشیار,doctors,doctor,doctors,True,False,35.7868491,51.421834249999996,2668,,False
مرکز تصویربرداری مهر,clinic,clinic,clinic,True,False,35.71627468044992,51.40191169884796,2669,government_political,True
unnamed,hospital,hospital,hospital,True,True,35.75521175852866,51.39441504836959,2670,,False
Asam Pathobiology Laboratory,,laboratory,laboratory,True,False,35.79220029848726,51.43466426941144,2671,,False
unnamed,doctors,doctor,doctors,True,False,35.79631917630984,51.44329871708932,2672,government_political,True
بیمارستان در حال احداث حضرت عبدالعظیم,hospital,,hospital,True,True,35.583804232424114,51.442810879952745,2673,,False
sepidteb azmoon,,laboratory,laboratory,True,False,35.73217484846368,51.412834973569204,2674,,False
کلینیک مغز و شناخت,clinic,clinic,clinic,True,False,35.7175725458959,51.409960851834306,2675,,False
بیمارستان سرطان برکت,hospital,hospital,hospital,True,True,35.72441166346085,51.24773155995994,2676,airport_buffer,True
کلینیک شبانه روزی دکتر حمیدیه,clinic,clinic,clinic,True,False,35.73625137395222,51.44411595819885,2677,,False
بیمارستان هوشمند مهدی,hospital,hospital,hospital,True,True,35.70927597980334,51.37889391315475,2678,,False
بیمارستان برکت,hospital,hospital,hospital,True,True,35.724479437067565,51.2471215498844,2679,airport_buffer,True
درمانگاه ساختمان پزشکان,hospital,hospital,hospital,True,True,35.712239307649135,51.28259328289165,2680,airport_buffer,True
مرکز تصویر برداری پزشکی امید نوین,hospital,hospital,hospital,True,True,35.75625717068038,51.39555402632608,2681,,False
مرکز تصویربرداری پزشکی امید نوین,hospital,hospital,hospital,True,True,35.75625717068038,51.39555402632608,2682,,False
مرکز تصیربرداری پزشکی امید نوین,hospital,hospital,hospital,True,True,35.75625717068038,51.39555402632608,2683,,False
آزمایشگاه بابک,,laboratory,laboratory,True,False,35.6813094885871,51.44961702816837,2684,airport_buffer,True
پایگاه اورژانس,hospital,hospital,hospital,True,True,35.697100869577746,51.494053991872256,2685,airport_buffer,True
کلینیک چشم پزشکی تخصصی نور ساختمان ۱,clinic,clinic,clinic,True,False,35.723651241932025,51.43824387514029,2686,airport_buffer,True
کلینیک چشم پزشکی تخصصی نور ساختمان ۲,clinic,clinic,clinic,True,False,35.72354702075543,51.438671262856644,2687,airport_buffer,True
کلینیک چشم پزشکی تخصصی نور ساختمان ۳,clinic,clinic,clinic,True,False,35.723188549999996,51.43858025000001,2688,airport_buffer,True
دکتر عباس خیرخواه,clinic,clinic,clinic,True,False,35.80079073650358,51.4155192413732,2689,government_political,True
ساختمان شمارهٔ ۱ بیمارستان رسول اکرم,,hospital,hospital,True,True,35.719712034472636,51.37120812460568,2690,government_political,True
کلینیک دندانپزشکی رایا,clinic,clinic,clinic,True,False,35.77102391057846,51.41508445537188,2691,,False
آزمایشگاه اسپیناس,,hospital,hospital,True,True,35.78214423759591,51.37654879665333,2692,government_political,True
مرکز زیبایی سمیتا,clinic,clinic,clinic,True,False,35.7780231186939,51.36093467024479,2693,government_political,True
کلینیک دندانپزشکی نیاز (Niaz Dental Clinic),clinic,clinic,clinic,True,False,35.695271955656246,51.37715200469966,2694,,False
کلینیک دامپزشکی مدیک,hospital,hospital,hospital,True,True,35.75292015645162,51.25103861453183,2695,airport_buffer,True
