name,amenity,healthcare,facility_category,is_demand_point,is_candidate_station,latitude,longitude
مرکز درمانی دارالشفاء امام حسن مجتبی(ع),clinic,clinic,clinic,True,False,35.6852967,51.4541419
مطب دکتر شفیع زاده,doctors,doctor,doctors,True,False,35.6985188,51.3809752
درمانگاه شهید فلاحی,clinic,clinic,clinic,True,False,35.7847134,51.5027743
درمانگاه شبانه روزی گرگان,clinic,clinic,clinic,True,False,35.705441,51.4439145
پلی کلینیک تخصصی جشنواره,clinic,clinic,clinic,True,False,35.7294441,51.5472681
مطب دکتر فارسی,doctors,doctor,doctors,True,False,35.7584329,51.4532798
درمانگاه امیرکبیر,clinic,clinic,clinic,True,False,35.6617333,51.3437569
درمانگاه شبانه‌روزی مشیری,clinic,clinic,clinic,True,False,35.6683568,51.3468576
درمانگاه ازگل,clinic,clinic,clinic,True,False,35.7961139,51.4961524
مرکز تصویربرداری پزشکی نماطب,clinic,clinic,clinic,True,False,35.7042035,51.4392284
آزمایشگاه تشخیص طبی یونسی,,laboratory,laboratory,True,False,35.7118978,51.4504791
آزمایشگاه تشخیص طبی تک,,laboratory,laboratory,True,False,35.7056554,51.4442209
مرکز تصویربرداری پزشکی ملاصدرا MRI,clinic,clinic,clinic,True,False,35.7532647,51.3964376
درمانگاه نور,clinic,clinic,clinic,True,False,35.5903596,51.4350716
درمانگاه ایلیاد,clinic,clinic,clinic,True,False,35.7596124,51.3028471
درمانگاه خیریه شهدای مسجد جامع غدیر خم,clinic,clinic,clinic,True,False,35.7573442,51.4575593
آزمایشگاه تشخیص پزشکی دکتر فلاح,,laboratory,laboratory,True,False,35.6613018,51.4858747
مرکز تصویربرداری پزشکی حقیقت,doctors,doctor,doctors,True,False,35.7299883,51.4955341
داروخانه دکتر مفیدی,clinic,clinic,clinic,True,False,35.7474762,51.2634177
درمانگاه شبانه روزی الزهرا,clinic,,clinic,True,False,35.7234622,51.3103267
درمانگاه خیریه حضرت ولیعصر(عج),clinic,clinic,clinic,True,False,35.6837091,51.4311174
آزمایشگاه تشخیص طبی مهرآگین,,laboratory,laboratory,True,False,35.7450518,51.5162507
درمانگاه شبانه‌روزی حضرت ابوالفضل,clinic,clinic,clinic,True,False,35.7048378,51.487854
آزمایشگاه مسعود,,laboratory,laboratory,True,False,35.7627496,51.4123269
درمانگاه شبانه‌روزی دولت,clinic,clinic,clinic,True,False,35.7804138,51.4630707
درمانگاه مرزداران,clinic,clinic,clinic,True,False,35.7341808,51.3550407
تراب,clinic,clinic,clinic,True,False,35.7795331,51.4482507
درمانگاه شوکت,clinic,clinic,clinic,True,False,35.7473483,51.5021596
آزمایشگاه تشخیص طبی دکتر محرابیان,,laboratory,laboratory,True,False,35.7498973,51.5443573
مرکز بهداشتی و درمانی شهرداری تهران,clinic,clinic,clinic,True,False,35.7135296,51.487806
کلینیک طب سوزنی,clinic,clinic,clinic,True,False,35.7056768,51.4402153
درمانگاه شاهد,clinic,clinic,clinic,True,False,35.7339876,51.5390586
ساختمان پزشکان سینا,clinic,clinic,clinic,True,False,35.7416841,51.546967
درمانگاه ایرانپارس,clinic,clinic,clinic,True,False,35.7673953,51.3094619
درمانگاه فرهنگیان,clinic,clinic,clinic,True,False,35.712956,51.4895529
مطب دکتر محمد کمالی,doctors,doctor,doctors,True,False,35.7402559,51.338697
unnamed,clinic,clinic,clinic,True,False,35.7378871,51.2859707
کلینیک فوق تخصصی چشم پزشکی نور,clinic,clinic,clinic,True,False,35.7237573,51.4384316
کلینیک اسرا طب سنتی,clinic,clinic,clinic,True,False,35.7163157,51.4907647
مرکز بهداشت شرکت ارتباطات زیرساخت,clinic,clinic,clinic,True,False,35.7056453,51.3979621
دکتر گیتی الیاسی,doctors,doctor,doctors,True,False,35.7110315,51.3157479
درمانگاه تخصصی شهرداری منطقه ۸,clinic,clinic,clinic,True,False,35.7252862,51.5020768
کلینیک نسیم قیطریه,clinic,clinic,clinic,True,False,35.7923,51.4529144
کلینیک تخصصی شبانه روزی ندا,clinic,,clinic,True,False,35.7973568,51.4573878
درمانگاه خیریه,clinic,,clinic,True,False,35.7191727,51.4721931
مرکز بهداشت شهید دکمه چی,clinic,,clinic,True,False,35.7341423,51.4741091
کلینیک پوست دکتر دولتى,clinic,,clinic,True,False,35.7619289,51.4126116
کلینیک پوست به‌سیما,clinic,clinic,clinic,True,False,35.7492073,51.4108098
مطب دکتر ناطقیان,doctors,doctor,doctors,True,False,35.7527628,51.4490184
کلینیک,clinic,clinic,clinic,True,False,35.7864944,51.4869653
درمانگاه پارتیان,clinic,clinic,clinic,True,False,35.7392684,51.4698598
دکتر مجتبی کلینی جراح زیبایی,doctors,doctor,doctors,True,False,35.7444093,51.4115326
مطب دکتر پارسا,doctors,doctor,doctors,True,False,35.770495,51.4400062
کیلینیک تخصصی تصویربرداری دلیری,clinic,clinic,clinic,True,False,35.6574773,51.372674
کلینیک تصویربرداری گامانایف,clinic,clinic,clinic,True,False,35.7671947,51.4255189
مطب خانم دکتر توکلی,doctors,doctor,doctors,True,False,35.7680181,51.4415913
آزمایشگاه هاشمی نژاد,,laboratory,laboratory,True,False,35.6666409,51.3662636
کیلینیک تخصصی اطفال پگاه,clinic,clinic,clinic,True,False,35.7437132,51.4584503
درمانگاه خانواده,clinic,clinic,clinic,True,False,35.6769213,51.327891
درمانگاه,clinic,clinic,clinic,True,False,35.7563219,51.3768393
آزمایشگاه پاتوبیولوژی مرکزی,,laboratory,laboratory,True,False,35.7977808,51.4184429
درمانگاه اباصالح ع,clinic,,clinic,True,False,35.7895742,51.4190029
پلی کلینیک تخصصی موسسه رفاهی کشتیرانی,clinic,clinic,clinic,True,False,35.7700608,51.4926527
ساختمان پزشکان,clinic,clinic,clinic,True,False,35.7374215,51.3765436
درمانگاه شبانه روزی گلستان غرب,clinic,clinic,clinic,True,False,35.7497635,51.2414992
حامد محمد قهری,doctors,doctor,doctors,True,False,35.7790877,51.4631243
درمانگاه خیریه ولیعصر(ارشاد),clinic,clinic,clinic,True,False,35.6019747,51.427069
درمانگاه دکتر ایرانزاد,clinic,clinic,clinic,True,False,35.7002855,51.3683891
مطب دکتر بهار محجوبی,doctors,doctor,doctors,True,False,35.7285404,51.4352524
دکتر نبوی فوق تخصص آلرژی کودکان,doctors,doctor,doctors,True,False,35.7797316,51.4493874
پاتوبیولوژی نصرت,clinic,,clinic,True,False,35.7063989,51.3648739
کلینیک سید الشهدا,clinic,clinic,clinic,True,False,35.6557356,51.35354
کلینیک امام رضا,clinic,clinic,clinic,True,False,35.6555559,51.3538284
درمانگاه رئوف,clinic,clinic,clinic,True,False,35.7745606,51.4338977
مرکز روماتیسم ایران,clinic,clinic,clinic,True,False,35.7186411,51.3898664
رادیولوژی و سونوگرافی بزرگمهر,doctors,doctor,doctors,True,False,35.7036552,51.4046207
درمانگاه بهاران,clinic,clinic,clinic,True,False,35.6504544,51.3562798
مرکز خدمات پزشکی شهرک شهید باقری,clinic,clinic,clinic,True,False,35.7611605,51.2058682
unnamed,clinic,clinic,clinic,True,False,35.76849,51.291753
رادیولوژی طوس,doctors,doctor,doctors,True,False,35.7113416,51.3159634
آزمایشگاه پاتوبیولوژی پژوهش,,laboratory,laboratory,True,False,35.7077595,51.3059735
مرکز خدمات جامع سلامت شهید غفاری,clinic,clinic,clinic,True,False,35.707757,51.306238
مرکز اهدای خون,,blood_donation,blood_donation,False,True,35.7234,51.3347326
ساختمان پزشکان سبز,clinic,clinic,clinic,True,False,35.7214278,51.3465533
کیش طب آریا /تن آور,clinic,clinic,clinic,True,False,35.7705886,51.4399076
درمانگاه شبانه‌روزی اسفند,clinic,clinic,clinic,True,False,35.7004988,51.3906119
مطب دکتر سهراب هاشمى فشارکى,doctors,doctor,doctors,True,False,35.7800155,51.4492664
آزمایشگاه پیشرفته,,laboratory,laboratory,True,False,35.6576189,51.3611572
دارالشفا قائم,clinic,,clinic,True,False,35.8048757,51.4398969
مرکز سی تی اسکن کامرانی,clinic,clinic,clinic,True,False,35.7005725,51.3902619
آزمایشگاه دکتر نظری,,laboratory,laboratory,True,False,35.7254679,51.5243617
آزمایشگاه نارمک,,laboratory,laboratory,True,False,35.7287748,51.4941788
مرکز اهدای خون شهدای چیذر,,blood_donation,blood_donation,False,True,35.7975498,51.4567779
درمانگاه شهرداری منطقه ۱۷,clinic,clinic,clinic,True,False,35.6564587,51.3642435
پایگاه سلامت شهید صفرپور,clinic,clinic,clinic,True,False,35.7530491,51.2195866
درمانگاه افرا,clinic,clinic,clinic,True,False,35.6581232,51.3581127
دکتر حامد عباسی,doctors,doctor,doctors,True,False,35.8048619,51.4217257
صبا,clinic,clinic,clinic,True,False,35.6562412,51.3533501
درمانگاه ابوریحان,clinic,clinic,clinic,True,False,35.6995742,51.4022672
کاشت مو ایران نوین,clinic,clinic,clinic,True,False,35.7868693,51.3506788
درمانگاه شبانه روزی ساج,clinic,clinic,clinic,True,False,35.7849008,51.3613315
unnamed,clinic,clinic,clinic,True,False,35.7235184,51.4352105
unnamed,clinic,clinic,clinic,True,False,35.7251761,51.4354727
دکتر کوهستانی,doctors,doctor,doctors,True,False,35.7701583,51.3613338
آزمایشگاه دکتر ریاضی,,laboratory,laboratory,True,False,35.7263279,51.3225103
قضاوی,doctors,doctor,doctors,True,False,35.806854,51.4676503
دکتر مالک اطمینان راد متخصص ستون فقرات,doctors,,doctors,True,False,35.7211539,51.3915216
unnamed,doctors,doctor,doctors,True,False,35.7246328,51.4377742
unnamed,,clinic,clinic,True,False,35.6979222,51.3406476
درمانگاه سرسبز,clinic,clinic,clinic,True,False,35.7354138,51.4955203
کلینیک پزشکان سبلان,clinic,clinic,clinic,True,False,35.7258986,51.4596324
دکتر رزاقی,doctors,doctor,doctors,True,False,35.80627,51.4411202
انجمن دندانپزشکان عمومی ایران,doctors,,doctors,True,False,35.7793917,51.4212408
دکتر چناری,doctors,doctor,doctors,True,False,35.7314102,51.3508291
مطب دکتر فرزانه,doctors,doctor,doctors,True,False,35.7506357,51.4086453
دکتر سهیلا عارفی,doctors,doctor,doctors,True,False,35.7769338,51.3543045
دکتر مکبری نژاد,doctors,doctor,doctors,True,False,35.797532,51.4366166
ساختمان پزشکان کاوه,clinic,clinic,clinic,True,False,35.780236,51.4491389
آزمایشگاه فراز,,laboratory,laboratory,True,False,35.7283552,51.5137706
ساختمان پزشکان صبا,clinic,clinic,clinic,True,False,35.6573992,51.3639239
آزمایشگاه دکتر جوادی,,laboratory,laboratory,True,False,35.6573917,51.364081
ساختمان پزشکان,doctors,doctor,doctors,True,False,35.6572375,51.3658002
مطب دکتر مظاهری,doctors,doctor,doctors,True,False,35.6572864,51.3653296
کلینیک ترک اعتیاد پردیس,clinic,clinic,clinic,True,False,35.6573359,51.3646126
رادیولوژی فلاح,doctors,doctor,doctors,True,False,35.6573862,51.3641602
آزمایشگاه بهنیا,,laboratory,laboratory,True,False,35.6570759,51.367056
ساختمان شماره ۳ بیمارستان,hospital,hospital,hospital,True,True,35.640617,51.4204254
دکتر راحله امانی,doctors,doctor,doctors,True,False,35.7738327,51.3762782
دکتر مهسا قربانی,doctors,doctor,doctors,True,False,35.7503106,51.4102685
درمانگاه هاشمی,clinic,clinic,clinic,True,False,35.6918119,51.3510205
مرکز جراحی محدود گاندی,clinic,clinic,clinic,True,False,35.7567068,51.4133668
unnamed,clinic,clinic,clinic,True,False,35.672278,51.4197943
پایگاه سلامت جامعه زهرا همایون نامجو,clinic,clinic,clinic,True,False,35.7076664,51.4467109
مرکز اهدای خون وصال,,blood_donation,blood_donation,False,True,35.7060269,51.3988835
کلینیک کار درمانی صالحی,clinic,clinic,clinic,True,False,35.7077906,51.3873493
مطب دکتر خدائیانی,doctors,doctor,doctors,True,False,35.7604104,51.4283268
نصیری,doctors,doctor,doctors,True,False,35.7688571,51.3708374
درمانگاه دروس,clinic,clinic,clinic,True,False,35.7675676,51.4496359
مرکز توانبخشی ارمغان عصر,clinic,clinic,clinic,True,False,35.7468783,51.4126691
درمانگاه شبانه روزی الزهرا,clinic,clinic,clinic,True,False,35.7398718,51.5955745
مطب دکتر تقوى,doctors,doctor,doctors,True,False,35.7719957,51.4408716
آزمایشگاه تشخیص پزشکی کاخ,,laboratory,laboratory,True,False,35.7094976,51.4041978
درمانگاه مهزیار,clinic,clinic,clinic,True,False,35.6563352,51.3868483
آزمایشگاه تشخیص طبی جواد,,laboratory,laboratory,True,False,35.6558827,51.3871816
بهبود,clinic,clinic,clinic,True,False,35.7292904,51.4271573
کلینیک گلریز,clinic,clinic,clinic,True,False,35.7332448,51.4064096
۳۴۴ clinic,clinic,clinic,clinic,True,False,35.7236966,51.4171623
مطب دکتر کشکولی,doctors,doctor,doctors,True,False,35.752491,51.3972619
آزمایشگاه پاتوبیولوژی آزادی,,laboratory,laboratory,True,False,35.7003321,51.3749988
مرکز جراحی و پلی کلینیک تخصصی ماد,clinic,clinic,clinic,True,False,35.7732109,51.3658294
عينک شالچی,clinic,clinic,clinic,True,False,35.7015752,51.4301766
ساختمان پزشکان ۲۰۰,clinic,clinic,clinic,True,False,35.7261546,51.4184368
دکتر ناصر سیگاری طب سوزنی,doctors,,doctors,True,False,35.7602223,51.4101898
بیمارستان نهاد ریاست جمهوری,clinic,clinic,clinic,True,False,35.7101824,51.4008342
درمانگاه یادگار,clinic,clinic,clinic,True,False,35.6985467,51.3556031
دکتر معظمی,doctors,doctor,doctors,True,False,35.7583484,51.410928
unnamed,,clinic,clinic,True,False,35.7965948,51.429244
رادیولوژی و سونوگرافی یاسین,doctors,doctor,doctors,True,False,35.6533639,51.4987045
درمانگاه ۱۳ آبان,clinic,clinic,clinic,True,False,35.6399367,51.4111283
درمانگاه شبانه روزی حیان,clinic,clinic,clinic,True,False,35.756358,51.28931
درمانگاه شبانه روزی صدر,clinic,clinic,clinic,True,False,35.763346,51.2905259
مجتمع پزشکان سلسبیل,clinic,clinic,clinic,True,False,35.6857042,51.3768593
درمانگاه اکبر آباد,clinic,clinic,clinic,True,False,35.6791797,51.3772466
کلینیک دیابت ثمین,clinic,clinic,clinic,True,False,35.7994558,51.4035064
درمانگاه شبانه روزی دندانپزشکی الغدیر,clinic,clinic,clinic,True,False,35.6872941,51.3691566
آزمایشگاه,,laboratory,laboratory,True,False,35.7011873,51.4104405
درمانگاه دکتر صفدریان,clinic,clinic,clinic,True,False,35.7305871,51.480897
آزمایشگاه پزشکی,,laboratory,laboratory,True,False,35.6620327,51.4451367
طب سنتی دکتر پرما,doctors,doctor,doctors,True,False,35.7638965,51.4750673
دکتر نفیسه کاشانی زاده,doctors,doctor,doctors,True,False,35.70313,51.4028201
دکتر رضا عرفانیان سلیم,doctors,doctor,doctors,True,False,35.7642904,51.4201091
آزمایشگاه پزشکی,,laboratory,laboratory,True,False,35.7091389,51.4063969
مرکز اهداء خون,,blood_donation,blood_donation,False,True,35.7110248,51.40584
آزمایشگاه پزشکی ناجا,,laboratory,laboratory,True,False,35.6999007,51.3926964
پایگاه سلامت شهید شمیرانی,clinic,clinic,clinic,True,False,35.7055933,51.449003
درمانگاه مجیدیه,clinic,clinic,clinic,True,False,35.7345487,51.4624641
گروه پزشکی تخصصی غرب,clinic,clinic,clinic,True,False,35.6918629,51.3700485
حکیم,doctors,doctor,doctors,True,False,35.7059675,51.4303857
ساختمان پزشکان مهرداد,clinic,clinic,clinic,True,False,35.7250504,51.4258853
کلینیک ویژه بیمارستان شریعتی,clinic,clinic,clinic,True,False,35.722021,51.389346
کلینیک ارتوپدی پارت ارم,clinic,clinic,clinic,True,False,35.71121,51.4145661
مطب دکتر علی پناه خلج متخصص کودکان,doctors,doctor,doctors,True,False,35.6572164,51.365549
دکتر سارا میرزنده دل,doctors,,doctors,True,False,35.7197676,51.3359315
مرکز خدمات مشاوره ای جوان,clinic,clinic,clinic,True,False,35.7345286,51.4873718
دکتر پریسا عبدلی,doctors,doctor,doctors,True,False,35.7412915,51.472301
مرکز جراحی فک وصورت ایران,clinic,,clinic,True,False,35.7586446,51.4103584
مطب دکتر مجید حاتمی,doctors,doctor,doctors,True,False,35.7675956,51.411357
آزمایشگاه پاتوبیولوژی شمس,,laboratory,laboratory,True,False,35.7488785,51.4716835
درمانگاه خیریه ولی الله,clinic,clinic,clinic,True,False,35.6739691,51.4435639
یاریگر,clinic,clinic,clinic,True,False,35.74609,51.4056011
مطب محمدرضا سعادت,doctors,doctor,doctors,True,False,35.7023832,51.3135231
کلینیک چشم پزشکی سینوهه,clinic,clinic,clinic,True,False,35.7747821,51.3771325
unnamed,clinic,clinic,clinic,True,False,35.7432773,51.5310422
unnamed,clinic,clinic,clinic,True,False,35.7950376,51.4823437
آزمایشگاه نیلو,,laboratory,laboratory,True,False,35.7405977,51.4103486
کلینیک سلامت,clinic,clinic,clinic,True,False,35.7814577,51.4674309
فرهاد علی همتی,doctors,doctor,doctors,True,False,35.772903,51.4346088
مطب خانم دکتر رزیتا داوری,doctors,,doctors,True,False,35.7216972,51.389098
درمانگاه خیریه امامزاده حسن,clinic,clinic,clinic,True,False,35.6655666,51.3598173
unnamed,doctors,doctor,doctors,True,False,35.8098017,51.4128784
تصویربرداری پزشکی کشور,doctors,doctor,doctors,True,False,35.7015576,51.3776909
درمانگاه خیریه محمدولی فرمانفرمائیان,clinic,clinic,clinic,True,False,35.6446272,51.3070955
درمانگاه خیریه المهدی,clinic,,clinic,True,False,35.7500585,51.451529
مرکز دیابت و بیماریهای متابولیک,clinic,clinic,clinic,True,False,35.7195306,51.3877882
مطب دکتر اصغری,doctors,doctor,doctors,True,False,35.7817361,51.3731683
آزمایشگاه پاتولوژی و ژنتیک کریمی نژاد - نجم آبادی,,laboratory,laboratory,True,False,35.7545488,51.3666761
آزمایشگاه پزشکی ثمره,,laboratory,laboratory,True,False,35.7681173,51.4602444
دکتر محمود ارشد فوق تخصص غدد,doctors,doctor,doctors,True,False,35.7230132,51.3720936
مجتمع پزشکان قائم,clinic,clinic,clinic,True,False,35.6350592,51.4917414
درمانگاه تخصصی مسعودیه,clinic,clinic,clinic,True,False,35.63533,51.4965719
مجتمع خدمات پزشکی,clinic,clinic,clinic,True,False,35.7277734,51.3021797
درمانگاه رازی,clinic,clinic,clinic,True,False,35.6337727,51.4969899
درمانگاه شهرداری منطقه یک,clinic,clinic,clinic,True,False,35.8124656,51.4558123
رادیولوژی تخصصی دهان و فک دکتر ساندرا مهر علی زاده,doctors,doctor,doctors,True,False,35.7409807,51.4636145
لاله,clinic,clinic,clinic,True,False,35.7292646,51.3611484
درمانگاه ستاره,clinic,clinic,clinic,True,False,35.771175,51.3793367
شهید کلانتری,clinic,clinic,clinic,True,False,35.7160025,51.4178664
مرکز جراحی شفا,clinic,clinic,clinic,True,False,35.7222786,51.331675
درمانگاه سحر,clinic,clinic,clinic,True,False,35.7445133,51.3040702
درمانگاه خیریه مکتب الزهرا,clinic,clinic,clinic,True,False,35.6784739,51.4626765
درمانگاه شبانه روزی آودیسیان,clinic,,clinic,True,False,35.7189726,51.4823201
درمانگاه خیریه انصار,clinic,clinic,clinic,True,False,35.6740316,51.4398307
مطب دکتر شهریار یحیوی,doctors,doctor,doctors,True,False,35.7562941,51.3946437
درمانگاه شهرک دانشگاه,clinic,clinic,clinic,True,False,35.7158924,51.2071239
unnamed,doctors,doctor,doctors,True,False,35.7236403,51.423459
دکتر امینی,doctors,doctor,doctors,True,False,35.7589751,51.3961741
مطب دکتر محمد میر,doctors,doctor,doctors,True,False,35.7249921,51.382961
دکتر جهانبین,doctors,doctor,doctors,True,False,35.6681234,51.4530846
مجتمع پرشکی حضرت زهرا(ع),clinic,clinic,clinic,True,False,35.7598027,51.2810414
درمانگاه شبانه‌روزی پارت,clinic,clinic,clinic,True,False,35.7206171,51.3532662
مطب دکتر رضوانی,doctors,doctor,doctors,True,False,35.7413788,51.4100457
درمانگاه امام حسن مجتبی,clinic,clinic,clinic,True,False,35.7132164,51.4585872
درمانگاه آموزش و پرورش منطقه ۸ تهران,clinic,clinic,clinic,True,False,35.7124396,51.4692934
کلینیک تخصصی دندانپزشکی دکتر رامیار,clinic,clinic,clinic,True,False,35.7237962,51.3086091
کلینیک ترک اعتیاد فانوس,clinic,drug_rehabilitation,clinic,True,False,35.7831609,51.3559053
دکترفریده صمدی,doctors,doctor,doctors,True,False,35.7341851,51.4137519
درمانگاه فرهنگیان زینب بختیاری,clinic,clinic,clinic,True,False,35.6511228,51.4868987
درمانگاه شبانه روزی فرجام,clinic,clinic,clinic,True,False,35.7397622,51.4948536
دکتر کیوان خسروی فرد,doctors,doctor,doctors,True,False,35.7355913,51.4880233
درمانگاه شفا,clinic,clinic,clinic,True,False,35.7339323,51.5165364
درمانگاه شبانه روزی اتکا,clinic,clinic,clinic,True,False,35.6250867,51.411495
unnamed,doctors,doctor,doctors,True,False,35.7352843,51.4153207
دکتر علی بهتری متخصص مغز,doctors,doctor,doctors,True,False,35.7408926,51.4104665
رادیولوژی و سونوگرافی نوین پرتو,doctors,doctor,doctors,True,False,35.7957502,51.4478107
سلامت مادران,clinic,clinic,clinic,True,False,35.7806149,51.4620316
مطب حکیم دکتر حسین روازاده,doctors,doctor,doctors,True,False,35.696531,51.3870168
دکتر مصطفی شریفیان,doctors,doctor,doctors,True,False,35.7626177,51.4441129
مطب دکتر مجید صادقی,doctors,doctor,doctors,True,False,35.7817611,51.3732047
مطب دکتر سخاوت‌فر,doctors,doctor,doctors,True,False,35.7817424,51.3732105
مرکز بهداشت صبارو,clinic,clinic,clinic,True,False,35.7685647,51.390941
کلینیک پزشکی و دندانپزشکی غدیر,clinic,clinic,clinic,True,False,35.7960261,51.5216656
کلینیک,clinic,clinic,clinic,True,False,35.665753,51.4477242
مطب دکتر فتحعلی,doctors,doctor,doctors,True,False,35.6681253,51.4499783
مطب دکتر فاطمه اصفهانی,doctors,doctor,doctors,True,False,35.7769375,51.4655714
درمانگاه تخصصی داخلی (خیریه) کاشانی پور,clinic,clinic,clinic,True,False,35.716251,51.4589166
مرکز بهداشت المپیک,clinic,clinic,clinic,True,False,35.7599724,51.2652901
درمانگاه به بخش,clinic,clinic,clinic,True,False,35.7364571,51.5559589
رادیولوژی و سونوگرافی خورشید,doctors,doctor,doctors,True,False,35.7439335,51.5340766
مرکز تصویربرداری پزشکی سینا اطهر,doctors,doctor,doctors,True,False,35.8024319,51.4343093
هفت دریا,clinic,clinic,clinic,True,False,35.7574875,51.4130303
میکرودرم دکتر آزادی فر,doctors,doctor,doctors,True,False,35.6399209,51.487396
آزمایشگاه ثمین,,laboratory,laboratory,True,False,35.7960071,51.4482283
unnamed,doctors,doctor,doctors,True,False,35.7761603,51.4653463
unnamed,,blood_donation,blood_donation,False,True,35.7579342,51.5391741
مرکز تصویربرداری کوثر,clinic,yes,clinic,True,False,35.772387,51.4615341
مجتمع دارویی درمانی هلال ایران,clinic,clinic,clinic,True,False,35.7334259,51.5438503
دکتر طاهره رشیدی,doctors,doctor,doctors,True,False,35.6543346,51.3870533
درمانگاه شبانه روزی پاستور,clinic,clinic,clinic,True,False,35.7090573,51.473605
دکتر سعادتمند,doctors,doctor,doctors,True,False,35.6445514,51.4051108
درمانگاه کوثر,clinic,clinic,clinic,True,False,35.8004565,51.5078239
unnamed,clinic,clinic,clinic,True,False,35.6684099,51.4445991
امین کلینیک,clinic,clinic,clinic,True,False,35.7408344,51.4106089
مطب دکتر پادمهر,doctors,doctor,doctors,True,False,35.7580802,51.4479836
کلینیک شبانه روزی شهرزاد,clinic,,clinic,True,False,35.7365513,51.2939851
لابراتوار تخصصی ارتودنسی حبیبی,,laboratory,laboratory,True,False,35.7203501,51.4394329
کلینیک درمان دردهای عضلانی و مفصلی,clinic,doctor,clinic,True,False,35.7358653,51.3341346
ساختمان پزشکان,clinic,clinic,clinic,True,False,35.6818616,51.4496643
مرکز بهداشت عظیم آباد,clinic,clinic,clinic,True,False,35.6111655,51.4120378
درمانگاه مسجد جامع نارمک,clinic,clinic,clinic,True,False,35.7251424,51.4856502
آزمایشگاه پاتوبیولوژی ۱۷ شهریور,,laboratory,laboratory,True,False,35.6803045,51.4473495
درمانگاه پانزده شعبان,clinic,clinic,clinic,True,False,35.6551221,51.4446172
مرکز بهداشت هفده شهریور,clinic,clinic,clinic,True,False,35.675451,51.4458422
درمانگاه شبانه روزی طب الحسن,clinic,clinic,clinic,True,False,35.6390552,51.4987087
داروخانه,pharmacy,hospital,pharmacy,False,False,35.6388783,51.4987536
کلینیک دامپزشکی رایان,clinic,clinic,clinic,True,False,35.7172004,51.4339799
درمانگاه درمانی مرحوم عبدالوهاب تهرانی,clinic,clinic,clinic,True,False,35.748425,51.5077639
درمانگاه فجر صنعت نفت,clinic,clinic,clinic,True,False,35.717382,51.5027923
مطب دکتر درخشان,doctors,doctor,doctors,True,False,35.7565147,51.4105262
رادیولوژی و سونوگرافی راد,doctors,doctor,doctors,True,False,35.707711,51.3862222
دکتر مسعود شیروانی,doctors,doctor,doctors,True,False,35.7668885,51.3648045
مطب دکتر مجید شهدی,doctors,doctor,doctors,True,False,35.7647673,51.4189563
چشم‌ پزشکی هلال احمر,clinic,clinic,clinic,True,False,35.7347296,51.5456346
کلینیک زیبایی ویولت,clinic,clinic,clinic,True,False,35.7340632,51.3751923
درمانگاه زعفرانیه,clinic,clinic,clinic,True,False,35.809852,51.4088771
کلینیک شبانه روزی یاس ناز,clinic,clinic,clinic,True,False,35.7969511,51.41741
کلینیک ارتوپدی ماهان,clinic,clinic,clinic,True,False,35.7232856,51.4237348
آزمایشگاه تخت طاووس,,laboratory,laboratory,True,False,35.7241381,51.430115
ساختمان پزشکان مهرآفرین,clinic,clinic,clinic,True,False,35.766865,51.4406502
ساختمان پزشکان کیان مهر,clinic,clinic,clinic,True,False,35.7671141,51.441426
گروه پزشکی آریان,clinic,clinic,clinic,True,False,35.7667566,51.3644928
درمانگاه خیریه تخصصی و فوق تخصصی اباعبدالله الحسین علیه السلام,clinic,clinic,clinic,True,False,35.7349127,51.531675
درمانگاه شهدای علی آباد,clinic,clinic,clinic,True,False,35.6245442,51.4231461
حسین الماسیان,doctors,doctor,doctors,True,False,35.7430526,51.4442808
درمانگاه شهدای دخانیات,clinic,clinic,clinic,True,False,35.6733252,51.3870344
طب کار آسا,clinic,clinic,clinic,True,False,35.7155542,51.4074123
مرکز مشاوره ، نوروفیدبک و روان شناسی کرانه خرد,clinic,clinic,clinic,True,False,35.7276929,51.4190408
آزمایشگاه پاتوبیولوژی کیکاووس,,laboratory,laboratory,True,False,35.7792128,51.4446891
مرکز لیزر و زیبایی الیزه,,clinic,clinic,True,False,35.7299853,51.4951879
کلینیک دندانپزشکی درسان,dentist,clinic,dentist,False,False,35.7619149,51.3250871
آزمایشگاه پاتوبیولوژی نور,,laboratory,laboratory,True,False,35.7080574,51.3884066
مرکز تصویر برداری پزشکی نگارازما,,laboratory,laboratory,True,False,35.6895295,51.44804
آزمایشگاه شبانه روزی نارمک,,laboratory,laboratory,True,False,35.7210779,51.4883475
درمانگاه شبانه روزی ایران زمین,clinic,clinic,clinic,True,False,35.7057587,51.3901098
مرکز تصویربرداری پزشکی پارسیان,clinic,diagnostic radiology,clinic,True,False,35.7055667,51.3866146
unnamed,clinic,clinic,clinic,True,False,35.7598036,51.4101106
مرکز جراحی محدود ارم,clinic,clinic,clinic,True,False,35.7541953,51.2603624
درمانگاه پایتخت,clinic,clinic,clinic,True,False,35.7901168,51.4352388
ساختمان پزشکان فتح,clinic,clinic,clinic,True,False,35.7599977,51.3301176
آزمایشگاه دامپزشکی لابرا,,laboratory,laboratory,True,False,35.7095659,51.3724566
مطب طب سنتی,doctors,,doctors,True,False,35.7388203,51.3252228
مطب دکتر آقاجانی,doctors,doctor,doctors,True,False,35.77808,51.33556
آزمایشگاه پارسه,,laboratory,laboratory,True,False,35.7198237,51.3358424
دکتر ستایش مهر,doctors,doctor,doctors,True,False,35.7631806,51.4438895
بیمارستان تخصصی چشم پزشکی بینا,hospital,hospital,hospital,True,True,35.7380742,51.4779358
مرکز زوج درمانی دکتر قاسمی,doctors,doctor,doctors,True,False,35.7680578,51.4419855
دکتر کریمیان,doctors,doctor,doctors,True,False,35.7585751,51.4115553
مجتمع پزشکان تهرانپارس,clinic,clinic,clinic,True,False,35.743181,51.5317656
فیزیوتراپی و مرکز سلامت رامتن,clinic,clinic,clinic,True,False,35.7544532,51.3824505
درمانگاه جواد ائمه,clinic,clinic,clinic,True,False,35.6458797,51.4904015
مرکز تصویربرداری دیجیتال فرجام,clinic,clinic,clinic,True,False,35.7357823,51.5231092
درمانگاه تجریش,clinic,clinic,clinic,True,False,35.806004,51.4258076
آزمایشگاه ژنتیک و پاتوبیولوژی نورا,,laboratory,laboratory,True,False,35.7999769,51.4505039
آزمایشگاه فردا,,laboratory,laboratory,True,False,35.7988016,51.473791
ساختمان پزشکان,clinic,clinic,clinic,True,False,35.7969348,51.4341329
مجتمع پزشکی اسدی,clinic,clinic,clinic,True,False,35.8000556,51.4338156
ساختمان پزشکان دی,clinic,clinic,clinic,True,False,35.7475191,51.4120008
درمانگاه شبانه روزی مینا,clinic,clinic,clinic,True,False,35.7004267,51.4479685
مرکز درمانی ۱۱۰,clinic,clinic,clinic,True,False,35.7537034,51.4513239
درمانگاه دكتر حبيب جريری,clinic,clinic,clinic,True,False,35.7529824,51.4485696
ساختمان پزشکی شریعتی,clinic,clinic,clinic,True,False,35.7489972,51.4493603
حدود دکتر محمد مهدی امام,doctors,,doctors,True,False,35.7237492,51.4071256
آزمایشگاه امید بهشت,,laboratory,laboratory,True,False,35.7269649,51.5246431
دکتر علیرضا فهیم زاد,doctors,doctor,doctors,True,False,35.7587147,51.4468238
فلسفی,doctors,doctor,doctors,True,False,35.733209,51.4841819
آزمایشگاه تخصصی پروین,,laboratory,laboratory,True,False,35.7420116,51.5413499
دكتر فرناز محامدي متخصص كودكان و نوزادان (اطفال),doctors,doctor,doctors,True,False,35.7755707,51.3662705
مرکز مشاوره بینش نوین,clinic,psychotherapist,clinic,True,False,35.7652777,51.4412608
آزمایشگاه هیوا,,laboratory,laboratory,True,False,35.7646914,51.4408683
دکتر اسفندیار کریمی,doctors,doctor,doctors,True,False,35.7438202,51.5338707
درمانگاه شبانه روزی سلیم,clinic,clinic,clinic,True,False,35.6253652,51.4196073
مطب حکیم مومن تبریزی,doctors,doctor,doctors,True,False,35.7098008,51.4317754
آزمایشگاه پاتوبیولوژی رشد,,laboratory,laboratory,True,False,35.7286473,51.502671
کلینیک طب سوزنی دکتر سمیه غیاثی,clinic,clinic,clinic,True,False,35.7704308,51.3561496
کلینیک دامپزشکی کسری,clinic,clinic,clinic,True,False,35.8200969,51.4806086
بیمارستان روانپزشکی رضایی,hospital,hospital,hospital,True,True,35.8155589,51.4674889
مجتمع پزشکان شهر آرا,clinic,clinic,clinic,True,False,35.7222961,51.372193
مطب دندانپزشکی دکتر محمد علی اوصیاء,dentist,doctor,dentist,False,False,35.7609308,51.4424924
کلینیک فروردین,clinic,,clinic,True,False,35.7973554,51.4468361
دکتر کورش صمدپور,doctors,doctor,doctors,True,False,35.7382272,51.3266522
آزمایشکاه دکتر ایزددوست,laboratory,laboratory,laboratory,True,False,35.7583299,51.4104068
آزمایشگاه پاتوبیولوژی ایران,,laboratory,laboratory,True,False,35.6867928,51.3764234
کلینیک سامیا,clinic,clinic,clinic,True,False,35.7672078,51.4576403
دكتر پرورش,doctors,doctor,doctors,True,False,35.7565622,51.3986713
پزشکی هسته ای,clinic,clinic,clinic,True,False,35.7610179,51.3705493
مجتمع تخصصی دارالشفا,clinic,clinic,clinic,True,False,35.7964536,51.4573723
دکتر علیرضا عارف زاده، فوق تخصص غدد,doctors,doctor,doctors,True,False,35.7639199,51.4447113
دکتر علی اکبر سیاری,doctors,doctor,doctors,True,False,35.7653245,51.4433321
دکتر رامین عالی نژاد,doctors,doctor,doctors,True,False,35.8094207,51.4430693
مطب دکتر ثریا شادمان فر,doctors,doctor,doctors,True,False,35.742405,51.4495271
ساختمان پزشکان منظرنژاد,clinic,clinic,clinic,True,False,35.7617448,51.4457903
کلینیک سلامت روان ره‌پویان,clinic,clinic,clinic,True,False,35.7619502,51.4456354
کلینیک فوق تخصصی محب مهر,clinic,clinic,clinic,True,False,35.7615128,51.410373
درمانگاه کوثر,clinic,clinic,clinic,True,False,35.6742351,51.5132375
درمانگاه شبانه روزی منان,clinic,clinic,clinic,True,False,35.7892811,51.3459213
دکتر محمود آستانه,doctors,doctor,doctors,True,False,35.7290118,51.4129121
دکتر علایی,doctors,doctor,doctors,True,False,35.7615246,51.4442231
مطب دکتر خدیجه ابراهیم نژاد،جراح زنان و زایمان,doctors,doctor,doctors,True,False,35.7437518,51.4049508
آزمایشگاه و پاتوبیولوژی فروغ,,laboratory,laboratory,True,False,35.7477904,51.5365726
کلینیک آنو,clinic,clinic,clinic,True,False,35.759865,51.4102193
کلینیک گلبرگ,clinic,clinic,clinic,True,False,35.7297498,51.492039
مرکز تخصصی نورفیبدک و بیوفیدبک در تهران,clinic,clinic,clinic,True,False,35.7790172,51.361209
درمانگاه شبانه روزی فرشته,clinic,clinic,clinic,True,False,35.7923764,51.4174107
مرکز تصویربرداری و پرتو درمانی پردیس نور نیلو,clinic,yes,clinic,True,False,35.7620249,51.4595939
مرکز ولگا,clinic,clinic,clinic,True,False,35.7672226,51.4617019
مرکز بهداشتی درمانی دگمه چی,clinic,hospital,clinic,True,False,35.7341433,51.474404
درمانگاه نادر,clinic,hospital,clinic,True,False,35.7303205,51.5408652
مرکز خدمات جامع سلامت طالقانی(شبانه روزی),clinic,hospital,clinic,True,False,35.8057159,51.4393269
مرکز بهداشت نیک نژاد,clinic,clinic,clinic,True,False,35.5900167,51.445203
مرکز بهداشتی درمانی میثم,clinic,hospital,clinic,True,False,35.6653298,51.3676249
مرکز بهداشتی شهید واحدی,clinic,hospital,clinic,True,False,35.6274124,51.399066
آزمایشگاه ویروس شناسی کیوان,,laboratory,laboratory,True,False,35.7271983,51.414396
مرکز بهداشتی درمانی تقوی,clinic,clinic,clinic,True,False,35.6891795,51.4383018
مطب دکتر مهتاب مرجانی، متخصص زنان و زایمان,doctors,doctor,doctors,True,False,35.7438094,51.4048279
دکتر صفیه چعباوی زاده,doctors,doctor,doctors,True,False,35.7531649,51.4106417
خانه سلامت کن,clinic,clinic,clinic,True,False,35.7645451,51.2813887
آزمایشگاه سلاله,,laboratory,laboratory,True,False,35.7076604,51.3978645
ساختمان پزشکان میلاد,clinic,clinic,clinic,True,False,35.7680075,51.4602598
کلینیک دکتر محرابی,doctors,doctor,doctors,True,False,35.6517857,51.3619372
ساختمان پزشکان سبز دو,clinic,clinic,clinic,True,False,35.7752831,51.4362188
کلینیک دکتر صادقی,clinic,clinic,clinic,True,False,35.7993344,51.4164847
unnamed,clinic,,clinic,True,False,35.7047143,51.3160787
مرکز جراحی محدود خیریه حضرت زینب,clinic,clinic,clinic,True,False,35.682746,51.4378667
آزمایشگاه ماد,,laboratory,laboratory,True,False,35.7806571,51.4620272
کلینیک شهرداری,clinic,clinic,clinic,True,False,35.6827854,51.3984391
کلینیک آسمان,clinic,clinic,clinic,True,False,35.8100402,51.4305489
ساختمان پزشکان ظفر,clinic,clinic,clinic,True,False,35.7656513,51.4425887
آزمایشگاه فارابی,,laboratory,laboratory,True,False,35.8047775,51.4367103
unnamed,,clinic,clinic,True,False,35.7330678,51.3987121
درمانگاه تخصصی تشخیص و درمان ناباروری نیکان,clinic,clinic,clinic,True,False,35.8000274,51.4903378
کلینیک خانه سفید,clinic,clinic,clinic,True,False,35.7685729,51.4144624
مجتمع پزشکان سجاد,clinic,clinic,clinic,True,False,35.7661156,51.3402676
مطب حکیم حسین خیراندیش,doctors,doctor,doctors,True,False,35.7661154,51.3402729
رادیولوژی فک و صورت اندرزگو,doctors,doctor,doctors,True,False,35.8000068,51.4505964
کلینیک دندانپزشکی اقاقیا,clinic,clinic,clinic,True,False,35.7471492,51.3255792
پازل کلینیک,clinic,dentist,clinic,True,False,35.791249,51.4185184
کلینیک فیزیوتراپی رامتن,clinic,clinic,clinic,True,False,35.7232878,51.4238688
کلینیک اسمایل اسپا,clinic,dentist,clinic,True,False,35.8072228,51.4085673
درمانگاه شبانه روزی مهر تهرانپارس,clinic,clinic,clinic,True,False,35.7496418,51.5417932
درمانگاه شهرداری منطقه چهار,clinic,clinic,clinic,True,False,35.7426447,51.5570039
آزمایشگاه پاتوبیولوژی دکتر خسروشاهی,,laboratory,laboratory,True,False,35.7990647,51.4143652
بخش کرونا,hospital,hospital,hospital,True,True,35.8154618,51.4961203
کلینیک سیماگل,clinic,clinic,clinic,True,False,35.798522,51.4196661
کلینیک زیبایی دکتر زرگران,clinic,clinic,clinic,True,False,35.8012869,51.4603921
درمانگاه آهنگ,clinic,clinic,clinic,True,False,35.6577613,51.4761268
درمانگاه آراز,clinic,clinic,clinic,True,False,35.7329537,51.4989179
درمانگاه صدر,clinic,clinic,clinic,True,False,35.7330123,51.5007479
درمانگاه آزادگان,clinic,clinic,clinic,True,False,35.6259613,51.43574
unnamed,doctors,,doctors,True,False,35.7840985,51.4617982
دکتر عبدالصمد مدرسی,doctors,doctor,doctors,True,False,35.6310515,51.3686609
کلینیک دندانپزشکی مطهر,hospital,hospital,hospital,True,True,35.6310205,51.3686736
درمانگاه شبانه روزی مطهر,hospital,hospital,hospital,True,True,35.6310016,51.3686865
مجتمع پزشکان مهر,clinic,clinic,clinic,True,False,35.6397959,51.3659479
خانه بهداشت مینی سیتی,clinic,clinic,clinic,True,False,35.7993955,51.5055316
لیا کلینیک,clinic,clinic,clinic,True,False,35.7971215,51.4460706
دکتر لیلا محمدی متخصص زنان و زایمان,doctors,doctor,doctors,True,False,35.7915122,51.476528
دکتر هاشم شمشادی,doctors,doctor,doctors,True,False,35.7413278,51.4094393
مرکز بهداشت و درمان دانشگاه تهران,clinic,clinic,clinic,True,False,35.7335834,51.3864601
کلینیک شمیرانات,clinic,clinic,clinic,True,False,35.8017039,51.4336797
کلینیک شمیران نو,clinic,clinic,clinic,True,False,35.7967268,51.4341805
کلینیک قلب و عروق کوروش,clinic,clinic,clinic,True,False,35.8005295,51.4334327
کلینیک ارتوپدی فنی پارسیان طب,clinic,clinic,clinic,True,False,35.7973176,51.4331067
کلینیک زخم دستهای مهربان,clinic,clinic,clinic,True,False,35.7886623,51.4319212
کلینیک قیطریه,clinic,clinic,clinic,True,False,35.7958126,51.4397241
دارالشفاء قائم,clinic,clinic,clinic,True,False,35.8016417,51.4404436
گروه درمان چاقی باراکا,,clinic,clinic,True,False,35.77329,51.4429885
طب کار پازند,clinic,clinic,clinic,True,False,35.6970665,51.2540968
ساختمان پزشکان سپهر,doctors,doctor,doctors,True,False,35.7632289,51.4435778
بیمارستان روانپزشکی دلارام سینا,hospital,hospital,hospital,True,True,35.6363573,51.4344209
کلینیک تخصصی اطفال,clinic,clinic,clinic,True,False,35.7286378,51.4840881
دکتر سمیه فرهادی ، متخصص اطفال,doctors,doctor,doctors,True,False,35.728563,51.4840771
مطب دکتر زهرا قلی زاده,doctors,doctor,doctors,True,False,35.685765,51.3767789
مطب دکتر سامان محمدی پور,doctors,doctor,doctors,True,False,35.7800297,51.4598466
مرکز پزشکان بازرگان,clinic,,clinic,True,False,35.652062,51.3405365
دکتر غزل فرهادی,doctors,doctor,doctors,True,False,35.7286244,51.4839324
دکتر سعید قرایی اردکانی,doctors,doctor,doctors,True,False,35.6771629,51.3680439
مرکز زیبایی دکتر اسکندری,clinic,clinic,clinic,True,False,35.7407277,51.4445914
unnamed,clinic,clinic,clinic,True,False,35.7299657,51.4958118
unnamed,,laboratory,laboratory,True,False,35.7299356,51.4956495
مطب دکتر آزیتا دادگر,doctors,doctor,doctors,True,False,35.6919478,51.376204
کلینیک درد بهار,clinic,clinic,clinic,True,False,35.7356279,51.3354876
ساختمان پزشکان صدرا,clinic,clinic,clinic,True,False,35.7571642,51.4069285
درمانگاه درکه,clinic,clinic,clinic,True,False,35.8086493,51.3819038
ساختمان پزشکان,clinic,clinic,clinic,True,False,35.7260091,51.4647447
دکتر آذر اصلانی مقدم,doctors,doctor,doctors,True,False,35.7412094,51.4095206
درمانگاه شبانه روزی حکیمان,clinic,clinic,clinic,True,False,35.7690849,51.4763686
دارالشفاء کوثر,clinic,clinic,clinic,True,False,35.5857303,51.4368644
دکتر مهسا ساداتی,doctors,psychotherapist,doctors,True,False,35.730672,51.3786787
مطب دکتر القاسی,doctors,doctor,doctors,True,False,35.7566395,51.3958122
کلینیک دندانپزشکی صدف,clinic,clinic,clinic,True,False,35.7192342,51.3892498
آزمایشگاه کیوان,,laboratory,laboratory,True,False,35.7446715,51.4256562
کلینیک ایرانیان,clinic,clinic,clinic,True,False,35.7796864,51.4597092
کلینیک آرتمن,clinic,clinic,clinic,True,False,35.7805087,51.4652718
مرکز بهداشت شرق,clinic,clinic,clinic,True,False,35.7125101,51.4935499
درمانگاه شبانه روزی اکباتان,clinic,clinic,clinic,True,False,35.7097892,51.3128559
انجمن آلزایمر ایران,clinic,clinic,clinic,True,False,35.71376,51.309016
کلینیک تخصصی داخلی حافظه,clinic,clinic,clinic,True,False,35.7138089,51.309159
مرکز جراحی شبانه روزی محدود سلامت غرب چشم,clinic,clinic,clinic,True,False,35.703755,51.3175473
آزمایشگاه پارسیان,,laboratory,laboratory,True,False,35.7313047,51.4875165
مطب دکتر احمد عامری جراح و فوق تخصص چشم,doctors,doctor,doctors,True,False,35.7287164,51.4155876
دکتر نسترن گودرزی متخصص بیماریهای دهان، فک و صورت,doctors,doctor,doctors,True,False,35.76399,51.445051
درمانگاه شفا مهر صدرا,clinic,,clinic,True,False,35.7241501,51.4080173
مرکز بهداشت ۱۲ بهمن,clinic,,clinic,True,False,35.6472919,51.4714922
مرکز بهداشت امام رضا,clinic,clinic,clinic,True,False,35.6300901,51.3511021
مرکز بهداشت قائم,clinic,clinic,clinic,True,False,35.8059414,51.5258507
unnamed,,clinic,clinic,True,False,35.6378672,51.4440823
مرکز بهداشت تقی نیا,clinic,clinic,clinic,True,False,35.6738053,51.3506126
مرکز خدمات جامع سلامت امامزاده قاسم,clinic,,clinic,True,False,35.815953,51.4357331
مرکز بهداشت افسریه,clinic,clinic,clinic,True,False,35.6596684,51.5002853
مرکز بهداشت ارشاد,clinic,,clinic,True,False,35.7571022,51.4473063
مرکز بهداشت بعثت,clinic,clinic,clinic,True,False,35.6446747,51.4953312
مرکز بهداشت زارع زاده,clinic,,clinic,True,False,35.6764449,51.4508441
مرکز بهداشت سمرقندی,clinic,,clinic,True,False,35.7487544,51.5245633
مرکز بهداشت سردار جنگل,clinic,clinic,clinic,True,False,35.7646155,51.3257311
مرکز بهداشت شهید آیت,clinic,clinic,clinic,True,False,35.6393505,51.3698631
مرکز بهداشت صفا,clinic,clinic,clinic,True,False,35.6971596,51.4550914
مرکز بهداشت مسعودیه,clinic,,clinic,True,False,35.6282887,51.4911155
مرکز بهداشت محمدیان,clinic,clinic,clinic,True,False,35.7016085,51.4966455
مرکز بهداشت وحدت اسلامی,clinic,clinic,clinic,True,False,35.6648103,51.4062497
مرکز بهداشت همایون,clinic,,clinic,True,False,35.7302567,51.468206
پایگاه بهداشت جلالی,clinic,clinic,clinic,True,False,35.6831815,51.4497904
خانه بهداشت شهرک آزادی,clinic,,clinic,True,False,35.7107576,51.274092
درمانگاه شهدای شهر ری,clinic,clinic,clinic,True,False,35.6055038,51.4469045
مرکز بهداشت هنگام,clinic,,clinic,True,False,35.7494016,51.5106442
مرکز بهداشت امام حسن مجتبی,clinic,,clinic,True,False,35.7432546,51.5556084
کلینیک الزهرا,clinic,,clinic,True,False,35.7655757,51.3908599
مرکز بهداشت آفرینش,clinic,,clinic,True,False,35.6370684,51.4664476
مرکز بهداشت شهید صفدری,clinic,clinic,clinic,True,False,35.6765176,51.4791748
مرکز بهداشت شمال‌غرب,clinic,clinic,clinic,True,False,35.7282959,51.4153813
مرکز بهداشت ولیعصر,clinic,clinic,clinic,True,False,35.648404,51.3407879
مرکز بهداشت شهر زیبا,clinic,clinic,clinic,True,False,35.7490426,51.2873198
مرکز بهداشت جوادیه شهید شاطری,clinic,,clinic,True,False,35.6571216,51.387062
مرکز بهداشت خواجه نوری,clinic,clinic,clinic,True,False,35.6964644,51.4389217
مرکز بهداشت سازمان برنامه,clinic,clinic,clinic,True,False,35.7464269,51.3003536
مرکز بهداشت دانشگاه علامه طباطبائی,clinic,clinic,clinic,True,False,35.7580381,51.2645713
مرکز سلامت ظهیرآباد,clinic,clinic,clinic,True,False,35.5909773,51.4483575
مرکز بهداشت کادوس,clinic,clinic,clinic,True,False,35.736346,51.5351521
مرکز سلامت مبارکی,clinic,clinic,clinic,True,False,35.7747455,51.4925987
مرکز بهداشت پورهدایت,clinic,clinic,clinic,True,False,35.6802153,51.4639628
مرکز سلامت جامعه مبارکی,clinic,clinic,clinic,True,False,35.6088542,51.426017
مرکز بهداشت ناصری نیا,clinic,clinic,clinic,True,False,35.7387088,51.3774646
مرکز خانه سلامت شقایق,clinic,,clinic,True,False,35.7576577,51.3022288
مرکز سلامت شهرک چشمه,clinic,clinic,clinic,True,False,35.7557081,51.2581918
آزمایشگاه مواد غذایی مرجعان خاتم,,laboratory,laboratory,True,False,35.6235265,51.3823964
مرکز بهداشت چیذر,clinic,,clinic,True,False,35.7978293,51.4562501
مرکز جامع سلامت سعادت‌آباد,clinic,clinic,clinic,True,False,35.7917388,51.3833946
مرکز بهداشت خواجه نظام الملک,clinic,clinic,clinic,True,False,35.7236207,51.4531217
مرکز بهداشت سمنگان,clinic,clinic,clinic,True,False,35.7290102,51.487408
مرکز جامع سلامت مسجدالسادات,clinic,,clinic,True,False,35.7243657,51.4079958
مرکز بهداشت ۱۷ شهریور,clinic,clinic,clinic,True,False,35.6931253,51.4520082
مرکز بهداشت حاج یحیی آقا سید عبدالله,clinic,clinic,clinic,True,False,35.6540904,51.4937715
مرکز بهداشت صاحب الزمان,clinic,clinic,clinic,True,False,35.65422,51.3216562
مركز خدمات جامع بهداشت فرحزاد,clinic,,clinic,True,False,35.7942854,51.3427725
مرکز بهداشت شیبانی,clinic,,clinic,True,False,35.7802363,51.4579198
unnamed,clinic,clinic,clinic,True,False,35.663773,51.4350647
مرکز خدمات جامع جامع سلامت شهری غیاثی,clinic,clinic,clinic,True,False,35.6692185,51.464164
مرکز سلامت شیخ احمد کافی,clinic,,clinic,True,False,35.6383991,51.4178932
مرکز بهداشت شهید یغماییان,clinic,clinic,clinic,True,False,35.6184574,51.4537798
مرکز بهداشت شهید جمالی,clinic,clinic,clinic,True,False,35.597802,51.4397532
مرکز بهداشت وردآورد,clinic,clinic,clinic,True,False,35.7390202,51.1370768
نقاهتگاه ۱۷ شهریور,clinic,clinic,clinic,True,False,35.7121446,51.4841692
کلینیک شبانه روزی خانی آباد,clinic,clinic,clinic,True,False,35.6283713,51.3909381
کلینیک سپینود,clinic,clinic,clinic,True,False,35.8061666,51.4624286
دکتر لیلا ملکی / جراح بینی,doctors,doctor,doctors,True,False,35.7973926,51.4080866
دکتر سعید رضا یوسف,doctors,doctor,doctors,True,False,35.7862089,51.4266892
کلینیک دامپزشکی آریانا,,clinic,clinic,True,False,35.7540861,51.3262618
مطب دندانپزشکی نیک,clinic,clinic,clinic,True,False,35.7358756,51.3344331
دکتر افشین طاهری اعظم,doctors,doctor,doctors,True,False,35.7806345,51.3685178
رنگ و ابزار شهریاری,clinic,,clinic,True,False,35.7187299,51.3740239
درمانگاه شبانه روزی قائم آل احمد عج,clinic,clinic,clinic,True,False,35.6766834,51.4905538
نگین آزادی,clinic,clinic,clinic,True,False,35.7009035,51.3810186
دکتر زارعی شریف,doctors,doctor,doctors,True,False,35.6647371,51.2646316
دکتر محمدعلی اخوت پور,doctors,doctor,doctors,True,False,35.7562248,51.3941513
کلینیک لیزر دالیا شعبه ۲,clinic,clinic,clinic,True,False,35.6795099,51.4486085
کلینیک لیزر وزیبایی دالیا,clinic,clinic,clinic,True,False,35.6904737,51.4631471
کلینیک شبانه‌روزی نادری,clinic,clinic,clinic,True,False,35.7787011,51.3352749
درمانگاه شبانه‌روزی فولاد,clinic,,clinic,True,False,35.702399,51.4048944
راهپویان شفا,clinic,clinic,clinic,True,False,35.7709113,51.3060098
کلینیک اعصاب و روان و مشاوره آلما,clinic,clinic,clinic,True,False,35.695308,51.2544809
ساختمان پزشکان ۳۱۷,clinic,clinic,clinic,True,False,35.690223,51.4593281
مرکز جامع سلامت سوهانک,clinic,clinic,clinic,True,False,35.8034743,51.5355365
آزمایشگاه زمرد,,laboratory,laboratory,True,False,35.7578985,51.450719
دکتر رضا آقاجانی پوست مو زیبایی,doctors,doctor,doctors,True,False,35.5905546,51.439327
درمانگاه شبانه روزی فرح بخش,clinic,clinic,clinic,True,False,35.7406509,51.4661826
پایگاه سلامت شهری شماره یک - قمربنی هاشم,clinic,clinic,clinic,True,False,35.6826759,51.361373
درمانگاه شبانه روزی امین,clinic,clinic,clinic,True,False,35.6373572,51.4507743
مرکز بهداشتی درمانی راهور,clinic,,clinic,True,False,35.7002131,51.375257
رادیولوژی و سونوگرافی فرمانیه,doctors,doctor,doctors,True,False,35.7992,51.473791
پلی کلینیک ۲۲ بهمن,clinic,clinic,clinic,True,False,35.7002408,51.3680744
کلینیک ارتوپدی سپید,clinic,clinic,clinic,True,False,35.768871,51.475804
کلینیک فوق تخصصی قلب سلامت,clinic,clinic,clinic,True,False,35.7996193,51.4492294
دکتر حسین دباغیان (فوق متخصص قلب و عروق),doctors,doctor,doctors,True,False,35.7995694,51.4491602
درمانگاه شبانه روزی سپیدار,clinic,clinic,clinic,True,False,35.7428588,51.5376249
لیزر گلبرگ,clinic,clinic,clinic,True,False,35.7273148,51.515763
دکتر امیر حسین محمدی مفرد جراح بینی,doctors,doctor,doctors,True,False,35.7780881,51.3602779
دکتر غزوینیان,doctors,,doctors,True,False,35.76018,51.4002049
مرکز ارتوپدی فنی پایار,clinic,clinic,clinic,True,False,35.7597404,51.4173847
آزمایشگاه قلهک,,laboratory,laboratory,True,False,35.7725819,51.437476
کلینیک رازنو,clinic,clinic,clinic,True,False,35.740636,51.4456874
دكتر سميرا حسن خانی جراح و متخصص زنان، زايمان و نازایی,doctors,doctor,doctors,True,False,35.7135598,51.3683833
کلینیک تخصصی توحید دکتر علیرضا رمضان زاده,clinic,clinic,clinic,True,False,35.7065437,51.3765494
ساختمان پزشکان ۵۳,clinic,clinic,clinic,True,False,35.7618414,51.4453992
ساختمان پزشکان نیام,clinic,clinic,clinic,True,False,35.761601,51.4455191
دکتر نیما توکلی - متخصص اعصاب و روان,doctors,doctor,doctors,True,False,35.7235261,51.4235984
دکتر نازنین صفائی,doctors,doctor,doctors,True,False,35.7972275,51.409595
وستالب,clinic,clinic,clinic,True,False,35.7542463,51.4109982
آزمایشگاه ژنتیک بنیان,,laboratory,laboratory,True,False,35.757943,51.4473186
کلینیک جوان,clinic,clinic,clinic,True,False,35.7445613,51.4119459
دکتر رضا کریمیان ، جراح بینی,doctors,doctor,doctors,True,False,35.7780896,51.3603729
درمانگاه آزادگان,clinic,clinic,clinic,True,False,35.6625474,51.4594474
مطب دکتر فاطمه ابراهیمی,doctors,doctor,doctors,True,False,35.7458743,51.41138
کلینیک پوست و مو ساعی,clinic,clinic,clinic,True,False,35.7680988,51.4191241
مطب دکتر مهدی صالح زاده,doctors,doctor,doctors,True,False,35.7362856,51.4638748
کلینیک ماهک,clinic,clinic,clinic,True,False,35.723316,51.41166
دکتر سیامک مرادی,doctors,doctor,doctors,True,False,35.7664665,51.4429076
ساختمان پزشکان سبز,doctors,doctor,doctors,True,False,35.7655706,51.4421084
دکتر زهرا امیدوار,doctors,doctor,doctors,True,False,35.7426129,51.4472434
کلینیک زیبایی پارسیان طب,clinic,doctor,clinic,True,False,35.7599931,51.4426617
ساختمان پزشکان حکیم,doctors,doctor,doctors,True,False,35.7650152,51.4415233
unnamed,doctors,doctor,doctors,True,False,35.7080639,51.388873
مرکز بهداشت دولت آباد,clinic,clinic,clinic,True,False,35.6171059,51.452614
آزمایشگاه تشخیص طبی خاتم,,laboratory,laboratory,True,False,35.6336878,51.3726782
آزمایشگاه تشخیص طبی سفیر,,laboratory,laboratory,True,False,35.6345679,51.3786164
آزمایشگاه تشخیص طبی شریعتی,,laboratory,laboratory,True,False,35.6352072,51.3786158
آزمایشگاه تشخیص طبی ماهان,,laboratory,laboratory,True,False,35.6343738,51.3790994
بان کلینیک,clinic,,clinic,True,False,35.796139,51.4761078
ویولا کلینیک,clinic,clinic,clinic,True,False,35.7357096,51.5255071
مرکز جراحی سهند,clinic,clinic,clinic,True,False,35.7323872,51.4426082
مرکز ارتوپدی فنی طب نو,clinic,clinic,clinic,True,False,35.7339081,51.4404107
کلینیک دامپزشکی سهروردی,,clinic,clinic,True,False,35.7275337,51.4368537
درمانگاه خيريه امام جعفر صادق ع تهرانپارس,clinic,clinic,clinic,True,False,35.7431631,51.554655
پایگاه سلامت باغ اناری,clinic,clinic,clinic,True,False,35.7527238,51.5446671
کلینیک گوارش,,clinic,clinic,True,False,35.7348696,51.3284603
کلینیک پزشگان,,clinic,clinic,True,False,35.7347783,51.3276466
مرکز لیزر پوست و مو دوان,clinic,clinic,clinic,True,False,35.7601607,51.4356871
مرکز بهداشت صفا,clinic,clinic,clinic,True,False,35.7010889,51.4578185
دکتر سپید,doctors,doctor,doctors,True,False,35.7721707,51.3746402
درمانگاه امام حسن عسگری,clinic,clinic,clinic,True,False,35.6928201,51.479175
مرکز همودیالیز به آفرین,clinic,clinic,clinic,True,False,35.7454423,51.2314876
کلینیک تخصصی پوست، مو و زیبایی همسا,clinic,clinic,clinic,True,False,35.7259021,51.4743895
مطب دکتر حمیدرضا سمیعی,doctors,doctor,doctors,True,False,35.7405476,51.4674886
مرکز توانبخشی معلولان ذهنی آوای رضوان,clinic,clinic,clinic,True,False,35.6394519,51.4454012
کلینیک دندانپزشکی بهبود,clinic,clinic,clinic,True,False,35.7592498,51.4115221
مطب دکتر محمدرضا چراغیان,doctors,doctor,doctors,True,False,35.7359205,51.4057337
درمانگاه خیریه حضرت علی‌اصغر,clinic,,clinic,True,False,35.613511,51.4527176
درمانگاه شهرداری منطقه ۱۰,clinic,clinic,clinic,True,False,35.6701984,51.3727813
درمانگاه خیریه امام صادق,clinic,clinic,clinic,True,False,35.7190814,51.5058919
مرکز تصویربرداری پزشکی تهران,clinic,,clinic,True,False,35.7195006,51.4056101
مرکز خدمات جامع سلامت احمدی,clinic,clinic,clinic,True,False,35.7055657,51.4591962
دکتر آذر محمدی | زیبایی,doctors,doctor,doctors,True,False,35.7942438,51.4365002
درمانگاه خیریه شبانه روزی رضویه,clinic,clinic,clinic,True,False,35.8150957,51.4796625
مرکز جراحی سعادت آباد,clinic,clinic,clinic,True,False,35.7828861,51.3774344
درمانگاه تامین اجتماعی آزادی,clinic,clinic,clinic,True,False,35.7004703,51.320568
کلینیک هورسام,clinic,clinic,clinic,True,False,35.7714843,51.3574539
پایگاه سلامت هروی,clinic,clinic,clinic,True,False,35.7595737,51.4725099
مطب دکتر مهدی احمدی احمدی، فوق تخصص جراحی پلاستیک و زیبایی,doctors,doctor,doctors,True,False,35.7520551,51.4107961
درمانگاه نبوی,clinic,clinic,clinic,True,False,35.6028701,51.4344949
پایگاه بهداشت ولی آباد بهشتی,clinic,clinic,clinic,True,False,35.5807898,51.4197847
کلینیک ایدن,clinic,clinic,clinic,True,False,35.7990995,51.4417285
مرکز بهداشت چهارصد دستگاه,clinic,clinic,clinic,True,False,35.6898035,51.4550574
دکتر فرشاد جعفری، فوق تخصص قلب کودکان,doctors,doctor,doctors,True,False,35.7746777,51.4097932
کلینیک پوست و زیبایی دکتر مهدی میمنت,clinic,clinic,clinic,True,False,35.8135513,51.4760156
کلینیک کاردرمانی و گفتاردرمانی آریان,clinic,clinic,clinic,True,False,35.7749888,51.3615286
unnamed,doctors,doctor,doctors,True,False,35.6788967,51.3605591
لیزر سلین,clinic,clinic,clinic,True,False,35.7866517,51.4356664
رادیولوژی و سونوگرافی کیهان,doctors,doctor,doctors,True,False,35.7301342,51.3791311
مرکز پزشکی هسته ای آفتاب,,laboratory,laboratory,True,False,35.7265487,51.5240473
مرکز زیبایی دکتر شیدوش,clinic,clinic,clinic,True,False,35.781618,51.4490163
سمعک برتر,clinic,clinic,clinic,True,False,35.766951,51.4406803
مرکز شنوایی سنجی و فروش سمعک آلفا,clinic,clinic,clinic,True,False,35.7591169,51.4115882
کلینیک پوست و مو ماهور,clinic,clinic,clinic,True,False,35.8063828,51.456959
رادیولوژی دکتر صدری,doctors,doctor,doctors,True,False,35.745168,51.4507107
رادیولوژی و سونوگرافی ستارخان,doctors,doctor,doctors,True,False,35.7097293,51.3733673
آزمایشگاه میرداماد,,laboratory,laboratory,True,False,35.7596761,51.4458384
درمانگاه فرهنگیان منطقه ۱۴,clinic,clinic,clinic,True,False,35.6884082,51.4595495
آزمایشگاه آرامش,,laboratory,laboratory,True,False,35.7826933,51.3742202
دکتر رضا خدادادی,doctors,doctor,doctors,True,False,35.7884939,51.4191711
درمانگاه چمران,clinic,clinic,clinic,True,False,35.7012352,51.4450741
رادیولوژی فک و صورت دکتر یاراحمدی,doctors,doctor,doctors,True,False,35.7617812,51.445565
مطب دکتر روحانی,doctors,doctor,doctors,True,False,35.7758069,51.3662419
کلینیک فیزیوتراپی بامداد سلامت,clinic,clinic,clinic,True,False,35.7273361,51.4079008
کلینیک مهر پویا (دکتر اسدالله امان الهی),clinic,,clinic,True,False,35.7264103,51.3225612
کلینیک مهر پویا (دکتر اسدالله امان الهی),clinic,clinic,clinic,True,False,35.7770192,51.3550218
دکتر حبیبه احمدی متخصص زنان,doctors,doctor,doctors,True,False,35.7813764,51.3712249
آزمایشگاه پاتوبیولوژی دکتر ویشکائی,,laboratory,laboratory,True,False,35.7320724,51.524702
آزمایشگاه چهر,,laboratory,laboratory,True,False,35.7426242,51.4466474
دکتر مسعود صدرالدینی,doctors,doctor,doctors,True,False,35.7990161,51.4409996
دکتر فاطمه سمامی,doctors,doctor,doctors,True,False,35.7990474,51.4410042
مرکز تخصصی طب کار چشم انداز,clinic,,clinic,True,False,35.7197576,51.3360106
دکتر غزاله موسوی زاده,doctors,doctor,doctors,True,False,35.7572782,51.2894104
دکتر سپیده مدعی نما,doctors,doctor,doctors,True,False,35.7685596,51.4609959
دکتر علی اصغر شیرازی,doctors,doctor,doctors,True,False,35.7287479,51.4164594
آزمایشگاه پاتوبیولوژی سروش,,laboratory,laboratory,True,False,35.6919556,51.4771805
آزمایشگاه دکتر حیدریان,,laboratory,laboratory,True,False,35.5914345,51.431324
آزمایشگاه تشخیص طبی الوند,,laboratory,laboratory,True,False,35.5912628,51.4426384
آزمایشگاه پاتوبیولوژی پلاسما طب,,laboratory,laboratory,True,False,35.592617,51.4401512
آزمایشگاه پاتوبیولوژی امروز,,laboratory,laboratory,True,False,35.5907631,51.438282
آزمایشگاه حکمت,,laboratory,laboratory,True,False,35.6178643,51.4537853
آزمایشگاه زکریا رازی,,laboratory,laboratory,True,False,35.6002769,51.4384613
آزمایشگاه امامی اهری,,laboratory,laboratory,True,False,35.6641159,51.3988113
آزمایشگاه نیاوران,,laboratory,laboratory,True,False,35.8116747,51.4633353
آزمایشگاه هدیه,,laboratory,laboratory,True,False,35.715229,51.431633
آزمایشگاه ساعی,,laboratory,laboratory,True,False,35.7353783,51.525074
آزمایشگاه دکتر منشدی,,laboratory,laboratory,True,False,35.7646027,51.4192009
آزمایشگاه تسکین,,laboratory,laboratory,True,False,35.6768227,51.3598137
آزمایشگاه تشخیص طبی دکتر فرحتاج,,laboratory,laboratory,True,False,35.5837517,51.4525452
آزمایشگاه پاتوبیولوژی یاس,,laboratory,laboratory,True,False,35.6742744,51.3431625
آزمایشگاه شمیران نو,,laboratory,laboratory,True,False,35.748909,51.5023346
آزمایشگاه احسان,,laboratory,laboratory,True,False,35.7384338,51.558136
آزمایشگاه بهرینگ,,laboratory,laboratory,True,False,35.7570915,51.4006958
آزمایشگاه الیا,,laboratory,laboratory,True,False,35.7601395,51.4425507
آزمایشگاه ظفر,,laboratory,laboratory,True,False,35.7653323,51.4434054
رادیولوژی تات,,laboratory,laboratory,True,False,35.7388362,51.5314233
آزمایشگاه یزدان,,laboratory,laboratory,True,False,35.7243576,51.4378357
آزمایشگاه نیکنام,,laboratory,laboratory,True,False,35.6429367,51.4207954
آزمایشگاه سینا,,laboratory,laboratory,True,False,35.6731474,51.2668707
آزمایشگاه ابن سینا,,laboratory,laboratory,True,False,35.7237015,51.442646
آزمایشگاه تشخیص پزشکی دکتر آقامحمدی,,laboratory,laboratory,True,False,35.6347359,51.3502237
آزمایشگاه شهران,,laboratory,laboratory,True,False,35.7580396,51.2899768
آزمایشگاه دیبا,,laboratory,laboratory,True,False,35.7707253,51.3042412
آزمایشگاه دکتر امامی,,laboratory,laboratory,True,False,35.6367811,51.411036
آزمایشگاه تخت جمشید,,laboratory,laboratory,True,False,35.7100067,51.4303398
آزمایشگاه برنارد,,laboratory,laboratory,True,False,35.7248878,51.4187355
آزمایشگاه امیر کبیر,,laboratory,laboratory,True,False,35.6616637,51.3437566
آزمایشگاه پاسکال,,laboratory,laboratory,True,False,35.7005184,51.3904161
آزمایشگاه کاوش,,laboratory,laboratory,True,False,35.763382,51.2905006
آزمایشگاه جلوه,,laboratory,laboratory,True,False,35.7349281,51.4997025
آزمایشگاه دکتر تقوی,,laboratory,laboratory,True,False,35.7415009,51.533287
آزمایشگاه لاوازیه,,laboratory,laboratory,True,False,35.736248,51.4888077
آزمایشگاه دکتر حبیبی,,laboratory,laboratory,True,False,35.6973495,51.4154472
آزمایشگاه لوتوس,,laboratory,laboratory,True,False,35.7345734,51.3553772
آزمایشگاه داورپناه,,laboratory,laboratory,True,False,35.7029533,51.4130936
آزمایشگاه دکتر سبزپوشان,,laboratory,laboratory,True,False,35.7227097,51.3319206
آزمایشگاه بیمارستان رسالت,,laboratory,laboratory,True,False,35.7421875,51.4489136
آزمایشگاه پزشکی ری,,laboratory,laboratory,True,False,35.596097,51.4392883
آزمایشگاه دکتر عمادی,,laboratory,laboratory,True,False,35.6488647,51.3425827
آزمایشگاه پاتوبیولوژی و تشخیص پزشکی بهار,,laboratory,laboratory,True,False,35.7163734,51.389782
آزمایشگاه شهباز,,laboratory,laboratory,True,False,35.6712608,51.4461823
آزمایشگاه جشنواره,,laboratory,laboratory,True,False,35.7346649,51.5353622
آزمایشگاه دکتر علوی,,laboratory,laboratory,True,False,35.6748962,51.3363876
آزمایشگاه بیمارستان شهریار,,laboratory,laboratory,True,False,35.6992264,51.3667107
آزمایشگاه فارابی,,laboratory,laboratory,True,False,35.7656441,51.4426422
آزمایشگاه لامارک,,laboratory,laboratory,True,False,35.7275124,51.4070663
آزمایشگاه کیمیا,,laboratory,laboratory,True,False,35.6701164,51.3793488
آزمایشگاه ویلسون,,laboratory,laboratory,True,False,35.6601143,51.4310837
آزمایشگاه کوروش,,laboratory,laboratory,True,False,35.8063052,51.430051
آزمایشگاه مبنا,,laboratory,laboratory,True,False,35.7361641,51.4058952
آزمایشگاه تشخیص طبی دکتر خطایی,,laboratory,laboratory,True,False,35.713398,51.4600716
آزمایشگاه تشخیص پزشکی پارس,,laboratory,laboratory,True,False,35.6919518,51.3494072
آزمایشگاه زکریا,,laboratory,laboratory,True,False,35.7322578,51.3105049
آزمایشگاه موسسه غرب,,laboratory,laboratory,True,False,35.76091,51.4002342
آزمایشگاه گلستان,,laboratory,laboratory,True,False,35.7700844,51.4598694
آزمایشگاه پاتوبیولوژی شرق,,laboratory,laboratory,True,False,35.7161865,51.4907074
آزمایشگاه تشخیص پزشکی بهمن,,laboratory,laboratory,True,False,35.6582565,51.3575478
آزمایشگاه صبا,,laboratory,laboratory,True,False,35.7105255,51.436348
آزمایشگاه مهناز,,laboratory,laboratory,True,False,35.7323036,51.4324951
آزمایشگاه ستارخان,,laboratory,laboratory,True,False,35.7184906,51.3638649
آزمایشگاه آلبرت,,laboratory,laboratory,True,False,35.6907365,51.4613728
کلینیک سلامت ملل متحد,clinic,clinic,clinic,True,False,35.8043752,51.4567557
آزمایشگاه ولی عصر,,laboratory,laboratory,True,False,35.6417618,51.3387337
آزمایشگاه پاتوبیولوژی خزانه,,laboratory,laboratory,True,False,35.6353836,51.4215279
آزمایشگاه دکتر عزیزپور,,laboratory,laboratory,True,False,35.6655693,51.4476128
آزمایشگاه مریم,,laboratory,laboratory,True,False,35.7689781,51.3783722
کلینیک زیبایی هستیا,clinic,clinic,clinic,True,False,35.7971755,51.446072
کلینیک الهام,clinic,clinic,clinic,True,False,35.7782516,51.3598442
آزمایشگاه پاس,,laboratory,laboratory,True,False,35.7224818,51.4510102
آزمایشگاه بیمارستان ساسان,,laboratory,laboratory,True,False,35.7109413,51.4032326
آزمایشگاه تهرانسر,,laboratory,laboratory,True,False,35.6966553,51.2543716
آزمایشگاه اقدسیه,,laboratory,laboratory,True,False,35.8007278,51.4828148
آزمایشگاه مشیریه,,laboratory,laboratory,True,False,35.6249046,51.4896088
آزمایشگاه دکتر جلالی,,laboratory,laboratory,True,False,35.730175,51.3790703
آزمایشگاه شهرآرا,,laboratory,laboratory,True,False,35.7224388,51.3722115
آزمایشگاه پاتوبیولوژی دی,,laboratory,laboratory,True,False,35.6370468,51.4020844
آزمایشگاه تشخیص طبی ملاصدرا,,laboratory,laboratory,True,False,35.7163696,51.4657669
آزمایشگاه بیمارستان جم,,laboratory,laboratory,True,False,35.7227821,51.4230309
آزمایشگاه سازمان انتقال خون,,laboratory,laboratory,True,False,35.7483864,51.375206
آزمایشگاه پرژن,,laboratory,laboratory,True,False,35.7440147,51.3281364
آزمایشگاه فرمند,,laboratory,laboratory,True,False,35.778038,51.3604012
آزمایشگاه توانا,,laboratory,laboratory,True,False,35.7740479,51.3771744
آزمایشگاه پاتوبیولوژی دکتر تیموری,,laboratory,laboratory,True,False,35.7479324,51.2478676
آزمایشگاه دکتر پورلشگری,,laboratory,laboratory,True,False,35.7617569,51.4456139
آزمایشگاه اروند,,laboratory,laboratory,True,False,35.7179527,51.3891487
آزمایشگاه لیانا,,laboratory,laboratory,True,False,35.7576218,51.4394341
آزمایشگاه اکسین,,laboratory,laboratory,True,False,35.7107773,51.2761803
آزمایشگاه دولت,,laboratory,laboratory,True,False,35.7749138,51.4637718
آزمایشگاه سپیدار,,laboratory,laboratory,True,False,35.7015915,51.3621979
آزمایشگاه نگین اختیاریه,,laboratory,laboratory,True,False,35.7882309,51.4670029
آزمایشگاه صدرا,,laboratory,laboratory,True,False,35.7778713,51.3356956
آزمایشگاه رسالت,,laboratory,laboratory,True,False,35.7383385,51.4771347
آزمایشگاه امین,,laboratory,laboratory,True,False,35.6772614,51.3728104
آزمایشگاه پاتوبیولوژی صادقیه,,laboratory,laboratory,True,False,35.7214203,51.3410416
آزمایشگاه سحر,,laboratory,laboratory,True,False,35.7300224,51.495636
آزمایشگاه سبحان,,laboratory,laboratory,True,False,35.7003899,51.4899216
آزمایشگاه پاتوبیولوژی ادیب,,laboratory,laboratory,True,False,35.6927071,51.4855042
آزمایشگاه قانون,,laboratory,laboratory,True,False,35.736702,51.3195343
آزمایشگاه گرگان,,laboratory,laboratory,True,False,35.716732,51.455101
آزمایشگاه آریا,,laboratory,laboratory,True,False,35.752594,51.5310555
آزمایشگاه پاتوبیولوژی همت,,laboratory,laboratory,True,False,35.7483101,51.478199
آزمایشگاه کیهان,,laboratory,laboratory,True,False,35.712326,51.3671875
آزمایشگاه سپهر,,laboratory,laboratory,True,False,35.6604156,51.4477997
آزمایشگاه خادم,,laboratory,laboratory,True,False,35.7972794,51.4100609
آزمایشگاه آریاشهر,,laboratory,laboratory,True,False,35.7257118,51.3358192
آزمایشگاه نگرش,,laboratory,laboratory,True,False,35.7002182,51.2546883
آزمایشگاه پاد,,laboratory,laboratory,True,False,35.7607498,51.3357353
آزمایشگاه پاتوبیولوژی شفق طب آزما,,laboratory,laboratory,True,False,35.63694,51.4056206
آزمایشگاه بازرگانان,,laboratory,laboratory,True,False,35.6520042,51.3405037
آزمایشگاه نوبنیاد,,laboratory,laboratory,True,False,35.7912903,51.4772034
آزمایشگاه پامچال,,laboratory,laboratory,True,False,35.6229401,51.4853363
آزمایشگاه نگین ونک,,laboratory,laboratory,True,False,35.7592735,51.4112701
آزمایشگاه مرزداران,,laboratory,laboratory,True,False,35.7341003,51.3595505
آزمایشگاه دکتر نیکوکار,,laboratory,laboratory,True,False,35.7680511,51.3268242
آزمایشگاه دقیق,,laboratory,laboratory,True,False,35.6225967,51.4867516
آزمایشگاه پاتوبیولوژی هما,,laboratory,laboratory,True,False,35.7599411,51.3247299
آزمایشگاه نمونه,,laboratory,laboratory,True,False,35.6527176,51.3114281
آزمایشگاه نور دانش,,laboratory,laboratory,True,False,35.7458954,51.2630157
آزمایشگاه پاتوبیولوژی حکیمیه,,laboratory,laboratory,True,False,35.7398071,51.5958672
آزمایشگاه تشخیص طبی و آسیب شناسی مهرگان,,laboratory,laboratory,True,False,35.7341843,51.3527145
آزمایشگاه سعید,,laboratory,laboratory,True,False,35.7618675,51.4542923
آزمایشگاه تشخیص طبی نیک,,laboratory,laboratory,True,False,35.7553711,51.4768562
آزمایشگاه فرجام,,laboratory,laboratory,True,False,35.7365532,51.5165291
آزمایشگاه پاتوبیولوژی دکتر زیدی,,laboratory,laboratory,True,False,35.7786789,51.4785538
آزمایشگاه ژنتیک پزشکی دکتر اکبری,,laboratory,laboratory,True,False,35.7063179,51.4246826
آزمایشگاه تشخیص طبی معین,,laboratory,laboratory,True,False,35.6886711,51.3460388
آزمایشگاه تشخیص پزشکی پویش,,laboratory,laboratory,True,False,35.7099075,51.4739456
آزمایشگاه تشخیص پزشکی آروین,,laboratory,laboratory,True,False,35.7092628,51.3158875
آزمایشگاه کاج,,laboratory,laboratory,True,False,35.7845993,51.3734703
آزمایشگاه شفق,,laboratory,laboratory,True,False,35.725605,51.435585
آزمایشگاه افق,,laboratory,laboratory,True,False,35.7382317,51.5064163
آزمایشگاه نعمت آباد,,laboratory,laboratory,True,False,35.6283188,51.3558121
آزمایشگاه نبرد,,laboratory,laboratory,True,False,35.6880913,51.47892
آزمایشگاه تحقیق,,laboratory,laboratory,True,False,35.6934357,51.2520256
آزمایشگاه هدف,,laboratory,laboratory,True,False,35.7267841,51.3768334
آزمایشگاه قیطریه,,laboratory,laboratory,True,False,35.7989006,51.4408913
آزمایشگاه فردوس,,laboratory,laboratory,True,False,35.7259903,51.3069992
آزمایشگاه اردیبهشت,,laboratory,laboratory,True,False,35.7320175,51.5208931
آزمایشگاه دولت آباد,,laboratory,laboratory,True,False,35.6182747,51.4489594
آزمایشگاه تشخیص طبی بهرامی نژاد,,laboratory,laboratory,True,False,35.7306252,51.178688
آزمایشگاه نیایش,,laboratory,laboratory,True,False,35.7154236,51.5040245
آزمایشگاه ارسطو,,laboratory,laboratory,True,False,35.6666069,51.4597092
آزمایشگاه پیوند,,laboratory,laboratory,True,False,35.766243,51.4302483
آزمایشگاه جوانه,,laboratory,laboratory,True,False,35.6377335,51.3563538
آزمایشگاه تشخیص طبی دکتر قنبری,,laboratory,laboratory,True,False,35.6788826,51.3598518
آزمایشگاه بینا,,laboratory,laboratory,True,False,35.6891785,51.3566628
آزمایشگاه حاذق,,laboratory,laboratory,True,False,35.7185783,51.4638672
آزمایشگاه شایان,,laboratory,laboratory,True,False,35.7439117,51.3035851
آزمایشگاه نیما,,laboratory,laboratory,True,False,35.6911545,51.4709587
آزمایشگاه پارامیس,,laboratory,laboratory,True,False,35.753685,51.3663788
آزمایشگاه پاتوبیولوژی فروردین,,laboratory,laboratory,True,False,35.6868668,51.3672218
آزمایشگاه دکتر محمدی جوبنی,,laboratory,laboratory,True,False,35.632534,51.4175987
آزمایشگاه امگا,,laboratory,laboratory,True,False,35.7565689,51.3943939
آزمایشگاه جردن,,laboratory,laboratory,True,False,35.761261,51.4196243
آزمایشگاه ایثار,,laboratory,laboratory,True,False,35.7865753,51.3506737
آزمایشگاه شاهین,,laboratory,laboratory,True,False,35.6605835,51.3034325
آزمایشگاه شاهنگیان,,laboratory,laboratory,True,False,35.7186089,51.504097
آزمایشگاه به آزما نوین,,laboratory,laboratory,True,False,35.7679462,51.4419858
آزمایشگاه پاتوبیولوژی مادر,,laboratory,laboratory,True,False,35.7371407,51.3763123
آزمایشگاه پاتوبیولوژی ملت,,laboratory,laboratory,True,False,35.7315979,51.1890755
آزمایشگاه آرژانتین,,laboratory,laboratory,True,False,35.7396584,51.4151573
آزمایشگاه باران,,laboratory,laboratory,True,False,35.7596817,51.4361343
آزمایشگاه بصیر,,laboratory,laboratory,True,False,35.7084351,51.4974747
آزمایشگاه پیروزی,,laboratory,laboratory,True,False,35.6901436,51.4603004
آزمایشگاه سلام,,laboratory,laboratory,True,False,35.71101,51.377388
آزمایشگاه آفاق,,laboratory,laboratory,True,False,35.7212753,51.3358841
آزمایشگاه پارسیا,,laboratory,laboratory,True,False,35.6491127,51.3922997
آزمایشگاه افشار,,laboratory,laboratory,True,False,35.7368965,51.5556488
آزمایشگاه پاتریس,,laboratory,laboratory,True,False,35.7125435,51.3719177
آزمایشگاه کیانشهر,,laboratory,laboratory,True,False,35.6355858,51.4456863
آزمایشگاه ساحل,,laboratory,laboratory,True,False,35.7408714,51.5332756
آزمایشگاه اکسیر,,laboratory,laboratory,True,False,35.729454,51.3260498
آزمایشگاه ایرانا,,laboratory,laboratory,True,False,35.760006,51.3301239
آزمایشگاه داریوش,,laboratory,laboratory,True,False,35.731739,51.4667473
آزمایشگاه برسا,,laboratory,laboratory,True,False,35.7600555,51.437088
آزمایشگاه محسن,,laboratory,laboratory,True,False,35.6814232,51.3851814
آزمایشگاه آرمین,,laboratory,laboratory,True,False,35.7270864,51.4187089
آزمایشگاه آرام مهر,,laboratory,laboratory,True,False,35.7618027,51.4458199
آزمایشگاه صفا,,laboratory,laboratory,True,False,35.697216,51.4476929
آزمایشگاه فیتاس,,laboratory,laboratory,True,False,35.708149,51.386158
آزمایشگاه آرتا,,laboratory,laboratory,True,False,35.7132988,51.3859406
آزمایشگاه پاتوبیولوژی و ژنتیک پزشکی تهران لب,,laboratory,laboratory,True,False,35.7342494,51.4104611
آزمایشگاه مانی,,laboratory,laboratory,True,False,35.7205734,51.4667244
آزمایشگاه بهمن طب,,laboratory,laboratory,True,False,35.7562828,51.3955803
آزمایشگاه تاو,,laboratory,laboratory,True,False,35.7705307,51.3723156
آزمایشگاه پاتوبیولوژی و ژنتیک مدیکال,,laboratory,laboratory,True,False,35.701683,51.4457855
آزمایشگاه جاوید,,laboratory,laboratory,True,False,35.6818962,51.3963013
آزمایشگاه سما,,laboratory,laboratory,True,False,35.7220268,51.3366623
آزمایشگاه هادی,,laboratory,laboratory,True,False,35.6916084,51.4439888
آزمایشگاه ارس,,laboratory,laboratory,True,False,35.797348,51.4334602
آزمایشگاه تجریش,,laboratory,laboratory,True,False,35.8062286,51.4257469
آزمایشگاه ژن لند,,laboratory,laboratory,True,False,35.7066003,51.4259671
آزمایشگاه پاتوبیولوژی هستی,,laboratory,laboratory,True,False,35.6911888,51.4721451
پژوهشگاه ملی مهندسی ژنتیک و زیست فن آوری و ژنتیک پزشکی,,laboratory,laboratory,True,False,35.7126045,51.3829536
آزمایشگاه بهین,,laboratory,laboratory,True,False,35.6350784,51.4916878
آزمایشگاه پند,,laboratory,laboratory,True,False,35.7432289,51.5318222
آزمایشگاه مدرن,,laboratory,laboratory,True,False,35.7247238,51.4189796
آزمایشگاه فرین,,laboratory,laboratory,True,False,35.7977791,51.4563637
آزمایشگاه طلوع,,laboratory,laboratory,True,False,35.6924324,51.4821625
آزمایشگاه حافظ,,laboratory,laboratory,True,False,35.6677003,51.3824708
آزمایشگاه تشخیص پزشکی تهران طب,,laboratory,laboratory,True,False,35.7621994,51.3039398
آزمایشگاه فر دانش,,laboratory,laboratory,True,False,35.6525078,51.4929085
آزمایشگاه رایت,,laboratory,laboratory,True,False,35.6792755,51.4014091
آزمایشگاه برنا,,laboratory,laboratory,True,False,35.7766342,51.4865417
آزمایشگاه یکتا,,laboratory,laboratory,True,False,35.7070541,51.3835526
آزمایشگاه پزشکی آنالیز,,laboratory,laboratory,True,False,35.75951,51.3125687
آزمایشگاه امید بهشت,,laboratory,laboratory,True,False,35.7432938,51.5631409
آزمایشگاه قائم مقام,,laboratory,laboratory,True,False,35.7233582,51.4199409
آزمایشگاه جام جم,,laboratory,laboratory,True,False,35.7449608,51.4113426
آزمایشگاه مهر ایران,,laboratory,laboratory,True,False,35.7391167,51.4435387
آزمایشگاه حکیم,,laboratory,laboratory,True,False,35.7445946,51.2352219
آزمایشگاه نانو,,laboratory,laboratory,True,False,35.7356148,51.4872894
آزمایشگاه تشخیص طبی روشان,,laboratory,laboratory,True,False,35.7395668,51.3039703
آزمایشگاه شیلا,,laboratory,laboratory,True,False,35.7688522,51.4762993
آزمایشگاه ابوذر,,laboratory,laboratory,True,False,35.6873436,51.4912567
آزمایشگاه وایت,,laboratory,laboratory,True,False,35.6974144,51.3714638
آزمایشگاه مدیا,,laboratory,laboratory,True,False,35.7241211,51.3281593
آزمایشگاه پرگن,,laboratory,laboratory,True,False,35.7177582,51.3409805
آزمایشگاه تشخیص طبی سامان,,laboratory,laboratory,True,False,35.7691231,51.4762611
آزمایشگاه میارناژن,,laboratory,laboratory,True,False,35.7449074,51.4114342
آزمایشگاه بهبود,,laboratory,laboratory,True,False,35.729105,51.4268645
آزمایشگاه رصد,,laboratory,laboratory,True,False,35.7369461,51.4895859
آزمایشگاه پارت,,laboratory,laboratory,True,False,35.7196002,51.3887632
آزمایشگاه نیوان,,laboratory,laboratory,True,False,35.8001404,51.4902077
آزمایشگاه بوستان,,laboratory,laboratory,True,False,35.7517281,51.5473366
آزمایشگاه پالادیوم,,laboratory,laboratory,True,False,35.7691543,51.3545859
آزمایشگاه اکرم,,laboratory,laboratory,True,False,35.6603546,51.3769608
آزمایشگاه برتر,,laboratory,laboratory,True,False,35.6139641,51.4921608
آزمایشگاه زیباشهر,,laboratory,laboratory,True,False,35.7386627,51.3050613
آزمایشگاه مهستان,,laboratory,laboratory,True,False,35.7588414,51.4102441
آزمایشگاه پاتوبیولوژی حجت,,laboratory,laboratory,True,False,35.7205811,51.3537216
آزمایشگاه نویان,,laboratory,laboratory,True,False,35.723053,51.3182068
آزمایشگاه مهسا,,laboratory,laboratory,True,False,35.636692,51.4102516
آزمایشگاه میثم,,laboratory,laboratory,True,False,35.7652283,51.2885056
آزمایشگاه سروین,,laboratory,laboratory,True,False,35.7416267,51.5329742
آزمایشگاه رایان,,laboratory,laboratory,True,False,35.7580109,51.5314941
آزمایشگاه ویروس شناسی خاورمیانه,,laboratory,laboratory,True,False,35.7101974,51.4181137
آزمایشگاه اتابک,,laboratory,laboratory,True,False,35.7464333,51.2369003
آزمایشگاه تشخیص پزشکی سیمرغ,,laboratory,laboratory,True,False,35.7056002,51.3895575
آزمایشگاه پاتوبیولوژی نصرت,,laboratory,laboratory,True,False,35.7063522,51.3648453
آزمایشگاه صاحبقرانیه,,laboratory,laboratory,True,False,35.7991486,51.4739342
آزمایشگاه وصال,,laboratory,laboratory,True,False,35.765377,51.3549347
آزمایشگاه بیمارستان مهراد,,laboratory,laboratory,True,False,35.7265816,51.4263496
آزمایشگاه ژینر,,laboratory,laboratory,True,False,35.6847687,51.4832077
آزمایشگاه ممتاز,,laboratory,laboratory,True,False,35.6899033,51.4455185
آزمایشگاه بیمارستان آزادی,,laboratory,laboratory,True,False,35.6968155,51.3572693
آزمایشگاه پاتوبیولوژی وحیدیه,,laboratory,laboratory,True,False,35.7151718,51.4739609
آزمایشگاه نگین,,laboratory,laboratory,True,False,35.7710648,51.3747845
آزمایشگاه دکتر زینلی,,laboratory,laboratory,True,False,35.7218538,51.4105661
آزمایشگاه پاتوبیولوژی زعفرانیه,,laboratory,laboratory,True,False,35.8033447,51.4203796
آزمایشگاه طبیب,,laboratory,laboratory,True,False,35.6854897,51.4468422
آزمایشگاه پاتوبیولوژی و ژنتیک پزشکی میلاد,,laboratory,laboratory,True,False,35.7310181,51.5289612
آزمایشگاه پاتوبیولوژی دریان نو,,laboratory,laboratory,True,False,35.7126579,51.3584518
آزمایشگاه پاتوبیولوژی برهان,,laboratory,laboratory,True,False,35.6954918,51.3774567
آزمایشگاه لشگرک,,laboratory,laboratory,True,False,35.7992706,51.501358
آزمایشگاه کاوشگر تیسفون,,laboratory,laboratory,True,False,35.6287613,51.4980659
آزمایشگاه پل رومی,,laboratory,laboratory,True,False,35.7947464,51.4349442
آزمایشگاه پاتوبیولوژی سعادت آباد,,laboratory,laboratory,True,False,35.7716904,51.3582191
آزمایشگاه مهدیه,,laboratory,laboratory,True,False,35.7170868,51.3970604
آزمایشگاه تشخیص طبی آفتاب,,laboratory,laboratory,True,False,35.7067032,51.3161736
آزمایشگاه پرتولب,,laboratory,laboratory,True,False,35.7581291,51.4060249
آزمایشگاه مایسا,,laboratory,laboratory,True,False,35.7736816,51.3775902
آزمایشگاه دکتر عبدی,,laboratory,laboratory,True,False,35.6643524,51.3243904
آزمایشگاه کیفیت,,laboratory,laboratory,True,False,35.674427,51.2668266
آزمایشگاه مهرآباد,,laboratory,laboratory,True,False,35.6727333,51.3362808
آزمایشگاه دکتر جعفری,,laboratory,laboratory,True,False,35.6469345,51.3370972
آزمایشگاه پویان,,laboratory,laboratory,True,False,35.7035866,51.3175125
آزمایشگاه وردآورد,,laboratory,laboratory,True,False,35.7392448,51.1355314
آزمایشگاه تشخیص طبی و ژنتیک انستیتو پاستور,,laboratory,laboratory,True,False,35.692173,51.3957291
آزمایشگاه لفلر,,laboratory,laboratory,True,False,35.6769981,51.4084892
آزمایشگاه نوید,,laboratory,laboratory,True,False,35.6919518,51.3699799
آزمایشگاه سانترال,,laboratory,laboratory,True,False,35.6582565,51.375473
آزمایشگاه قصر,,laboratory,laboratory,True,False,35.6852875,51.3708344
استروبوسکوپی ابن سینا,clinic,clinic,clinic,True,False,35.7221391,51.3330993
کلینیک نگین آتریسا,clinic,,clinic,True,False,35.7544162,51.3334411
آزمایشگاه مندل,,laboratory,laboratory,True,False,35.7472545,51.4109743
آزمایشگاه جهان,,laboratory,laboratory,True,False,35.7291374,51.3990211
آزمایشگاه فروردین نوین,,laboratory,laboratory,True,False,35.708271,51.3837929
آزمایشگاه روناش,,laboratory,laboratory,True,False,35.7083269,51.3837437
آزمایشگاه پاتوبیولوژی پیشرو,,laboratory,laboratory,True,False,35.7085429,51.3750255
آزمایشگاه نامدار,,laboratory,laboratory,True,False,35.7235451,51.4015732
آزمایشگاه پاتوبیولوژی سام,,laboratory,laboratory,True,False,35.735733,51.3773117
آزمایشگاه شافی,,laboratory,laboratory,True,False,35.7221336,51.3604622
آزمایشگاه ظریفی,,laboratory,laboratory,True,False,35.7708359,51.365345
آزمایشگاه  دکتر مهدوی,,laboratory,laboratory,True,False,35.7245789,51.3272133
آزمایشگاه بزرگمهر,,laboratory,laboratory,True,False,35.7529182,51.2198639
آزمایشگاه مبنای دانش,,laboratory,laboratory,True,False,35.7943192,51.5330734
آزمایشگاه سپند,,laboratory,laboratory,True,False,35.8020401,51.4786377
آزمایشگاه نیکو,,laboratory,laboratory,True,False,35.7676964,51.4582977
آزمایشگاه لقمان,,laboratory,laboratory,True,False,35.7354355,51.495266
آزمایشگاه نگاه,,laboratory,laboratory,True,False,35.7521858,51.4473953
آزمایشگاه آتبین,,laboratory,laboratory,True,False,35.7240791,51.4118423
آزمایشگاه بهداد,,laboratory,laboratory,True,False,35.7262497,51.4191132
آزمایشگاه روشن آزما,,laboratory,laboratory,True,False,35.7377205,51.4152031
آزمایشگاه سنا,,laboratory,laboratory,True,False,35.7457123,51.4047928
آزمایشگاه سبلان,,laboratory,laboratory,True,False,35.7257347,51.4594269
آزمایشگاه درمانگاه خورشید,,laboratory,laboratory,True,False,35.7444308,51.4605293
آزمایشگاه سبز آزما,,laboratory,laboratory,True,False,35.7272339,51.5159798
آزمایشگاه کاوه,,laboratory,laboratory,True,False,35.7800636,51.4492302
آزمایشگاه نماد,,laboratory,laboratory,True,False,35.7134255,51.4850403
آزمایشگاه رها,,laboratory,laboratory,True,False,35.7406998,51.5326996
آزمایشگاه بهار شرق,,laboratory,laboratory,True,False,35.7417221,51.5463638
آزمایشگاه فضل,,laboratory,laboratory,True,False,35.7355461,51.526638
آزمایشگاه نگار,,laboratory,laboratory,True,False,35.7702675,51.4401207
آزمایشگاه روشا,,laboratory,laboratory,True,False,35.7916145,51.487793
آزمایشگاه رسا,,laboratory,laboratory,True,False,35.7571678,51.4482346
آزمایشگاه دلتا,,laboratory,laboratory,True,False,35.8108177,51.4688301
آزمایشگاه خانی آباد,,laboratory,laboratory,True,False,35.6258278,51.3916664
آزمایشگاه دارآباد,,laboratory,laboratory,True,False,35.8182106,51.4918823
آزمایشگاه امین شرق,,laboratory,laboratory,True,False,35.6998253,51.4929314
آزمایشگاه الزهرا,,laboratory,laboratory,True,False,35.641964,51.4210968
آزمایشگاه صوفیا,,laboratory,laboratory,True,False,35.7759323,51.4171486
آزمایشگاه صفاییه,,laboratory,laboratory,True,False,35.6095461,51.4464999
آزمایشگاه آرتین,,laboratory,laboratory,True,False,35.7991805,51.440974
ام.آر.آی ولیعصر,clinic,,clinic,True,False,35.7843651,51.4405189
آزمایشگاه حسان,,laboratory,laboratory,True,False,35.6593323,51.3772964
آزمایشگاه مرجع بهداشت,,laboratory,laboratory,True,False,35.6814156,51.4118614
دکتر رشادی,doctors,,doctors,True,False,35.7615195,51.329615
کلینیک فردوس,clinic,clinic,clinic,True,False,35.7278547,51.3018093
درمانگاه شبانه روزی دکتر اطمینان,clinic,clinic,clinic,True,False,35.638652,51.4108551
آزمایشگاه پاتوبیولوژی پارس طب,,laboratory,laboratory,True,False,35.7569542,51.4118164
ساختمان پزشکان ستارخان,clinic,clinic,clinic,True,False,35.7134643,51.3684735
دکتر محمد صادق عالم رجبی,doctors,doctor,doctors,True,False,35.7802465,51.3354667
کلینیک دندانپزشکی شادمان,clinic,clinic,clinic,True,False,35.7006613,51.3654209
دکتر بابک محی ، جراح بینی گوشتی و بینی استخوانی,doctors,doctor,doctors,True,False,35.7728751,51.3786006
مطب دکتر حمید علمی راد,doctors,doctor,doctors,True,False,35.7585343,51.4104505
دکتر عاطفه فرامرزی,doctors,doctor,doctors,True,False,35.8012584,51.4598896
آزمایشگاه جانان,,laboratory,laboratory,True,False,35.6763103,51.3290585
دندانپزشکی  dencare,clinic,clinic,clinic,True,False,35.790461,51.4186763
کلینیک تخصصی پوست و مو وی‌وان,clinic,clinic,clinic,True,False,35.760718,51.4448132
مرکز سلامت جامع شهری بعثت,clinic,clinic,clinic,True,False,35.6492914,51.4299076
آزمایشگاه ظفر آریا,,laboratory,laboratory,True,False,35.7682953,51.4176483
مطب دکتر تکتم کیاماری,doctors,doctor,doctors,True,False,35.7440522,51.5342515
آزمایشگاه کاخال,,laboratory,laboratory,True,False,35.780117,51.4605026
دکتر قاسم اسحاقی,doctors,doctor,doctors,True,False,35.7559971,51.4108728
مجتمع پزشکی صدر,doctors,,doctors,True,False,35.7864287,51.4476054
دکتر نازنین علوی,clinic,clinic,clinic,True,False,35.7734565,51.3800705
کلینیک حنجره دکتر احمدی,doctors,doctor,doctors,True,False,35.7173821,51.3637635
اورژانس اجتماعي تهران شميرانات,hospital,hospital,hospital,True,True,35.7632471,51.4070116
کلینیک روانشناسی روان آرام,clinic,clinic,clinic,True,False,35.7601621,51.4003867
مرکز پوست و زیبایی دکتر شمسی,clinic,clinic,clinic,True,False,35.7648828,51.3570292
مرکز مشاوره روانشناسی دکتر علیرضا چیره نژاد,clinic,,clinic,True,False,35.64736,51.4713845
کلینیک دندانپزشکی لبخند مشکوه,clinic,clinic,clinic,True,False,35.7298087,51.3426693
کلینیک آفا,clinic,,clinic,True,False,35.7713677,51.376164
آزمایشگاه یوسف آباد,,laboratory,laboratory,True,False,35.7433685,51.4052546
دکتر عباس کبیری ابیانه,clinic,clinic,clinic,True,False,35.7462594,51.2860578
دکتر اسماعیل ایدنی فوق تخصص بیماری های ریه,doctors,doctor,doctors,True,False,35.7544086,51.4114237
کلینیک ارتوپدی طب نادر,clinic,clinic,clinic,True,False,35.7707022,51.3744368
کلنیک نسخه,clinic,,clinic,True,False,35.7567496,51.3959809
کلینیک فیزیوتراپی آرکا,clinic,physiotherapist,clinic,True,False,35.789427,51.37461
دکتر سید حسن مهاجرانی,clinic,clinic,clinic,True,False,35.7597925,51.4354988
کلینیک زیبایی فلورا,clinic,clinic,clinic,True,False,35.7680269,51.3315467
آزمایشگاه چک آپ,,laboratory,laboratory,True,False,35.7270727,51.3349944
مطب خانم دکتر سمیه حجازی نیا,doctors,doctor,doctors,True,False,35.7664604,51.4413127
آزمایشگاه دکتر حفیظی,,laboratory,laboratory,True,False,35.7820039,51.3775046
آزمایشگاه فروزنده شاملو,,laboratory,laboratory,True,False,35.7710953,51.3669662
مطب دکتر نرگس سروش,doctors,,doctors,True,False,35.7810588,51.3703886
مطب زیبایی دکتر اسفندیارجلیل زاده,doctors,doctor,doctors,True,False,35.7866128,51.4241838
درمانگاه تخصصی داخلی ظفرآریا,clinic,clinic,clinic,True,False,35.7683265,51.4177611
دکتر محمدجواد نخعی,doctors,doctor,doctors,True,False,35.8036274,51.4205427
نگار سنتر;مجموعه صنعتی آذرپترو,clinic,clinic,clinic,True,False,35.7826323,51.3753217
ساختمان یاس دکتر بنفشه شاه نظری,doctors,,doctors,True,False,35.7407171,51.4103535
کلینیک باربد,doctors,doctor,doctors,True,False,35.7998358,51.4493942
مطب دکتر نفیسه جوادی,doctors,doctor,doctors,True,False,35.7801187,51.4498545
ساختمان پزشکان رامیار,doctors,,doctors,True,False,35.7238322,51.3086347
کلینیک زیبایی دکتر صلح جو,clinic,clinic,clinic,True,False,35.6372836,51.4109449
آزمایشگاه پاتوبیولوژی آسا,,laboratory,laboratory,True,False,35.7213812,51.3890529
کلنیک آلرژی و ایمونولوژی خورشید,clinic,clinic,clinic,True,False,35.7444305,51.4605811
دکتر حمیدرضا حسنانی,doctors,doctor,doctors,True,False,35.7587292,51.4114374
دکتر شیرین شمس,doctors,doctor,doctors,True,False,35.7587554,51.4115783
کلینیک زیبایی سوین,,clinic,clinic,True,False,35.7809391,51.3529271
انجمن جراحان پستان ایران,doctors,doctor,doctors,True,False,35.8069887,51.4320322
دکتر پریسا عظیمی نژادان,doctors,doctor,doctors,True,False,35.7542358,51.4111184
دکتر مهدی اوصیا,doctors,doctor,doctors,True,False,35.8078085,51.4055771
دکتر شاهرخ خوش سیرت,doctors,doctor,doctors,True,False,35.7592725,51.4115024
دکتر نسرین راستا,doctors,doctor,doctors,True,False,35.7716943,51.3781206
دکتر هلن جوانمرد,doctors,doctor,doctors,True,False,35.7725671,51.3585453
دکتر اعظم السادات مهدوی,doctors,doctor,doctors,True,False,35.8031408,51.4206714
دکتر صالح محبی,doctors,doctor,doctors,True,False,35.7819368,51.376293
دکتر محسن اسدی,doctors,doctor,doctors,True,False,35.7830113,51.4475791
دکتر صنم ساسان,doctors,doctor,doctors,True,False,35.8081538,51.4292349
دکتر سیده معصومه قاضی میرسعید,doctors,doctor,doctors,True,False,35.7566191,51.3961023
دکتر اشکان خواجو,doctors,doctor,doctors,True,False,35.7780726,51.3594365
دکتر معصومه صابریان,doctors,doctor,doctors,True,False,35.7859395,51.4225029
دکتر افسانه ثنایی,doctors,doctor,doctors,True,False,35.7602727,51.4153001
دکتر حمیدرضا فتحی,doctors,doctor,doctors,True,False,35.7626777,51.41985
دکتر رضا شیروانی بختیاری,doctors,doctor,doctors,True,False,35.77716,51.4243664
دکتر شاهین جمیلی,doctors,doctor,doctors,True,False,35.7540411,51.4060117
دکتر مهرنوش امیری سیاوشانی,doctors,doctor,doctors,True,False,35.7989635,51.473168
دکتر پژمان سرشارزاده,doctors,doctor,doctors,True,False,35.7488803,51.4095208
دکتر آرمین فرساد,doctors,doctor,doctors,True,False,35.7437661,51.4047307
دکتر امیر سعید صادقی,doctors,doctor,doctors,True,False,35.7759503,51.3766156
دکتر محمدرضا ترحمی,doctors,doctor,doctors,True,False,35.7757547,51.366164
دکتر سروش کانی,doctors,doctor,doctors,True,False,35.8000411,51.4114491
دکتر فتانه ضیایی,doctors,doctor,doctors,True,False,35.775578,51.3641563
دکتر نوید توفیقی راد,doctors,doctor,doctors,True,False,35.8048044,51.4025868
کلینیک آلرژی صبا,doctors,clinic,doctors,True,False,35.7164312,51.3897176
دکتر مهدی آریانا,doctors,doctor,doctors,True,False,35.7811867,51.3707093
دکتر سمیه زمانی نیا,doctors,doctor,doctors,True,False,35.7393243,51.3132098
مرکز سونوگرافی و رادیولوژی تخصصی طنین,doctors,doctor,doctors,True,False,35.778402,51.3617001
دکتر پریسا اشتر نخعی,doctors,doctor,doctors,True,False,35.7631656,51.4439405
دکتر بهزاد فرخی,doctors,doctor,doctors,True,False,35.7600716,51.4085952
کلینیک نیلفروش‌زاده,clinic,clinic,clinic,True,False,35.7613516,51.418546
دکتر لیلا تدین,doctors,doctor,doctors,True,False,35.7549242,51.4767471
کلینیک کاردرمانی و گفتاردرمانی حامی,clinic,clinic,clinic,True,False,35.7623864,51.4621274
دکتر سعید ظفرمند,doctors,doctor,doctors,True,False,35.7249898,51.3829194
دکتر پرویز محمدی,clinic,clinic,clinic,True,False,35.711643,51.3843124
کلینیک زیبایی آنا,clinic,clinic,clinic,True,False,35.7616514,51.3360319
دکتر پرویز محمدی,hospital,hospital,hospital,True,True,35.7658532,51.3806161
دکتر مریم تراب پرهیز,doctors,doctor,doctors,True,False,35.7468376,51.4130691
دکتر لیلا سلطانی,doctors,doctor,doctors,True,False,35.7382973,51.3267518
دکتر الهه ثناگو,doctors,doctor,doctors,True,False,35.7538591,51.4780755
دکتر مهدی مقتدایی,doctors,doctor,doctors,True,False,35.7558955,51.4109566
دکتر داریوش نادری,doctors,doctor,doctors,True,False,35.7685819,51.4610076
دکتر شاهین بهجو,doctors,doctor,doctors,True,False,35.7776437,51.358396
دکتر علیرضا فروتن,doctors,doctor,doctors,True,False,35.7588771,51.4128496
دکتر مهران زمان زاده,doctors,doctor,doctors,True,False,35.7459405,51.4113934
دکتر رفیع پرنیا,doctors,doctor,doctors,True,False,35.7627594,51.4193014
دکتر علی منافی,doctors,doctor,doctors,True,False,35.7587255,51.409909
دکتر آرش آذری پور,doctors,doctor,doctors,True,False,35.8035878,51.4204557
دکتر سید علی بصام,doctors,doctor,doctors,True,False,35.7592997,51.4110565
دکتر مصطفی خدایاری,doctors,doctor,doctors,True,False,35.6922492,51.4869797
دکتر ناصر مهربان,doctors,doctor,doctors,True,False,35.7800469,51.4496672
دکتر سوسن میرزامحمدی,doctors,doctor,doctors,True,False,35.7217569,51.336028
دکتر میترا بهمن پور,doctors,doctor,doctors,True,False,35.8108974,51.4043194
دکتر وحید دارابی,doctors,doctor,doctors,True,False,35.7678228,51.4582727
گروه روانشناسی و روانپزشکی مهربد,doctors,doctor,doctors,True,False,35.7982584,51.4141001
دکتر میترا معنوی,doctors,doctor,doctors,True,False,35.7610526,51.4457987
دکتر شهرام سیدی,doctors,doctor,doctors,True,False,35.7831112,51.4362614
منصور ابوالقاسمیان,doctors,doctor,doctors,True,False,35.7614728,51.4106453
دکتر بابک ثابتی,doctors,doctor,doctors,True,False,35.7432578,51.404244
دکتر مسعود راستکاری,doctors,doctor,doctors,True,False,35.7627898,51.4550092
دکتر شراره صفاپور,doctors,doctor,doctors,True,False,35.7715447,51.4610196
دکتر مرجان ثابتی,doctors,doctor,doctors,True,False,35.7379178,51.3055587
دکتر کامران جزایری,doctors,doctor,doctors,True,False,35.7866474,51.424108
دکتر کامران جزایری,doctors,doctor,doctors,True,False,35.7866365,51.4240839
کلینیک روانشناسی روانمهر,clinic,clinic,clinic,True,False,35.7821579,51.4260719
دکتر مریم چمنی,doctors,doctor,doctors,True,False,35.7346505,51.3278635
دکتر علی تارات,doctors,doctor,doctors,True,False,35.7771252,51.4133569
دکتر علیرضا بخشایی کیا,doctors,doctor,doctors,True,False,35.8102489,51.4111424
دکتر سوزان پیروان,doctors,doctor,doctors,True,False,35.7579013,51.4130831
دکتر رکسانا عباسی,doctors,doctor,doctors,True,False,35.7632306,51.4123936
دکتر ساره حیدری,doctors,doctor,doctors,True,False,35.7757292,51.3764657
دکتر پوپک یحیوی,doctors,doctor,doctors,True,False,35.7232268,51.4240973
ناهید نفیسی,doctors,doctor,doctors,True,False,35.7735522,51.4623683
دکتر زهرا خلج,doctors,doctor,doctors,True,False,35.7733822,51.3801145
دکتر ربابه غیبی,doctors,doctor,doctors,True,False,35.770611,51.3955606
دکتر حامد بصیرزاده,doctors,doctor,doctors,True,False,35.724615,51.4086941
دکتر ندا حاجیها,doctors,doctor,doctors,True,False,35.7644886,51.419173
دکتر مسعود پورشاهی,clinic,clinic,clinic,True,False,35.7866914,51.4241058
دکتر محمدرضا آریانی,doctors,doctor,doctors,True,False,35.7232316,51.4233418
دکتر سوره علاف اکبری,doctors,doctor,doctors,True,False,35.7321811,51.3787267
دکتر حبیب رشادی,doctors,doctor,doctors,True,False,35.7673341,51.3305729
دکتر طاهره نوروززاده,clinic,clinic,clinic,True,False,35.771109,51.3835583
دکتر مریم حبیبی زاده,doctors,doctor,doctors,True,False,35.7477528,51.4118787
دکتر مهشیدکریمی,doctors,doctor,doctors,True,False,35.7246561,51.4189506
دکتر اکرم مهدی زاده شاهی,doctors,doctor,doctors,True,False,35.724024,51.3294148
دکتر شهریار حدادی,doctors,doctor,doctors,True,False,35.7592176,51.4110081
دکتر محمدرضا آخوندی نسب,doctors,doctor,doctors,True,False,35.7764255,51.420328
دکتر غلامرضا بیاضیان,doctors,doctor,doctors,True,False,35.7606471,51.4118577
دکتر سید مهدی جلالی,doctors,doctor,doctors,True,False,35.7618124,51.4445563
دکتر بابک ساعدی,doctors,doctor,doctors,True,False,35.7614619,51.445035
دکتر منصور هادیلو,doctors,doctor,doctors,True,False,35.7595602,51.442469
مرکز ناباروری بهاران,doctors,doctor,doctors,True,False,35.7303368,51.4091053
مرکز مشاوره ژنتیک دکتر مریم اسلامی,doctors,doctor,doctors,True,False,35.800815,51.4837628
دکتر سعید انصاری,doctors,doctor,doctors,True,False,35.7986177,51.4137938
دکتر علیرضا قربانی شریف,doctors,doctor,doctors,True,False,35.7475431,51.4106622
دکتر محمدرضا مقیمی,doctors,doctor,doctors,True,False,35.5921617,51.4361202
دکتر زهرا امام,doctors,doctor,doctors,True,False,35.771784,51.357839
دکتر آرمان انقطاع,doctors,doctor,doctors,True,False,35.7610267,51.4456997
دکتر شهناز شایان فر,doctors,doctor,doctors,True,False,35.7436538,51.4047923
دکتر سیمین وحیدی,doctors,doctor,doctors,True,False,35.7217906,51.3340751
دکتر سامان ستوده نیا,doctors,doctor,doctors,True,False,35.7470975,51.4112074
دکتر سارا لطفی,doctors,doctor,doctors,True,False,35.7664664,51.4566574
دکتر حامد رجایی,doctors,doctor,doctors,True,False,35.7551608,51.4122045
دکتر بابک نیکومرام,doctors,doctor,doctors,True,False,35.7592226,51.411481
دکتر حسین ختمی,doctors,doctor,doctors,True,False,35.7608855,51.4335744
دکتر حمیده آقایی,doctors,doctor,doctors,True,False,35.7222882,51.3324414
دکتر فریده کردلو,doctors,doctor,doctors,True,False,35.7421152,51.4491838
مطب دکتر علیرضا ابیانه,doctors,doctor,doctors,True,False,35.7041949,51.3736163
دکتر سارا بهروان,doctors,doctor,doctors,True,False,35.7618166,51.4453277
دکتر آرش میرمحمد صادقی,doctors,doctor,doctors,True,False,35.7570996,51.4485859
دکتر نگار حدادی,doctors,doctor,doctors,True,False,35.7402977,51.5320752
دکتر رزیتا جعفری,doctors,doctor,doctors,True,False,35.7988856,51.473317
دکتر علیرضا جباری,doctors,doctor,doctors,True,False,35.7685429,51.4588389
دکتر علیرضا جباری,doctors,doctor,doctors,True,False,35.7982512,51.4140695
دکتر آزاده مکری,doctors,doctor,doctors,True,False,35.7713909,51.3671611
دکتر فرشته جلالپور,doctors,doctor,doctors,True,False,35.7688223,51.4765296
دکتر یاسمین افسری,doctors,doctor,doctors,True,False,35.7665564,51.4430946
دکتر کاوه قرنی زاده,doctors,doctor,doctors,True,False,35.7972686,51.4079153
دکتر احمد طاهری,doctors,doctor,doctors,True,False,35.7824664,51.3801728
دکتر نسرین زارع پور,doctors,doctor,doctors,True,False,35.7550341,51.3039382
دکتر ندا هادی,doctors,doctor,doctors,True,False,35.7419752,51.448051
دکتر زهرا پرتو,doctors,doctor,doctors,True,False,35.7678779,51.3378103
دکتر بهناز عطار شاکری,doctors,doctor,doctors,True,False,35.7565681,51.3946728
دکتر داوود نجفی توانا,doctors,doctor,doctors,True,False,35.7637134,51.4440995
سونوگرافی سروش,doctors,doctor,doctors,True,False,35.725515,51.3081317
دکتر حمیدرضا مکارچیان,doctors,doctor,doctors,True,False,35.7391369,51.4122815
دکتر آزیتا مولازاده,doctors,doctor,doctors,True,False,35.720889,51.3356423
دکتر محمد جواد مرتضوی,doctors,doctor,doctors,True,False,35.761526,51.4440614
دکتر سید حسین میرشفیعی,doctors,doctor,doctors,True,False,35.7175462,51.4635065
مطب پوست و مو دکتر امیر سلیمانی,doctors,doctor,doctors,True,False,35.7589602,51.413653
دکتر داریوش محمدی,doctors,doctor,doctors,True,False,35.7594327,51.3031274
دکتر مسعود میرکاظمی,doctors,doctor,doctors,True,False,35.7787422,51.3640972
دکتر لیلا صدقی,doctors,doctor,doctors,True,False,35.7723909,51.358644
دکتر الهه لطفی,doctors,doctor,doctors,True,False,35.7235733,51.4042378
دکتر مجید محمودی مظفر,doctors,doctor,doctors,True,False,35.7713203,51.3679853
دکتر مرتضی جعفری,doctors,doctor,doctors,True,False,35.7664259,51.4414315
دکتر بیتا زلالی,doctors,doctor,doctors,True,False,35.7757116,51.4644084
دکتر محمدرضا مقدم نیا,doctors,doctor,doctors,True,False,35.7545253,51.4158207
دکتر کیانا کیا,doctors,doctor,doctors,True,False,35.7561611,51.3929074
دکتر پریسا مولایی,doctors,doctor,doctors,True,False,35.708344,51.3159835
دکتر ندا مهرعلیزاده,doctors,doctor,doctors,True,False,35.7662022,51.4376618
دکتر مریم کرمعلی,doctors,doctor,doctors,True,False,35.7459221,51.4113817
دکتر خلیل میرزامحمدی,doctors,doctor,doctors,True,False,35.7680103,51.4418877
مرکز مشاوره پندار نیک,clinic,clinic,clinic,True,False,35.7323771,51.3341988
دکتر نگین حدادی,doctors,doctor,doctors,True,False,35.7548048,51.3311013
دکتر جهانگیر قربانی,doctors,doctor,doctors,True,False,35.8025187,51.4573823
دکتر احمد دانشی,doctors,doctor,doctors,True,False,35.737584,51.4149122
دکتر حمید ارونقی,doctors,doctor,doctors,True,False,35.7204177,51.3578702
دکتر اعظم السادات موسوی,doctors,doctor,doctors,True,False,35.7263822,51.4179982
دکتر زهرا ستوده,doctors,doctor,doctors,True,False,35.6192958,51.4558229
دکتر ابراهیم شهسواری,doctors,doctor,doctors,True,False,35.7584509,51.4118716
دکتر بهاره مرادیان,doctors,doctor,doctors,True,False,35.8007389,51.4158216
دکتر سامان خرمی نژاد,doctors,doctor,doctors,True,False,35.7934275,51.4516051
دکتر علی الستی,doctors,doctor,doctors,True,False,35.7008282,51.3810056
دکتر علی فرجی,doctors,doctor,doctors,True,False,35.7806898,51.4614351
آزمایشگاه پارسه,,laboratory,laboratory,True,False,35.7197085,51.3359306
دکتر فاطمه چراغی,doctors,doctor,doctors,True,False,35.7826851,51.3739939
دکتر آزاده مهدیان,doctors,doctor,doctors,True,False,35.5913508,51.4415225
دکتر هما پرند,doctors,doctor,doctors,True,False,35.7623936,51.445599
کلینیک هسته ای سارا,clinic,clinic,clinic,True,False,35.7236986,51.4140598
دکتر فرزاد پاکدل,doctors,doctor,doctors,True,False,35.7575386,51.4131087
دکتر شراره صدری نائینی,doctors,doctor,doctors,True,False,35.7632627,51.3367166
دکتر سپیده فاضلی,doctors,doctor,doctors,True,False,35.7814904,51.3719073
دکتر مریم شریفی,doctors,doctor,doctors,True,False,35.7806168,51.4633767
دکتر ماندانا اکبری,doctors,doctor,doctors,True,False,35.7680328,51.4602014
نادره شایگان,doctors,doctor,doctors,True,False,35.7403204,51.4655086
نادره شایگان,doctors,doctor,doctors,True,False,35.7222305,51.3368551
دکتر اکرم پناهی,doctors,doctor,doctors,True,False,35.7630277,51.4452912
دکتر مائده یوسفی,doctors,doctor,doctors,True,False,35.7223746,51.3326385
دکتر کریم پیسوده,doctors,doctor,doctors,True,False,35.7594985,51.4100151
دکتر سعیده شاه علی,doctors,doctor,doctors,True,False,35.7999771,51.4904124
دکتر یوسف کریمی,doctors,doctor,doctors,True,False,35.6918905,51.4811949
دکتر علی طاهری نیا,doctors,doctor,doctors,True,False,35.7341877,51.3528424
دکتر خسرو حق شناس,doctors,doctor,doctors,True,False,35.7112433,51.4026729
مرکز تشخیص و درمان سرطان ایران,doctors,doctor,doctors,True,False,35.7566491,51.4125626
دکتر صالح گرگری,doctors,,doctors,True,False,35.7615843,51.4442707
دکتر بهنام نصیری,doctors,doctor,doctors,True,False,35.7587412,51.4140374
دکتر فرزانه درویش زاده,doctors,doctor,doctors,True,False,35.7662628,51.4423158
دکتر فاطمه سیدی,doctors,doctor,doctors,True,False,35.740743,51.5348018
دکتر ویدا ناجی,doctors,doctor,doctors,True,False,35.7177284,51.4195633
دکتر اعظم صلاتی,doctors,doctor,doctors,True,False,35.7077455,51.3874122
کلینیک فیزیوتراپی هدف,doctors,doctor,doctors,True,False,35.7543222,51.3963033
دکتر فرشید اربابی - متخصص رادیوتراپی و انکولوژی,doctors,doctor,doctors,True,False,35.7251852,51.4259559
دکتر فاطمه سمامی,doctors,doctor,doctors,True,False,35.7991495,51.4410107
دکتر ابوالفضل رحیمی,doctors,doctor,doctors,True,False,35.7537254,51.4104586
دکتر لیلا آذرنوش,doctors,doctor,doctors,True,False,35.7806718,51.4615691
دکتر جاوید ظفری,doctors,doctor,doctors,True,False,35.7995779,51.4110744
دکتر ناصر مهاجرانی,doctors,doctor,doctors,True,False,35.7412907,51.409701
دکتر امیر مصدق,doctors,doctor,doctors,True,False,35.775779,51.4639724
دکتر هادی سرمست,doctors,doctor,doctors,True,False,35.7686216,51.4587535
دکتر امیر مصدق,doctors,doctor,doctors,True,False,35.7657629,51.4352474
دکتر مسعود صدرالدینی,doctors,doctor,doctors,True,False,35.7232449,51.4851451
دکتر علی نبی پور,doctors,doctor,doctors,True,False,35.7659915,51.4428546
آزمایشگاه آلما,,laboratory,laboratory,True,False,35.6393051,51.4109459
آزمایشگاه راسا,,laboratory,laboratory,True,False,35.7087479,51.498333
آزمایشگاه نوروژن,,laboratory,laboratory,True,False,35.7733688,51.3783569
آزمایشگاه شما,,laboratory,laboratory,True,False,35.6553764,51.4909439
آزمایشگاه ویان,,laboratory,laboratory,True,False,35.734745,51.4330368
آزمایشگاه الماس,,laboratory,laboratory,True,False,35.6192741,51.4557953
دکتر ایمان روغنی,doctors,doctor,doctors,True,False,35.7605642,51.4104207
کلینیک میلانی,clinic,,clinic,True,False,35.7589142,51.412746
دکتر کامبیز ایزدپناه,doctors,doctor,doctors,True,False,35.7814446,51.3712655
کلینیک پوست و مو آوینا,clinic,clinic,clinic,True,False,35.7550231,51.4127231
مرکز روان شناسی و مشاوره رضوان,clinic,psychotherapist,clinic,True,False,35.694583,51.3792013
طب کار پرانا,clinic,clinic,clinic,True,False,35.7261213,51.4190983
آزمایشگاه آرتمیس,,laboratory,laboratory,True,False,35.7688538,51.3278996
کلینیک زیبایی سو,clinic,clinic,clinic,True,False,35.7461678,51.4051181
آزمایشگاه پاتوبیولوژی الهام,,laboratory,laboratory,True,False,35.7265714,51.3232376
آزمایشگاه ارگ,,laboratory,laboratory,True,False,35.7237015,51.314888
کلینیک ژنتیک دکتر فرهود,clinic,clinic,clinic,True,False,35.7109826,51.4059716
دکتر فرشید آچاک,doctors,doctor,doctors,True,False,35.7111645,51.4043604
مرکز لیزر و زیبایی مرجان,clinic,clinic,clinic,True,False,35.7098656,51.408103
دکتر صالحیان متخصص تغذیه ورزشی,doctors,,doctors,True,False,35.7803516,51.3805461
کلینیک دکتر رنگیانی,clinic,clinic,clinic,True,False,35.75675,51.3974779
unnamed,hospital,,hospital,True,True,35.7101595,51.3994599
مطب دکتر شبنم رفیع زاده,doctors,doctor,doctors,True,False,35.7358327,51.3391006
کلینیک زیبایی نیلماه,clinic,clinic,clinic,True,False,35.6969587,51.4874297
دکتر زهراسادات سعادت مندی,doctors,doctor,doctors,True,False,35.7724332,51.4212334
کلینیک فیزیوتراپی آمیتیس,clinic,clinic,clinic,True,False,35.7503423,51.2478263
آزمایشگاه ویروس شناسی امیرآباد,,laboratory,laboratory,True,False,35.7212834,51.3896171
دکتر مهری مهراد,clinic,clinic,clinic,True,False,35.7989071,51.4142679
کلینیک دکتر بیگدلی,doctors,doctor,doctors,True,False,35.7991837,51.477873
آزمایشگاه نگین پویا,,laboratory,laboratory,True,False,35.7441177,51.411026
آزمایشگاه دنیز,,laboratory,laboratory,True,False,35.7543831,51.2871666
کلینیک زیبایی مهرآسا,clinic,clinic,clinic,True,False,35.7617625,51.4444532
مرکز سرطان پستان جهاد دانشگاهی,clinic,,clinic,True,False,35.7574242,51.4117303
Parshayan Co,,laboratory,laboratory,True,False,35.7721816,51.4223506
کلینیک روانشناسی راز رویش,clinic,,clinic,True,False,35.7801997,51.3727159
کلینیک حس خوب زیبایی,clinic,clinic,clinic,True,False,35.7346844,51.4073888
مرکز سلامت و زیبایی اپال ول بی,clinic,clinic,clinic,True,False,35.7769554,51.3512965
خدمات پرستاری ماهور,clinic,clinic,clinic,True,False,35.6569922,51.3523234
دکتر محمدجواد امیدمعظم,doctors,doctor,doctors,True,False,35.7970716,51.4461269
دکتر فرزاد پرویزیان,doctors,doctor,doctors,True,False,35.7681768,51.4131155
دکتر محمد سعید ساغری,clinic,clinic,clinic,True,False,35.7913118,51.41848
درمانگاه ستاد کل,clinic,clinic,clinic,True,False,35.7356118,51.4532231
مرکز فوق تخصصی چشم پزشکی بصیر,clinic,clinic,clinic,True,False,35.7115384,51.3843384
کلینیک اعجاز,clinic,physiotherapist,clinic,True,False,35.7068134,51.3048144
کلینیک زیبایی یوکا,clinic,clinic,clinic,True,False,35.7601324,51.3336497
دکتر هومن هوشنگی جراح فک و صورت,clinic,clinic,clinic,True,False,35.8024406,51.4185426
مطب دکتر ماندانا احمدی,doctors,doctor,doctors,True,False,35.7701819,51.4224168
رادیولوژی و سونوگرافی میرداماد غربی,doctors,doctor,doctors,True,False,35.7631355,51.4119607
مرکز تخصصی روان شناسی و مشاوره خانواده امن,clinic,,clinic,True,False,35.7337611,51.4418158
افق نو,clinic,clinic,clinic,True,False,35.784806,51.3733246
آزمایشگاه پاتوبیولوژی و ژنتیک دکتر معین الدین صفوی,,laboratory,laboratory,True,False,35.7238954,51.4080976
بيمارستان دامپزشکی تخصصی پرندگان سانا,veterinary,hospital,veterinary,False,False,35.7272726,51.3096226
درمانگاه اصحاب الحسین,clinic,clinic,clinic,True,False,35.6700134,51.4026635
گروه مشاورین هانا,clinic,psychotherapist,clinic,True,False,35.7989167,51.4141866
دکتر فرهود گوراوانچی,doctors,doctor,doctors,True,False,35.7861368,51.4266754
دکتر مهدی فراهانی,doctors,doctor,doctors,True,False,35.7847765,51.3738232
کلینیک دندانپزشکی  دکتر مونا کشکولی,clinic,clinic,clinic,True,False,35.8005574,51.4155656
sheen center,doctors,doctor,doctors,True,False,35.7717054,51.3782523
unnamed,,laboratory,laboratory,True,False,35.7221664,51.3325694
درمانگاه شبانه‌روزی امیری,clinic,clinic,clinic,True,False,35.6717511,51.3581134
درمانگاه شبانه‌روزی سینوهه,clinic,clinic,clinic,True,False,35.6350148,51.3872677
مطب دکتر نیکجو,doctors,,doctors,True,False,35.7601968,51.4416307
مطب دکتر لیلا پیرزاده,doctors,doctor,doctors,True,False,35.755892,51.410889
تهران بیوتی سنتر,clinic,clinic,clinic,True,False,35.7827941,51.3742153
درمانگاه خیریه عمل,clinic,clinic,clinic,True,False,35.8096328,51.4088624
کلینیک تخصصی لاغری پروانه کاظمی,clinic,clinic,clinic,True,False,35.7819952,51.376231
کلینیک زیبائی دکتر احسان امامی,clinic,clinic,clinic,True,False,35.7528302,51.3636121
دکتر سمیه احمدی متخصص قلب و عروق,doctors,doctor,doctors,True,False,35.7584201,51.4116781
کلینیک روانشناسی روان رشد,,clinic,clinic,True,False,35.7269921,51.5290396
آزمایشگاه پاتوبیولوژی و ژنتیک غدیرخم (رهسا),,laboratory,laboratory,True,False,35.7570563,51.4577727
دکتر مرتضی ترابی متخصص طب سوزنی و طب سنتی,doctors,doctor,doctors,True,False,35.740648,51.4930341
مرکز تصویربرداری آرینا,doctors,doctor,doctors,True,False,35.7553542,51.4539599
دکتر محمدرضا مبینی,doctors,,doctors,True,False,35.7668594,51.4408059
دکتر مائده احمدی دستجردی,doctors,doctor,doctors,True,False,35.6922126,51.480909
دکتر هیوا امجدی,doctors,,doctors,True,False,35.7780565,51.3604302
کلینیک زیبایی آکواریوم,clinic,clinic,clinic,True,False,35.7580449,51.4387292
کلینیک پوست و مو و زیبایی آذین,clinic,,clinic,True,False,35.7420685,51.4108877
سالن تخصصی پوست و اسپا حوریان,clinic,clinic,clinic,True,False,35.6912829,51.4727164
مرکز لیزر رزت | Rozet clinic,clinic,clinic,clinic,True,False,35.7341584,51.354348
کلینیک پوست و زیبایی آرتین,clinic,clinic,clinic,True,False,35.7227458,51.4092399
مرکز تصویربرداری دیجیتال تهران,clinic,medical_imaging,clinic,True,False,35.6872814,51.367446
فیزیوتراپی ثمربخش,clinic,physiotherapist,clinic,True,False,35.6403631,51.4114426
کاوش نگین آزما,,laboratory,laboratory,True,False,35.7006561,51.3953435
آزمایشگاه ژنتیک پزشکی ویرا,,laboratory,laboratory,True,False,35.7551111,51.4492658
ارتوپدی فنی پیشرفت,doctors,doctor,doctors,True,False,35.7264638,51.4172405
کلینیک زیبایی رویاس,clinic,clinic,clinic,True,False,35.7226727,51.3374334
چشم پزشکی خیریه امیرالمومنین,clinic,clinic,clinic,True,False,35.6521416,51.4413511
خانه و سلامت ارج شوش,clinic,clinic,clinic,True,False,35.6576604,51.4406105
کلینیک شهید هادی,clinic,clinic,clinic,True,False,35.6548148,51.4406421
ارتوپدی فنی پایارایستا,doctors,doctor,doctors,True,False,35.7873005,51.441408
ساختمان پزشکان ۱۰۳۲,doctors,,doctors,True,False,35.6997239,51.3657559
موسسه رادیولوژی و سونوگرافی پرتوی مهر,doctors,doctor,doctors,True,False,35.7520729,51.4109814
راديولوژی دندان فک و صورت فردپرتو,doctors,doctor,doctors,True,False,35.7679853,51.4602033
آزمایشگاه دنا,,laboratory,laboratory,True,False,35.750127,51.4110462
مطب دکتر علی صادقی,doctors,doctor,doctors,True,False,35.7341625,51.4137556
کلینیک دکتر فروغ (مرکز جامع طب فیزیکی و توانبخشی),clinic,clinic,clinic,True,False,35.7101117,51.3772662
کلینیک زیبایی آوابیوتی,doctors,doctor,doctors,True,False,35.7664406,51.4566011
مطب دکتر اعظم حسینی جراح و متخصص زنان،زایمان و نازایی,doctors,doctor,doctors,True,False,35.7845657,51.3737781
دکتر کامیلا افتخاری,doctors,doctor,doctors,True,False,35.7780923,51.3604646
موسسه رادیولوژی و سونوگرافی نیکو,doctors,doctor,doctors,True,False,35.7477354,51.4123163
مطب دکتر ضابطی,doctors,,doctors,True,False,35.7664002,51.4306203
مرکز درمان های بیومکانیکی (کایروپراکتیک) دکتر ناصر قلبی,doctors,doctor,doctors,True,False,35.7180697,51.3890633
رادیولوژی و سونوگرافی اطلس,doctors,doctor,doctors,True,False,35.6187302,51.45579
کلینیک پوست، مو و زیبایی دکتر محسن رضایی,clinic,clinic,clinic,True,False,35.7343303,51.494814
آزمایشگاه بابک,,laboratory,laboratory,True,False,35.6812919,51.4495898
مطب دندانپزشکی دکتر طهوری,doctors,doctor,doctors,True,False,35.7579676,51.4062963
دکتر علیرضا شفیعی,doctors,doctor,doctors,True,False,35.801378,51.459888
مرکز زیبایی فلور,clinic,clinic,clinic,True,False,35.8070789,51.4264203
دکتر یسری جهانگیری,doctors,doctor,doctors,True,False,35.7085026,51.3851077
سونوگرافی دکتر هدایی (مرکز تصویربرداری جردن),doctors,doctor,doctors,True,False,35.7681188,51.4196969
مرکز فوق تخصصی ستون فقرات آبادیس,doctors,doctor,doctors,True,False,35.7670695,51.4427921
دکتر وحیدرضا حکمتی,doctors,doctor,doctors,True,False,35.759792,51.4586685
مطب زیبایی شاین,clinic,clinic,clinic,True,False,35.8059376,51.4247256
جراح و متخصص گوش حلق و بینی دکتر جابر قرشی,doctors,doctor,doctors,True,False,35.7469315,51.4495234
دکتر شهرزاد تهرانی جراح و متخصص زنان و زایمان و نازایی,doctors,doctor,doctors,True,False,35.7553101,51.3039797
کلینیک ارتوپدی  دکتر کورش فاتح,clinic,clinic,clinic,True,False,35.7270876,51.3761822
ساختمان پزشكان رفعت جو,clinic,,clinic,True,False,35.7261632,51.3066968
دکتر نرگس مهرابی,doctors,doctor,doctors,True,False,35.5942772,51.4428656
مطب دکتر مصدق خواه,doctors,doctor,doctors,True,False,35.6923585,51.4813569
دکتر مسیح کاویان,doctors,doctor,doctors,True,False,35.8013908,51.4180439
مطب دکتر ملک خسروی,doctors,doctor,doctors,True,False,35.6725703,51.2660068
استروبوسکوپی تهران (عکسبرداری از حنجره),doctors,doctor,doctors,True,False,35.7782902,51.3611621
استروبوسکوپی,doctors,doctor,doctors,True,False,35.7782113,51.3611865
درمانگاه رضوان,clinic,clinic,clinic,True,False,35.6700989,51.3017566
درمانگاه شبانه روزی امام رضا,clinic,clinic,clinic,True,False,35.6702658,51.2991807
درمانگاههای بیمارستان محب یاس,clinic,clinic,clinic,True,False,35.7175558,51.4149793
مطب پوست و مو و زیبایی آیدا,clinic,clinic,clinic,True,False,35.7341898,51.3572127
مجموعه پزشکی سروتونین,clinic,clinic,clinic,True,False,35.8095614,51.4288235
مرکزتصویربرداری سونوگرافی رادیولوژی دکترتدین,doctors,doctor,doctors,True,False,35.7059505,51.4490343
دکتر بابک رجبلو / مطب دکتر لو,doctors,doctor,doctors,True,False,35.7670076,51.4253818
کلینیک زیبایی زیباچه,clinic,clinic,clinic,True,False,35.7598399,51.3300877
دکترعبدیزدانی,doctors,doctor,doctors,True,False,35.7973363,51.4109188
دکترسپیده اسدی,doctors,doctor,doctors,True,False,35.7973526,51.4109207
دکتر آنا آوامهر,doctors,doctor,doctors,True,False,35.8074144,51.4627997
انستیتو پوست مهسا مولایی (شماره ثبت 53416),clinic,clinic,clinic,True,False,35.7612784,51.4038224
دکتر شهاب آفرینگاه,clinic,clinic,clinic,True,False,35.8013572,51.4599285
مطب دکتر انارکی,doctors,,doctors,True,False,35.7691554,51.3625149
دکتر حبیب سهرابی (جراح زیبایی بینی),doctors,doctor,doctors,True,False,35.7601956,51.415476
کلینیک تخصصی پوست و مو هلیا,clinic,clinic,clinic,True,False,35.8049776,51.464736
مرکز خدمات بین الملل روانشناسی و لکنت زبان اسکیلا,clinic,clinic,clinic,True,False,35.7631062,51.4439642
دکتر کره ئی,clinic,clinic,clinic,True,False,35.7619733,51.4693948
مطب دکتر فاطمه نعمت اللهی,doctors,doctor,doctors,True,False,35.7246433,51.4355273
کلینیک مدینو,clinic,clinic,clinic,True,False,35.7042081,51.385012
کلینیک باروری و درمان های پیشرفته ناباروری سارا,clinic,clinic,clinic,True,False,35.7056796,51.3900343
دکتر محمد علی آبادی زیبایی، پوست و مو,doctors,doctor,doctors,True,False,35.7273591,51.5187139
مطب دكتر سعيد انوری,doctors,doctor,doctors,True,False,35.7636849,51.4435643
کلینیک سیب صورتی,doctors,doctor,doctors,True,False,35.7660991,51.4300296
کلینیک مونالیزا,doctors,doctor,doctors,True,False,35.7662466,51.4300013
مطب دکتر میعاد مهدوی,doctors,doctor,doctors,True,False,35.7776825,51.3360544
Marjan Nuclear medicine center,,laboratory,laboratory,True,False,35.7095989,51.4038655
دکتر سارا جعفری محمدی,doctors,doctor,doctors,True,False,35.7413937,51.4092315
دکتر علی امینی اعصاب وروان,doctors,doctor,doctors,True,False,35.8012923,51.4169613
مطب پوست و مو و لیزر تیارا,doctors,doctor,doctors,True,False,35.6641732,51.3259199
دکتر فاطمه زارعین متخصص اعصاب و روان,doctors,doctor,doctors,True,False,35.7714131,51.3554907
مرکز پزشکی مهرآوران,clinic,clinic,clinic,True,False,35.7063128,51.4552141
سونوگرافی مهر ایرانیان,clinic,,clinic,True,False,35.7206925,51.3528989
مطب دندانپزشکی دکتر فاطمه اسمی,doctors,doctor,doctors,True,False,35.8067236,51.4716759
مطب دکتر زهرا ترشیزی,doctors,doctor,doctors,True,False,35.7681089,51.4119208
رادیولوژی و سونوگرافی سبز,doctors,doctor,doctors,True,False,35.6712552,51.336242
مطب دکتر احمد زمانیان,doctors,doctor,doctors,True,False,35.721373,51.3363729
درمانگاه خیریه صالح,clinic,,clinic,True,False,35.6804872,51.4162057
مرکز سنجش تراکم استخوان ولیعصر,clinic,clinic,clinic,True,False,35.7155383,51.4073952
Savagenome Genetic Clinic and Laboratory,,laboratory,laboratory,True,False,35.7456379,51.4121223
کلینیک سونریسا,clinic,clinic,clinic,True,False,35.7467077,51.2395681
مطب پوست و زیبایی دکتر حدیث مهرابی,clinic,clinic,clinic,True,False,35.7532391,51.5306493
درمانگاه شبانه‌روزی آیین شمس,clinic,,clinic,True,False,35.6813101,51.37138
دکتر نسرین کریمی - متخصص زنان و زایمان,doctors,doctor,doctors,True,False,35.7140913,51.4029742
کلینیک پوست و مو و زیبایی نیکچهر,clinic,clinic,clinic,True,False,35.7299221,51.5032446
مرکز ماساژ و لاغری سما فیت,clinic,clinic,clinic,True,False,35.7946227,51.5001353
کلینیک زیبایی ستایش,clinic,clinic,clinic,True,False,35.7630617,51.33772
دکتر سیف الدین زاهدی,doctors,,doctors,True,False,35.6572647,51.3680733
رادیولوژی دکتر یاسر صافی,doctors,doctor,doctors,True,False,35.7563958,51.3936348
دکتر عبدالله رسولی (پوست،مو،لیزر),clinic,clinic,clinic,True,False,35.7600813,51.3336701
درمانگاه سجاد,clinic,,clinic,True,False,35.6172386,51.4942288
فیزیوتراپی جاوید,clinic,,clinic,True,False,35.6999575,51.3648015
مطب رز دکتر رضوان موسوی,clinic,clinic,clinic,True,False,35.6314194,51.3685068
کلینیک درد آزا سلامت,clinic,clinic,clinic,True,False,35.7703992,51.3626893
آزمایشگاه دنا,,laboratory,laboratory,True,False,35.750112,51.4110658
استروبوسکوپی تهران (عکسبرداری از حنجره),clinic,clinic,clinic,True,False,35.7782957,51.3611222
مطب دندانپزشکی دکتر طهوری,doctors,doctor,doctors,True,False,35.7579955,51.4062573
آزمایشگاه بابک,,laboratory,laboratory,True,False,35.6812918,51.4495766
مرکز فوق تخصصی ستون فقرات آبادیس,clinic,clinic,clinic,True,False,35.7670797,51.442762
مدیکال استراتژیست,,laboratory,laboratory,True,False,35.7496641,51.3038012
مطب دکتر بهزاد امیری,clinic,clinic,clinic,True,False,35.7056919,51.3894437
کلینیک دکتر فروغ (مرکز جامع طب فیزیکی و توانبخشی),clinic,clinic,clinic,True,False,35.7100623,51.377259
کلینیک زیبایی ملورا,clinic,clinic,clinic,True,False,35.8001922,51.4701995
مرکز پرستاری کیانمهر,clinic,clinic,clinic,True,False,35.7093113,51.3738276
دکتر علی قاسمیان ،متخصص اطفال,clinic,clinic,clinic,True,False,35.7315476,51.4836463
متخصص کودکان ، نوزادان,clinic,clinic,clinic,True,False,35.7315633,51.4835543
کلینیک مشاوره آنید,clinic,clinic,clinic,True,False,35.7717804,51.378205
دکتر پدرام اطمینانی,doctors,doctor,doctors,True,False,35.8018591,51.4538271
unnamed,clinic,,clinic,True,False,35.747377,51.4108393
کلینیک پوست، مو و زیبایی دکتر مهسا گرجی,clinic,clinic,clinic,True,False,35.7665917,51.3572429
کلینیک پوست آرتمیس,clinic,clinic,clinic,True,False,35.7690616,51.3279513
انجمن دنیای بهتر,clinic,clinic,clinic,True,False,35.7723149,51.4367431
کلینیک زیبایی شهرزاد,clinic,clinic,clinic,True,False,35.71827,51.4446864
دکتر سارا ارژنگ جراح بینی,clinic,clinic,clinic,True,False,35.7578468,51.412738
کلینیک درمان زخم دنیای زخم,clinic,clinic,clinic,True,False,35.7085136,51.3851808
دکتر عبدالرسول مولودی,doctors,doctor,doctors,True,False,35.7083285,51.3851996
مرکز پوست دکتر رکسانا صدوقی,clinic,clinic,clinic,True,False,35.7881016,51.4213154
مرکز جراحی محدود نوین دیدگان,clinic,,clinic,True,False,35.7270903,51.4164669
مطب دکتر چراغچی,doctors,,doctors,True,False,35.6188456,51.4491101
دكترمكارچيان,clinic,clinic,clinic,True,False,35.7713893,51.4145736
دکتر حمید احمدی,doctors,doctor,doctors,True,False,35.7453669,51.4113563
کلینیک دندانپزشکی نیلا,doctors,doctor,doctors,True,False,35.760072,51.4084926
آزمایشگاه بابک,,laboratory,laboratory,True,False,35.6812704,51.44958
دکتر مهدی آقاعلیخانی,doctors,doctor,doctors,True,False,35.7990008,51.4142828
مطب دکتر حسین ملازم,doctors,doctor,doctors,True,False,35.7702249,51.3619999
مطب زیبایی دکتر اسما ارجمندی,doctors,clinic,doctors,True,False,35.743818,51.5302746
کلینیک دندان پزشکی فروردین,clinic,clinic,clinic,True,False,35.6879591,51.377031
کلینیک فیزیوتراپی مدیا,clinic,physiotherapist,clinic,True,False,35.6772358,51.3890573
داروخانه دکتر گلابچی,hospital,hospital,hospital,True,True,35.7585022,51.4413515
دکتر علیرضا صحرانورد,doctors,doctor,doctors,True,False,35.7585277,51.4103471
کلینیک سردرد تهران,clinic,clinic,clinic,True,False,35.7583513,51.4055491
جراح و متخصص زنان و زایمان و نازایی,doctors,doctor,doctors,True,False,35.755171,51.3038168
کلینیک زیبایی لیلین,clinic,,clinic,True,False,35.766887,51.4566748
مطب دکتر سید حسن دیباجی,doctors,doctor,doctors,True,False,35.7808161,51.462
کلینیک رادیولوژی دهان، فک و صورت دکتر میرزایی,doctors,doctor,doctors,True,False,35.6370043,51.4109025
کلینیک درد افتخار,clinic,clinic,clinic,True,False,35.7756996,51.3662727
کلینیک دکتر وحید کاوه  فوق تخصص هماتولوژی و آنکولوژی,clinic,clinic,clinic,True,False,35.7557703,51.3769625
آزمایشگاه دنا,,laboratory,laboratory,True,False,35.7501035,51.4110915
کلینیک مغز و اعصاب الیسا,hospital,hospital,hospital,True,True,35.7584955,51.4055295
ساختمان پزشکان مریم,doctors,,doctors,True,False,35.7347898,51.4330611
کلینیک ارتوپدی فنی کاویان طب,clinic,clinic,clinic,True,False,35.7971297,51.4341999
(دکتر محمد شفیعی) کلینیک مایامون,doctors,doctor,doctors,True,False,35.7786869,51.3611631
مرکز پزشکی- زیبایی مارین,,doctor,doctor,True,False,35.7463529,51.4651691
ساختمان پزشکان اندیشه,clinic,clinic,clinic,True,False,35.6972763,51.3752254
کلینیک پوست و مو رویش سبز,clinic,clinic,clinic,True,False,35.7647002,51.419198
مطب زیبایی لانا,doctors,doctor,doctors,True,False,35.7798577,51.3662364
مرکز پریناتالوژی فروغ,doctors,doctor,doctors,True,False,35.7476847,51.4126815
دندانپزشکی نسیم پارک وی,clinic,clinic,clinic,True,False,35.7868512,51.415571
ویولا کلینیک,clinic,clinic,clinic,True,False,35.7723999,51.3851642
مطب دکتر محمد مهدی سرزعیم,doctors,doctor,doctors,True,False,35.7733069,51.4429498
کلینیک ارتودنسی دکتر ساغر هرندی,hospital,hospital,hospital,True,True,35.792743,51.4526377
پزشکی هسته ای خورشید,doctors,doctor,doctors,True,False,35.6762021,51.3295867
مرکز درمان در منزل امداد(وابسته به جهاد دانشگاهی علوم پزشکی شهیدبهشتی),clinic,clinic,clinic,True,False,35.7580988,51.4473257
ليزر كلينيك تخت طاووس,clinic,clinic,clinic,True,False,35.7235698,51.4122435
درمانگاه منطقه ۱۰ شهرداری تهران,clinic,,clinic,True,False,35.6702165,51.354982
کلینیک طب فیزیکی و توانبخشی لگام,clinic,clinic,clinic,True,False,35.7488545,51.4094752
کلینیک پوست مو و لیزر نسیم مرکز,clinic,clinic,clinic,True,False,35.6834506,51.3770549
کلینیک روانشناسی روان رشد,clinic,clinic,clinic,True,False,35.7270324,51.5290578
پلی‌کلنیک تخصصی شهید حیدری,clinic,,clinic,True,False,35.6968802,51.4063598
کلینیک دندانپزشکی آنیسا,clinic,clinic,clinic,True,False,35.7666394,51.4138333
کلینت ونتا,clinic,clinic,clinic,True,False,35.7695535,51.4198244
کلینیک پستان دکتر فرهاد موسی زاده,clinic,clinic,clinic,True,False,35.7475142,51.4120195
کلینیک زیبایی تلما,doctors,doctor,doctors,True,False,35.7465756,51.2339192
کلینیک زیبایی روما,clinic,clinic,clinic,True,False,35.6494254,51.3116815
درمانگاه تخصصي پوست و مو و زيبايي رونيكا,clinic,clinic,clinic,True,False,35.7956287,51.441968
کلینیک زیبایی آندیا,clinic,clinic,clinic,True,False,35.7703555,51.3625967
کلینیک رزآبی,clinic,clinic,clinic,True,False,35.7830437,51.3790182
خانه ایمپلنت (دکتر پورشاهی),clinic,clinic,clinic,True,False,35.7867009,51.42425
کلینیک تخصصی پوست و مو آریوان,clinic,clinic,clinic,True,False,35.7374918,51.3060397
کلینیک دکتر خوانساری,clinic,clinic,clinic,True,False,35.7879935,51.4602635
مطب دکتر کاظم خوانساری,doctors,doctor,doctors,True,False,35.7444193,51.5633436
کلینیک زیبایی المابیوتی,clinic,clinic,clinic,True,False,35.7010149,51.3790096
دکتر محسن اسلامی متخصص کلیه و مجاری ادراری و ناباروی و hpv,doctors,doctor,doctors,True,False,35.7755413,51.4642193
دکترمونانوروزی,doctors,doctor,doctors,True,False,35.7301995,51.4254619
ساختمان پزشکان امام جعفرصادق نعمت آباد,clinic,clinic,clinic,True,False,35.630292,51.3584293
کلینیک چشم نور امید,clinic,clinic,clinic,True,False,35.699003,51.262615
مطب دکتر یوسف فام,doctors,doctor,doctors,True,False,35.7562304,51.3942187
unnamed,clinic,,clinic,True,False,35.6189812,51.4610441
دندانپزشکی دکتر زهرا خاکسار,,hospital,hospital,True,True,35.7228079,51.3261977
کلینیک زیبایی لومیر,clinic,clinic,clinic,True,False,35.8055418,51.4733856
کلینیک فیزیوتراپی پایدار,clinic,clinic,clinic,True,False,35.7709292,51.3656854
دکتر فرشته اصل بهار جراح و متخصص زنان و زایمان,doctors,,doctors,True,False,35.7781631,51.3607588
کلینیک روانشناسی حس زندگی,clinic,clinic,clinic,True,False,35.779463,51.3648671
مطب زیبایی و لیزر بنیز,doctors,doctor,doctors,True,False,35.7534292,51.4756274
ارتوپدی فنی باریش,hospital,hospital,hospital,True,True,35.7723579,51.3240929
ساختمان پزشکان ترنج,clinic,clinic,clinic,True,False,35.7530722,51.5486332
دکتر بنفشه تاج بخش,doctors,doctor,doctors,True,False,35.7479454,51.410478
مطب دکتر شیوا حاجی خانی,doctors,doctor,doctors,True,False,35.679877,51.4012486
مطب دکتر محمد سبزی کاریان,doctors,doctor,doctors,True,False,35.6798979,51.4012357
دکتر هومن مولوی,clinic,clinic,clinic,True,False,35.7913046,51.4185222
لابراتوار سینا,,laboratory,laboratory,True,False,35.6726683,51.4711886
مطب دکتر سید رضا هاشمی,doctors,doctor,doctors,True,False,35.7821106,51.3765661
کلینیک اورولوژی و ناتوانایی جنسی دکتر البرز وشتاسبی,clinic,clinic,clinic,True,False,35.7655366,51.476062
کلینیک دندانپزشکی تبسم مهر,clinic,clinic,clinic,True,False,35.7628227,51.3982312
کلینیک تخصصی طب کار دانیال,clinic,clinic,clinic,True,False,35.6372183,51.411074
unnamed,clinic,,clinic,True,False,35.7177749,51.4102598
مطب دکتر احیا خان احمدی - متخصص زنان و زایمان,doctors,doctor,doctors,True,False,35.7967109,51.4194786
کلینیک زیبایی آسو,clinic,clinic,clinic,True,False,35.7769955,51.365526
کلینیک زیبایی مه رویان,clinic,clinic,clinic,True,False,35.7753678,51.4207004
کلینیک سلول های بنیادی دکتر فتحی,clinic,clinic,clinic,True,False,35.8009293,51.4610733
مطب پوست، زیبایی و لیزر نیژ,doctors,doctor,doctors,True,False,35.756175,51.3941866
کلینیک زیبایی مهر,clinic,clinic,clinic,True,False,35.7396499,51.4962172
مرکز فوق تخصصی گوارش، کبد و لاغری دکتر مقداد صداقت,clinic,clinic,clinic,True,False,35.7682918,51.4421615
دکتر منصور همایونی,doctors,doctor,doctors,True,False,35.7475379,51.4121912
کلینیک ارتوپدی فنی رادمان,clinic,clinic,clinic,True,False,35.7084784,51.3851949
دکتر بابک باب شریف,doctors,doctor,doctors,True,False,35.7586131,51.4107113
مرکز دیالیز بیمارستان لبافی نژاد,clinic,dialysis,clinic,True,False,35.7672987,51.4637096
کلینیک مهر افروز,clinic,clinic,clinic,True,False,35.8119214,51.4596225
دکتر امیرحسین امامی میبدی,doctors,doctor,doctors,True,False,35.7587796,51.3617984
دکتر وهاب آسترکی,doctors,doctor,doctors,True,False,35.7989236,51.4734004
کلینیک لیما,clinic,clinic,clinic,True,False,35.7799847,51.4588386
مجموعه پزشکی سانیک,clinic,clinic,clinic,True,False,35.7172373,51.4072106
رادیولوژی و سونوگرافی دکتر شهریاریان,doctors,doctor,doctors,True,False,35.7083787,51.3837272
تصویربرداری و سونوگرافی معراج,doctors,doctor,doctors,True,False,35.7080553,51.3825872
مطب دکتر وحید معتمدی,doctors,doctor,doctors,True,False,35.7081545,51.3879699
مطب دكتر سيد محمود اسحق حسينى,doctors,doctor,doctors,True,False,35.7082722,51.3839104
مطب دکتر فرهاد شاهی,doctors,doctor,doctors,True,False,35.708311,51.3837812
دکتر عباس علی بخشی,doctors,doctor,doctors,True,False,35.7082696,51.3852432
مرکز تصویربرداری و ام آر آی تهران ۱۰۱,doctors,doctor,doctors,True,False,35.7085043,51.3851438
دکتر قره گزلو,doctors,doctor,doctors,True,False,35.7082485,51.3855463
گفتار درمانی باران ( شعبه غرب),clinic,speech_therapist,clinic,True,False,35.724237,51.3292756
مطب پوست و مو زیبایی دکتر محسنی,doctors,doctor,doctors,True,False,35.804083,51.4343634
سونوگرافی و رادیولوژی لادن,doctors,doctor,doctors,True,False,35.7271083,51.4938467
دکتر الهام ظرافت فرد (خون و سرطان),doctors,doctor,doctors,True,False,35.7593471,51.4099814
مطب دکتر شهریار عزیزی,,clinic,clinic,True,False,35.7776036,51.3581622
مطب دکتر مرتضی جلالی فخر,doctors,doctor,doctors,True,False,35.7580138,51.446921
آزمایشگاه آناهیت,,laboratory,laboratory,True,False,35.7573782,51.1573538
پلی کلینیک تخصصی طاها تب,clinic,,clinic,True,False,35.7412229,51.5479856
دکتر امیر رضا معتبر,doctors,doctor,doctors,True,False,35.7996976,51.4688034
دکتر جواد خالقی,doctors,doctor,doctors,True,False,35.797291,51.4102705
کلینیک زیبایی آمیتیست,clinic,clinic,clinic,True,False,35.6997367,51.3658078
آزمایشگاه دنا,hospital,hospital,hospital,True,True,35.7500692,51.4110696
درمانگاه عمومی شهرداری منطقه ۹,clinic,,clinic,True,False,35.6860595,51.3464032
مطب دکتر نوید رفعتی نژاد,doctors,,doctors,True,False,35.7796107,51.3622802
کلینیک زیبایی آسا,clinic,clinic,clinic,True,False,35.638974,51.4109558
مجتمع پزشکی تخصصی آوی‌سینا,clinic,clinic,clinic,True,False,35.6869763,51.3629556
کلینیک تخصصی و رادیولوژی دندانپزشکی مهر گاندی,clinic,clinic,clinic,True,False,35.7551213,51.4130349
کلینیک زیبایی نیکی,clinic,clinic,clinic,True,False,35.6975561,51.3752764
مجتمع پزشکی شفاء,clinic,clinic,clinic,True,False,35.7565986,51.162908
اورژانس بیمارستان میلاد,hospital,hospital,hospital,True,True,35.745083,51.3802188
مطب پوست و مو شیلر بیوتی,clinic,clinic,clinic,True,False,35.7342708,51.3584021
مرکز تصویربرداری امید نوین,hospital,hospital,hospital,True,True,35.7562819,51.3955302
آزمایشگاه تشخیص پزشکی بابک,,laboratory,laboratory,True,False,35.681324,51.4496205
کلینیک زیبایی سام شعبه زعفرانیه,clinic,clinic,clinic,True,False,35.7932284,51.4108218
دکتر محمد زواره ای بوتاکس معده,doctors,doctor,doctors,True,False,35.772027,51.3784506
پروتز مو گلها هایفیکس,clinic,clinic,clinic,True,False,35.7418624,51.4437246
مرکز ترک اعتیاد آوای سحر,clinic,,clinic,True,False,35.740709,51.5512753
درمانگاه شبانه روزی لاله زاگرس,clinic,clinic,clinic,True,False,35.7254348,51.46908
درمان کمردرد از راه دور دکتر محمدی,clinic,clinic,clinic,True,False,35.7892387,51.4235436
کلینیک زیبایی دکتر یسری طباطبایی,clinic,clinic,clinic,True,False,35.8122419,51.4570183
کلینیک زیبایی شاداب,clinic,clinic,clinic,True,False,35.7616439,51.3360714
رادیولوژی دهان، فک و صورت دکتر شاهین همتی,clinic,clinic,clinic,True,False,35.7690993,51.4589477
مطب دکتر غلامرضا امینی فوق تخصص قلب,doctors,doctor,doctors,True,False,35.6922635,51.4813186
کلینیک گفتاردرمانی کاردرمانی و نوروتراپی ماهان,clinic,clinic,clinic,True,False,35.6315757,51.3752093
دندانپزشکی دکتر برشوئی,doctors,doctor,doctors,True,False,35.7885518,51.4230579
کلینیک فیزیوتراپی فردین,hospital,hospital,hospital,True,True,35.7466035,51.2477848
کلینیک زیبایی ماه زر,clinic,clinic,clinic,True,False,35.7712639,51.367641
رادیولوژی فک دندان و صورت,doctors,doctor,doctors,True,False,35.7814383,51.3712126
طب کار آریا پژوهان,,laboratory,laboratory,True,False,35.7086889,51.3751785
فیزیوتراپی شفابخش,clinic,physiotherapist,clinic,True,False,35.7102402,51.4487649
مرکز زیبایی دکتر الگا,clinic,clinic,clinic,True,False,35.8130301,51.4109952
مطب پوست و زیبایی دکتر نازیلا محمدزاده,doctors,doctor,doctors,True,False,35.7257091,51.5196786
Loveya Skincare,clinic,clinic,clinic,True,False,35.7924421,51.4161584
بیمارستان نور,hospital,hospital,hospital,True,True,35.6103699,51.4386695
سونوگرافی و رادیولوژی دکتر الهی فر,,laboratory,laboratory,True,False,35.7562301,51.3946037
مطب متخصص پزشکی ورزشی,doctors,doctor,doctors,True,False,35.7679799,51.4603083
مطب دکتر ناصر امینی صدر,doctors,doctor,doctors,True,False,35.7630359,51.4436204
مطب دکتر ایوب صالحی,hospital,hospital,hospital,True,True,35.735506,51.3419725
درمانگاه قوامین,clinic,,clinic,True,False,35.6972894,51.2646521
درمانگاه شبانه روزی قائم آل طه,clinic,,clinic,True,False,35.6930537,51.4884441
درمانگاه تخصصی دیابت قائم,clinic,,clinic,True,False,35.6934182,51.4892418
کلینیک زیبایی سوین,clinic,clinic,clinic,True,False,35.7809074,51.3529843
مهندسی پیشرو چیره صنعت,,laboratory,laboratory,True,False,35.7293597,51.424694
کاردرمانی و گفتاردرمانی نگاه,clinic,clinic,clinic,True,False,35.7138596,51.3888582
محموعه لاغری وندا,clinic,clinic,clinic,True,False,35.7955429,51.3585093
آزمایشگاه پاتوبیولوژی ۱۷ شهریور,,laboratory,laboratory,True,False,35.6803709,51.4471492
چشم پزشکی دکتر بابک صادقی,doctors,doctor,doctors,True,False,35.7345868,51.3291377
درمانگاه فرهنگیان,clinic,,clinic,True,False,35.7252632,51.335716
دکتر احسان مرادی متخصص جراحی مغز و اعصاب,doctors,doctor,doctors,True,False,35.7641213,51.4447565
رادیولوژی و سونوگرافی مهرگان,doctors,doctor,doctors,True,False,35.734616,51.3291627
مطب گلها (سانا اسکین سابق),doctors,doctor,doctors,True,False,35.7632134,51.3372555
متخصص زنان و زایمان الهه سلگی,doctors,doctor,doctors,True,False,35.7570376,51.3990129
آزمایشگاه پاتوبیولوژی مدیک,,laboratory,laboratory,True,False,35.7526783,51.4118757
کلینیک زخم بینش,clinic,clinic,clinic,True,False,35.7085566,51.3974926
مطب دکتر زینب بهرام نژاد متخصص زنان و زایمان,doctors,doctor,doctors,True,False,35.7656632,51.4761286
کلینیک قلب و عروق دکتر نیلچیان,doctors,doctor,doctors,True,False,35.7610538,51.4457485
فیزیوتراپی شادتن,doctors,doctor,doctors,True,False,35.7829375,51.3813867
كلينيك پوست و مو دكتر سارا نجفي,doctors,doctor,doctors,True,False,35.8094323,51.4136212
مرکز جراحی زیبایی ساوی,clinic,clinic,clinic,True,False,35.8071126,51.4623933
دکتر مهران آقاگلی,doctors,doctor,doctors,True,False,35.7589242,51.4133033
فصد خون سپهر,,blood_donation,blood_donation,False,True,35.770146,51.4401813
درمانگاه,clinic,clinic,clinic,True,False,35.7042415,51.460308
مرکز ترک اعتیاد نشاط سلامت آرامش,clinic,yes,clinic,True,False,35.7994052,51.4407731
روانشناس دكتر مينا احمديان,doctors,psychotherapist,doctors,True,False,35.7960685,51.4438637
کلینیک زیبایی الماس,clinic,clinic,clinic,True,False,35.6759148,51.3561817
کلینیک رژیم درمانی مهساشیری,clinic,clinic,clinic,True,False,35.697017,51.2539628
کلینیک زیبایی پارسیان بیوتی(پرشین بیوتی),clinic,clinic,clinic,True,False,35.7661843,51.4306425
مرکز تصویر برداری رازی(دکتر علیزاده),clinic,clinic,clinic,True,False,35.5925692,51.4402131
بیمارستان سینا,hospital,hospital,hospital,True,True,35.6863276,51.4119795
آزمایشگاه پاتوبیولوژی دکتر سرخه ای,,laboratory,laboratory,True,False,35.6531921,51.4989536
کلینیک اورولوژی دکتر آرش رنجبر,clinic,clinic,clinic,True,False,35.7803548,51.4625986
مرکز زیبایی و تناسب اندام آرمیتا,clinic,clinic,clinic,True,False,35.7338255,51.3942651
لیلا اصغری فوق تخصص غدد,doctors,doctor,doctors,True,False,35.7433302,51.4051796
کلینیک ترک اعتیاد متین طب سجاد,clinic,clinic,clinic,True,False,35.6914521,51.3453156
دکتر مجید فرجی قلب و عروق,doctors,doctor,doctors,True,False,35.7677845,51.461538
دکتر فرشید احمدی پوست و زیبایی,doctors,doctor,doctors,True,False,35.7390491,51.3265438
مطب دندانپزشکی و ایمپلنت دکتر اورعی,doctors,doctor,doctors,True,False,35.7534594,51.5304519
رادیولوژی و سونوگرافی کوروش,clinic,clinic,clinic,True,False,35.7073991,51.3905033
راديولوژي دهان، فك و صورت دكتر نيلوفر مفيدي,doctors,doctor,doctors,True,False,35.7630754,51.2907657
مطب دکتر پدرام مهریان,doctors,doctor,doctors,True,False,35.7904138,51.418682
دکتر آنا دیلمی پزشک زیبایی,doctors,doctor,doctors,True,False,35.7837412,51.4471614
مطب دکتر محمد علی قائد,doctors,doctor,doctors,True,False,35.7830761,51.3774575
کلینیک زیبایی دکتر مخبریان,doctors,doctor,doctors,True,False,35.7218861,51.3386428
مطب دندانپزشکی دکتر فریور,doctors,doctor,doctors,True,False,35.7706437,51.37238
دکتر سلطانی نژاد,doctors,doctor,doctors,True,False,35.6313689,51.3685681
دکتر حمیدرضا آزادی فرد,doctors,doctor,doctors,True,False,35.640659,51.4875762
سونوگرافی نبوت,clinic,laboratory,clinic,True,False,35.6873516,51.3738377
مطب دکتر لیلا مقدم,doctors,doctor,doctors,True,False,35.7600124,51.4144096
کلینیک ترک اعتیاد پیام تندرستی,doctors,doctor,doctors,True,False,35.7614311,51.400609
کلینیک تخصصی روانشناسی و مشاوره نوژا,doctors,doctor,doctors,True,False,35.721562,51.3467572
مطب دکتر غلامرضا معروفی,doctors,doctor,doctors,True,False,35.7991444,51.4737603
کلینیک امید نو مرکز تخصصی درمان پای دیابتی,doctors,doctor,doctors,True,False,35.7942691,51.4356398
مطب دکتر مریم پیروی,doctors,doctor,doctors,True,False,35.7780995,51.3610243
مطب دکتر پاکنژاد روانشناس,doctors,doctor,doctors,True,False,35.7528651,51.3735083
مطب دکتر عبدالرضا روئین تن,doctors,doctor,doctors,True,False,35.758313,51.4108622
پزشک متخصص وجراح  زنان و زایمان,doctors,doctor,doctors,True,False,35.7656264,51.3610624
کلینیک زیبایی نیلاز,clinic,clinic,clinic,True,False,35.7577426,51.3159376
پزشک متخصص قلب و عروق  دکتر ترقی,doctors,doctor,doctors,True,False,35.7287872,51.4205941
کلینیک زیبایی لیا,doctors,doctor,doctors,True,False,35.7706357,51.3743836
رادیولوژی دکتر زهرا صاحب نسق,,laboratory,laboratory,True,False,35.7597579,51.4426611
کلینیک زیبایی مهرزاد,doctors,doctor,doctors,True,False,35.7836998,51.3819751
دکتر توکل,clinic,clinic,clinic,True,False,35.7069597,51.3039982
دکتر سید احمد میرعربشاهی,doctors,doctor,doctors,True,False,35.7383394,51.3063086
رادیولوژی و سونوگرافی مرزداران غرب,,laboratory,laboratory,True,False,35.7342014,51.3547557
دکتر مجتبی واهب فوق تخصص جراحی پلاستیک و زیبایی,doctors,doctor,doctors,True,False,35.7795427,51.3624202
مطب دکتر فواد فولادی,doctors,doctor,doctors,True,False,35.7973206,51.4588393
دکتر مهدی حیدری روانپزشک,doctors,doctor,doctors,True,False,35.738549,51.5581277
دندانپزشکی مریم چهارکامه,doctors,doctor,doctors,True,False,35.6459977,51.4729286
دکتر آرمان فر متخصص جراحي مغز واعصاب,doctors,doctor,doctors,True,False,35.7630909,51.4440372
کلینیک روانشناسی روشان,doctors,doctor,doctors,True,False,35.7804683,51.4574657
دکتر محمد نویدی,doctors,doctor,doctors,True,False,35.7814806,51.371232
دکتر شباهنگ محمدی,doctors,doctor,doctors,True,False,35.7504544,51.4088282
دکتر امیرعلی سهراب پور,doctors,doctor,doctors,True,False,35.8116902,51.4504395
Unique Smile مطب دندانپزشکی دکتر لیلا عطایی,doctors,doctor,doctors,True,False,35.8048807,51.4622113
دکتر مجید صمصامی,doctors,doctor,doctors,True,False,35.761809,51.4456729
دکتر شروین قوامی,doctors,doctor,doctors,True,False,35.7715169,51.3771223
جراح فک وصورت دکتر کبروی,doctors,doctor,doctors,True,False,35.7240624,51.4395837
دکتر هادی حجت دوست داخلی طب سالمندی,doctors,doctor,doctors,True,False,35.7988714,51.4419381
دکتر طاهره فروغی فر,doctors,doctor,doctors,True,False,35.7714757,51.3828672
دندانپزشکی دکتر سپیده لیاقت,doctors,doctor,doctors,True,False,35.7843781,51.4595779
مطب دندانپزشکی دکتر لیلا شاکری,doctors,doctor,doctors,True,False,35.7807186,51.4676186
مطب تخصصي دندانپزشكي دكتر عليرضا اميني,doctors,doctor,doctors,True,False,35.7704131,51.412366
مطب نوروتراپی و روانپزشکی دکتر کروندی,doctors,doctor,doctors,True,False,35.756844,51.3988962
دکتر سعید طالب زاده بنکدار,doctors,doctor,doctors,True,False,35.7949304,51.4170088
مطب دکتر حسن راشکی اگزوزوم تراپی,doctors,doctor,doctors,True,False,35.7305773,51.4129971
مطب آلرژي دكتر سپيده داروگر,doctors,doctor,doctors,True,False,35.8120809,51.4633932
گروه روانپزشکی ویان مطب دکتر سامرند سلیمی مطب علامه,doctors,psychotherapist,doctors,True,False,35.7715159,51.3829297
دکتر علی فولادیان,doctors,doctor,doctors,True,False,35.6759456,51.2667056
کلینیک قلب دکتر شیخ,doctors,doctor,doctors,True,False,35.7221199,51.3322104
کلینیک روان شناسی تارا,doctors,doctor,doctors,True,False,35.7387051,51.4146272
آزمایشگاه خیریه موسوی کیانی,,laboratory,laboratory,True,False,35.6716297,51.4318161
مطب دکتر فاطمه دیانتی,doctors,doctor,doctors,True,False,35.6581621,51.3577752
مرکز تخصصی فیزیوتراپی دکتر جمهوری,doctors,doctor,doctors,True,False,35.8099834,51.4505108
طب سوزنی دکتر وحید قاسمی,doctors,doctor,doctors,True,False,35.7988703,51.4736877
مطب دکتر هدی سادات اعتمادزاده,doctors,doctor,doctors,True,False,35.7594214,51.4103969
مطب تخصصی دندانپزشکی دکتر آزاده خاجوی,doctors,doctor,doctors,True,False,35.8022019,51.4347472
مطب پوست مو و زیبایی,doctors,doctor,doctors,True,False,35.6564923,51.324588
مطب دکتر علی بختیاری متخصص جراحی پلاستیک,doctors,doctor,doctors,True,False,35.7768691,51.3655712
کلینیک سلامت پا کهن (اسکن کف پا،کفی طبی),clinic,clinic,clinic,True,False,35.7217031,51.3478364
مرکز گوارش دکتر اژیه,clinic,clinic,clinic,True,False,35.764892,51.3567612
مرکز لیزر دکتر فرزانه شیرازی,clinic,clinic,clinic,True,False,35.7648071,51.3567829
مرکز سرپایی درمان اختلالات مصرف مواد دکتر مومن خانی,clinic,clinic,clinic,True,False,35.7668172,51.4423936
دکتر رضا سیفی فلوشیپ  (فوق تخصص) قلب و عروق,doctors,doctor,doctors,True,False,35.7437393,51.404874
مطب پوست و زیبایی دکتر فاضله حیدریان,doctors,doctor,doctors,True,False,35.7955615,51.4485395
بهبود طب,doctors,doctor,doctors,True,False,35.7360938,51.4312194
رادیولوژی فک و صورت سانی تا,,laboratory,laboratory,True,False,35.7052397,51.2565133
مرکز خدمات جامع سلامت سعد دربند,clinic,clinic,clinic,True,False,35.8258075,51.4256472
مرکز روانشناسی دکتر سرافزازنسب,doctors,doctor,doctors,True,False,35.7551919,51.3340697
دکتر پونه یزدانی متخصص پوست مو زیبایی,doctors,doctor,doctors,True,False,35.7780386,51.3602861
مطب دکتر علیرضا رئوف,doctors,doctor,doctors,True,False,35.7713718,51.3805649
دکتر علیرضا رئوف,doctors,doctor,doctors,True,False,35.7712214,51.3805625
مطب سعادت آباد دکتر بهزاد محمودی نژاد,doctors,doctor,doctors,True,False,35.7833988,51.3806705
دکتر نیکا مجاهد یزدی,hospital,hospital,hospital,True,True,35.796707,51.4121023
کلینیک پرنسا,clinic,clinic,clinic,True,False,35.686576,51.2400082
کلینیک کاردرمانی و گفتاردرمانی نمو,clinic,clinic,clinic,True,False,35.7353951,51.4953496
دکتر سعیده عادلی متخصص قلب و واریس,doctors,doctor,doctors,True,False,35.7701783,51.3637123
کلینیک قلب کودکان و اکو جنین دکتر رضا مسیحی,clinic,clinic,clinic,True,False,35.7470111,51.4496373
مطب دکتر مهدی درزی,doctors,doctor,doctors,True,False,35.7848272,51.3737041
کلینیک دکتر بیتا ساقی,clinic,clinic,clinic,True,False,35.7679889,51.460788
درمانگاه بهراد,clinic,,clinic,True,False,35.7319361,51.333454
دکتر فاطمه متقی زاده  کلینیک جامع قلب و عروق آرام,clinic,clinic,clinic,True,False,35.7267018,51.4361358
ساختمان پزشکان جمهوری,clinic,clinic,clinic,True,False,35.6959054,51.3833432
کلینیک ماری,doctors,doctor,doctors,True,False,35.7206734,51.3531916
مطب دندانپزشکی دکتر آذر رئوفی,doctors,doctor,doctors,True,False,35.6990229,51.382297
مطب دکتر سپیده نیازی,doctors,doctor,doctors,True,False,35.7338164,51.3942032
دکتر محسن جواد زاده,doctors,doctor,doctors,True,False,35.7607036,51.4444538
مطب دکتر ابراهیم محمدنشتایی,doctors,doctor,doctors,True,False,35.7605704,51.4510904
دکتر مائده پورنصیر دندانپزشک،متخصص لثه و ایمپلنت,doctors,doctor,doctors,True,False,35.7807126,51.4630084
مرکز روانشناسی و مشاوره علیسا,doctors,doctor,doctors,True,False,35.766688,51.396217
مطب تخصصی زنان و زایمان دکتر مرضیه بهنام,doctors,doctor,doctors,True,False,35.7315305,51.5037694
کلینیک هومیوپاتی دکتر اخوان,doctors,doctor,doctors,True,False,35.7182123,51.4335003
مطب دکتر الهام کفایی,doctors,doctor,doctors,True,False,35.80786,51.4193691
مرکز پزشکی هسته ای رازی,,clinic,clinic,True,False,35.6918793,51.4805465
مطب تغذیه دکتر حسنی,doctors,doctor,doctors,True,False,35.7696983,51.3588289
دکتر حمیده طهماسبی بروجنی,doctors,doctor,doctors,True,False,35.7824615,51.3762734
دندانپزشکی دکتر علی والیانی,doctors,doctor,doctors,True,False,35.7174432,51.3893526
دکتر محمد حسن باقری فوق تخصص جراحی پلاستیک و زیبایی,doctors,doctor,doctors,True,False,35.7385775,51.2433054
مطب دکتر فروزان بلوری جراح و متخصص زنان و زایمان,doctors,doctor,doctors,True,False,35.6345176,51.3814314
دکتر سعید ساعدی,doctors,doctor,doctors,True,False,35.7848748,51.3747395
دکترسید حسین آقامیری مغز و اعصاب,doctors,doctor,doctors,True,False,35.7990237,51.4417146
مرکز روانشناسی و نوروفیدبک طناز یوسفی,doctors,doctor,doctors,True,False,35.773044,51.4202358
كلينيك رشد پويا (طيبى),doctors,doctor,doctors,True,False,35.8032075,51.4732642
کلینیک زیبایی ملل,doctors,doctor,doctors,True,False,35.726492,51.5228936
آزمایشگاه صدرآزما,,laboratory,laboratory,True,False,35.6506693,51.451352
مطب دندانپزشکی خصوصی دکتر منصور تبریزی نیا,doctors,doctor,doctors,True,False,35.7995128,51.4412407
دکتر مسعود نوری  سلامتی و زیبایی,doctors,doctor,doctors,True,False,35.8004078,51.4824292
مطب پزشکی دکتر سعید ساعدی,doctors,doctor,doctors,True,False,35.7776835,51.3588952
مرکز سلامت نسیم,clinic,clinic,clinic,True,False,35.7881418,51.3678963
ساختمان پزشکان سرو,clinic,clinic,clinic,True,False,35.781747,51.3731949
دندانپزشكى دكتر خانبانى,doctors,doctor,doctors,True,False,35.7966517,51.4342333
آزمایشگاه پاتوبیولوژی و ژنتیک اوستا,,laboratory,laboratory,True,False,35.7236223,51.41423
مطب دکتر مهسا رکابی,doctors,doctor,doctors,True,False,35.7939108,51.4509105
کلینیک دامپزشکی دکتر پرکار,hospital,hospital,hospital,True,True,35.7366262,51.3377365
کلینیک زیبایی لیوسا,clinic,clinic,clinic,True,False,35.7688414,51.4765913
مطب دکتر سعدآبادی,doctors,doctor,doctors,True,False,35.7355379,51.3410605
کلینیک زیبایی دکتر رضا امید,doctors,doctor,doctors,True,False,35.7678245,51.4614081
متخصص اطفال (دکتر فاطمه طبسی ),doctors,doctor,doctors,True,False,35.6499397,51.4761331
مطب پزشکی,doctors,doctor,doctors,True,False,35.7487053,51.4094178
کلینیک ویستریا,clinic,clinic,clinic,True,False,35.7657404,51.354877
سونوگرافي آلستوم (دكتر شهاب مهاجر شيرواني),doctors,doctor,doctors,True,False,35.7202894,51.355822
مطب دکتر سیده غنچه لنگری,doctors,doctor,doctors,True,False,35.7806251,51.4623486
فیزیوتراپی کیان,doctors,doctor,doctors,True,False,35.738996,51.4957163
دکتر سید حسن مهدوی,doctors,doctor,doctors,True,False,35.7431925,51.5318267
فیزیوتراپی مریم درستی,doctors,doctor,doctors,True,False,35.7578771,51.3046096
مطب دکتر عسل پرورش جراح دندانپزشک,doctors,doctor,doctors,True,False,35.7862088,51.4248124
مطب دندانپزشکی دکتر آرین صدری,doctors,doctor,doctors,True,False,35.7779411,51.4777755
راضیه فرقانی کارشناس بیماریهای زنان ومامایی,clinic,clinic,clinic,True,False,35.6346734,51.4217403
مطب دکتر نازنین سلطانی جراح و متخصص زنان,doctors,doctor,doctors,True,False,35.7831911,51.3821822
Dr. Raoufi,clinic,clinic,clinic,True,False,35.7030477,51.4303492
دکتر وحید دهستانی,doctors,doctor,doctors,True,False,35.7299521,51.4269469
دکتر سارا فرهادی متخصص کودکان,doctors,doctor,doctors,True,False,35.7786203,51.4893933
دکتر محسن نبیونی,doctors,doctor,doctors,True,False,35.7583906,51.3616618
مرکز درمان در منزل درمان تو,clinic,clinic,clinic,True,False,35.7585306,51.4125079
نسیم پرتو (دکتر آسیه رضوانی),clinic,clinic,clinic,True,False,35.7118208,51.4045601
دکتر‌قادری پوست‌زیبایی فیزیوتراپی پندار,doctors,doctor,doctors,True,False,35.7838689,51.3664656
کلینیک کاردرمانی فرناز فرشچی,clinic,clinic,clinic,True,False,35.7273445,51.4172715
کلینیک زیبایی دکتر عبدل زاده,doctors,doctor,doctors,True,False,35.7699924,51.4179188
کلینیک قلب عروق و واریس دکتر هومن محمودی,doctors,doctor,doctors,True,False,35.7868526,51.4217809
دکتر فراز سلیمانی,doctors,doctor,doctors,True,False,35.7684657,51.2918745
دکتر سید نوید حسینی فر پزشک متخصص جراح عمومی,doctors,doctor,doctors,True,False,35.7024577,51.3863887
کلینیک دندان پزشکی سرو بین الملل (شعبه فرشته),clinic,clinic,clinic,True,False,35.7865483,51.4275054
دکتر  علی یزدان پرست فلو شیپ طب سوزنی ، توانبخشی,doctors,doctor,doctors,True,False,35.7099864,51.4740556
دکتر شفیعه امامیان (زیبایی),doctors,doctor,doctors,True,False,35.7985286,51.4752456
مرکز کاردرمانی و گفتاردرمانی کورتکس,doctors,hospital,doctors,True,False,35.7576652,51.315948
Hosseinian Dental Clinic,clinic,clinic,clinic,True,False,35.7486384,51.4120164
دکتر احمدی مقدم,doctors,doctor,doctors,True,False,35.7459735,51.4115149
آزمایشگاه تشخیص پزشکی دکتر مراد سوری,,laboratory,laboratory,True,False,35.7119305,51.4505246
مطب دندانپزشکی دکتر رضا محمدپورقمری,doctors,doctor,doctors,True,False,35.6812551,51.3732113
Dr. pouya Moshkdar,doctors,doctor,doctors,True,False,35.759327,51.4449066
مطب دکتر پرچکانی,doctors,doctor,doctors,True,False,35.7390089,51.283814
مطب دکتر مریم موسی وند درمان اسکار,doctors,doctor,doctors,True,False,35.7656809,51.4184044
کلینیک زیبایی و دندانپزشکی مهرگان,doctors,doctor,doctors,True,False,35.7066239,51.3159272
کلینیک دکتر سید بهروز امامی,doctors,doctor,doctors,True,False,35.7700057,51.3951046
مطب چشم پزشکی دکتر رحیمه گنجی اناری,doctors,doctor,doctors,True,False,35.6785755,51.3577275
دکتر بهناز شادافزا متخصص قلب و عروق,doctors,doctor,doctors,True,False,35.7474625,51.4120796
دکتر مهدی نیکوبخت,doctors,doctor,doctors,True,False,35.7542022,51.3963162
گروه تخصصی فک و صورت دکتر بهاری,clinic,clinic,clinic,True,False,35.7714447,51.3557894
کلینیک ساختمانی ذوالفقاری,clinic,clinic,clinic,True,False,35.7547717,51.3996619
کلینیک شنوایی و تعادل و سمعک فرمانیه,clinic,clinic,clinic,True,False,35.7990554,51.4726691
دکتر آناهیتا اکبری (زنان و زایمان),doctors,doctor,doctors,True,False,35.7630748,51.4353266
مرکز پوست و مو و زیبایی جماران,doctors,doctor,doctors,True,False,35.8166996,51.4592095
دکترساناز گودرزی,doctors,doctor,doctors,True,False,35.7779853,51.4437174
کلینیک فوق تخصصی زیبایی ساباط,clinic,clinic,clinic,True,False,35.7866419,51.4243263
کلینیک ارتوپدی فنی آرامیس طب,clinic,clinic,clinic,True,False,35.7219049,51.3381124
دکتر شهلا مشاغی متخصص کودکان,doctors,doctor,doctors,True,False,35.722866,51.3895435
مرکز درمان در منزل جهاد دانشگاهی علوم پزشکی تهران,clinic,clinic,clinic,True,False,35.698495,51.4002843
کلینیک دندانپزشکی جهاد دانشگاهی علوم پزشکی تهران,clinic,clinic,clinic,True,False,35.6992131,51.400049
دکتر مهریار خسروشاهی دیابتولوژیست,doctors,doctor,doctors,True,False,35.7722542,51.3531519
مطب روانپزشکی دکتر فرزانه,doctors,doctor,doctors,True,False,35.7574819,51.4137414
مطب دکتر ناصر علیزاده,doctors,doctor,doctors,True,False,35.7266301,51.3233154
دکتر شیارکار جراح و متخصص بیماری‌های چشم,doctors,doctor,doctors,True,False,35.7535331,51.4806448
مطب روان‌کاوی سلمان جلالی,doctors,doctor,doctors,True,False,35.7236518,51.3151125
کلینیک لاغری دکتر کاظمی,clinic,clinic,clinic,True,False,35.7710223,51.366996
مطب دکتر علیرضا نجف,doctors,doctor,doctors,True,False,35.7206305,51.3892475
دکتر مجید ناصرخاکی متخصص پروتزهای دندانی و ایمپلنت,doctors,doctor,doctors,True,False,35.7669742,51.4413275
كلينيك زيبايي درناز,clinic,clinic,clinic,True,False,35.7699693,51.3584811
دندانپزشکی نیکان,clinic,clinic,clinic,True,False,35.7258686,51.4357051
کلینیک روانشناسی سبک زندگی,clinic,clinic,clinic,True,False,35.7617721,51.4682544
مطب دندانپزشکی کودکان دکتر مریم فروزانمهر,clinic,clinic,clinic,True,False,35.6873118,51.3736948
مطب دکتر پیمان کاظمی,doctors,doctor,doctors,True,False,35.7592348,51.4111696
ساختمان پزشکان کالج,clinic,clinic,clinic,True,False,35.7890787,51.4594072
مطب دکتر علی رضاپور فوق تخصص عفونی اطفال,doctors,doctor,doctors,True,False,35.7617712,51.4441722
درمانگاه شبانه روزی دکتر صفائیان,clinic,clinic,clinic,True,False,35.7356843,51.4406116
دکتر انوشه اسدی,doctors,doctor,doctors,True,False,35.7407517,51.5331343
مطب تغذیه و رژیم درمانی بهاره آقایی,clinic,clinic,clinic,True,False,35.786679,51.4242104
مرکز دندانپزشکی دکتر علی ستوده,doctors,doctor,doctors,True,False,35.7525429,51.5096484
دکتر رضا پیرهادی,doctors,doctor,doctors,True,False,35.7288701,51.5202963
پزشک متخصص زنان  فلوشیپ لاپاراسکوپی دکتر اتوسا قاسمی,doctors,doctor,doctors,True,False,35.7356871,51.3390653
کلینیک پزشکی زیبایی دکتر ملینا پورکاظمی,doctors,doctor,doctors,True,False,35.803055,51.4345879
دکتر شادی احدی فر ( روانشناس و بازیگر),doctors,doctor,doctors,True,False,35.7557014,51.3331987
مطب دکتر سعید انتظاری,doctors,doctor,doctors,True,False,35.7703469,51.3629076
شفا صحت آزما,,laboratory,laboratory,True,False,35.7198519,51.4948829
مطب دکتر سیامک فائز,hospital,hospital,hospital,True,True,35.7231339,51.4231328
unnamed,doctors,clinic,doctors,True,False,35.7229965,51.423176
unnamed,hospital,hospital,hospital,True,True,35.7228031,51.4234543
کلینیک زیبایی یروشا,clinic,clinic,clinic,True,False,35.8190189,51.4914316
مطب دکتر محمد مجیدی,doctors,doctor,doctors,True,False,35.8077081,51.419527
کلینیک درمان واریس,doctors,doctor,doctors,True,False,35.7946792,51.434813
مطب دندانپزشکی دکتر مجید بهنام تقی پور,doctors,doctor,doctors,True,False,35.7652217,51.4346622
مرکز چکاپ هوشمند و جوانسازی ریترن,clinic,clinic,clinic,True,False,35.7699891,51.4403096
آزمایشگاه پاتوبیولوژی نوید سلامت,,laboratory,laboratory,True,False,35.7315532,51.4837298
کلینیک زیبایی دیورا,clinic,clinic,clinic,True,False,35.7906977,51.4213611
کلینیک تخصصی ارتوپدی فنی رجبی راد,clinic,clinic,clinic,True,False,35.7074732,51.3907532
مطب دندانپزشکی دکتر امید شهباز زاده,doctors,doctor,doctors,True,False,35.7685956,51.4197644
کلینیک زیبایی سمیه فلاح,doctors,doctor,doctors,True,False,35.6734607,51.3805025
دکتر کامران داودی راد,doctors,doctor,doctors,True,False,35.7169998,51.4154192
مرکز مشاوره و رواندرمانی خانه نیکان,clinic,clinic,clinic,True,False,35.7631494,51.4440181
مطب دکتر اشکان حاجی مصطفی زاده,doctors,doctor,doctors,True,False,35.800359,51.4825887
ساختمان پزشکی پارس,clinic,clinic,clinic,True,False,35.7316113,51.4596373
کلینیک تغذیه دکتر یگانه کیان,doctors,doctor,doctors,True,False,35.7711217,51.3669365
شفا کلینیک,clinic,,clinic,True,False,35.7080863,51.3888209
دکتر حمیدرضا بدیهی,doctors,clinic,doctors,True,False,35.7374273,51.5561933
Turan Hearing Aid Center,hospital,hospital,hospital,True,True,35.7417034,51.5326919
ساختمان میلاد,clinic,clinic,clinic,True,False,35.6569915,51.3678383
ازمایشگاه تشخیص طبی رایت,,laboratory,laboratory,True,False,35.6791524,51.4012244
دکتر علاء طهرانی فوق تخصص ریه,doctors,,doctors,True,False,35.6920177,51.4647596
کلینیک اریتمی دکتر امیر طاووسی,doctors,doctor,doctors,True,False,35.7520179,51.4109308
دکتر مریم شاه حسینی,doctors,doctor,doctors,True,False,35.7999922,51.4504124
مطب آقای دکتر سالار باغبانی,doctors,doctor,doctors,True,False,35.7391696,51.5931972
موسسه رادیولوژی و سونوگرافی دی,clinic,,clinic,True,False,35.6581611,51.3576834
مطب دکتر عبداله بهرامی متخصص قلب وعروق,doctors,doctor,doctors,True,False,35.6944755,51.2418033
مطب دکتر عابدی,doctors,doctor,doctors,True,False,35.7483507,51.3036951
مطب زیبایی دکتر رعنا هاشمی,doctors,doctor,doctors,True,False,35.7289611,51.4136049
كلینیك رادیولوژی و سونوگرافی مهر,clinic,clinic,clinic,True,False,35.751728,51.2883074
مطب دکتر دیناگل دربر متخصص داخلی,doctors,doctor,doctors,True,False,35.6975385,51.3661052
مطب ارتوپدی دکتر سالار باغبانی,doctors,doctor,doctors,True,False,35.7270797,51.3792286
درمانگاه کریمهٔ اهل بیت,clinic,,clinic,True,False,35.689719,51.3907752
Moukaran Hair Clinic,clinic,,clinic,True,False,35.7584869,51.4080708
دکتر مریم علی اکبر متخصص زنان,doctors,doctor,doctors,True,False,35.7828379,51.3761351
درمانگاه شبانه روزی سهند ( فتح الله زاده),clinic,clinic,clinic,True,False,35.6316371,51.3751678
دکتر مرضیه میری,doctors,,doctors,True,False,35.6905485,51.4580036
دکتر زهرامعصومی متخصص  زنان,doctors,doctor,doctors,True,False,35.6871699,51.3696717
کلینیک زیبایی استارلت,clinic,clinic,clinic,True,False,35.8088005,51.4154426
مطب دکتر حمیدرضا فاتح,doctors,doctor,doctors,True,False,35.7239309,51.4069644
دکتر مهدیه یوسفی,doctors,doctor,doctors,True,False,35.7550549,51.3039187
کلینیک پوست و مو آوینا,doctors,doctor,doctors,True,False,35.7550003,51.4123633
مطب پوست و مو زیبایی دکتر ملیحه عسگری,doctors,doctor,doctors,True,False,35.7564022,51.4506241
مطب دکتر محدثه داوری دهان و دندانپزشکی,doctors,doctor,doctors,True,False,35.7773072,51.4188608
دکتر پریسا ارجمندی,doctors,doctor,doctors,True,False,35.7489551,51.4501284
مطب دکتر مهدی حسن آبادی,doctors,,doctors,True,False,35.7118017,51.4023307
کلینیک دکتر عاطفه لارتی متخصص طب فیزیکی ستون فقرات و مفاصل,doctors,doctor,doctors,True,False,35.8077854,51.4412471
مرکز تغذیه و رژیم درمانی کیمیا,doctors,doctor,doctors,True,False,35.721286,51.4278713
دکتر ثریا موحد,doctors,doctor,doctors,True,False,35.7712793,51.378128
کلینیک روانشناسی روان الماس,doctors,psychotherapist,doctors,True,False,35.7635574,51.3044488
دکترغلامرضا موسوی مجد,doctors,doctor,doctors,True,False,35.7587465,51.4132234
کلینیک بایورزونانس ایران طب,clinic,clinic,clinic,True,False,35.7782962,51.3599947
مطب دکتر علی نریمانیENT,doctors,doctor,doctors,True,False,35.7680716,51.4603612
درمانگاه لرزاده,hospital,hospital,hospital,True,True,35.6642259,51.4394881
فیزیوتراپی شمس,doctors,doctor,doctors,True,False,35.741613,51.5468869
کلینیک دکتر محمدپور,clinic,clinic,clinic,True,False,35.8172136,51.4809171
مطب دکتر علیرضا جلیل زاده خویی,doctors,doctor,doctors,True,False,35.7390338,51.4092364
دکتر شهاب آفرینگاه,doctors,doctor,doctors,True,False,35.7987515,51.4607129
مطب دادمان,doctors,doctor,doctors,True,False,35.765879,51.3594338
کلینیک زیبایی فارال اسکین,doctors,doctor,doctors,True,False,35.7393739,51.4950574
رادیولوژی و سونوگرافی رسا,doctors,doctor,doctors,True,False,35.6912099,51.4721824
کلینیک دندان پزشکی هما,hospital,clinic,hospital,True,True,35.7761624,51.4229305
مطب دکتر سمیرا ازقندی,doctors,doctor,doctors,True,False,35.7820113,51.3764705
پزشکی هسته ای دکتر نقشینه,clinic,clinic,clinic,True,False,35.7559859,51.3267654
رادیولوژی فک و صورت نورا پرتو,doctors,doctor,doctors,True,False,35.7499662,51.4497821
آزمایشگاه پاتوبیولوژی لی لی,,laboratory,laboratory,True,False,35.7990384,51.4419392
دکتر علی فرهودی,doctors,doctor,doctors,True,False,35.7607523,51.4191283
طبابت داخلی کلیه و فشارخون دکتر حمید پیراسته,doctors,doctor,doctors,True,False,35.7472466,51.4110788
کلینیک رزانا,doctors,doctor,doctors,True,False,35.7698241,51.4179773
مطب دکتر علی یوسفی اودرجی,doctors,doctor,doctors,True,False,35.7614937,51.462079
مطب دکتر معصومه زینلیان,doctors,doctor,doctors,True,False,35.7090762,51.2792456
کلینیک لاغری ماهسان,clinic,clinic,clinic,True,False,35.7836029,51.3664873
شرکت داروسازی پارس حیان,,laboratory,laboratory,True,False,35.7720714,51.4203978
دکتر یلدا پورحسن متخصص زنان و زایمان و نازایی,doctors,doctor,doctors,True,False,35.7583175,51.3619418
کلینیک مشاوره اتاق ابی,doctors,doctor,doctors,True,False,35.7551746,51.2598845
دکتر سمیرا نوردی فلوشیپ ام اس,doctors,doctor,doctors,True,False,35.7579809,51.450715
مشاوره‌ روانشناسی وتحصیلی,doctors,doctor,doctors,True,False,35.7997069,51.4464287
مطب زیبایی دکتر نغمه دهقانیان,doctors,doctor,doctors,True,False,35.7628916,51.4427495
رادیولوژی و سونوگرافی آریا,clinic,clinic,clinic,True,False,35.7227892,51.3287473
مرکز تخصصی ارتوپدی فنی طارمی,clinic,clinic,clinic,True,False,35.742062,51.4528878
سکینه بهبودی کارشناس ارشد مامایی,doctors,doctor,doctors,True,False,35.7233159,51.328839
کلینیک مدرن,clinic,clinic,clinic,True,False,35.7324023,51.3561232
دکتر فاطمه شعبانی متخصص مغز و اعصاب,doctors,doctor,doctors,True,False,35.7221358,51.3322996
مطب دکترفرید عاملی,doctors,doctor,doctors,True,False,35.723248,51.4234888
کلینیک مدیسا سعادت آباد,doctors,doctor,doctors,True,False,35.7779503,51.3598359
ساختمان پزشکان المپیک,clinic,clinic,clinic,True,False,35.7459448,51.2628906
مطب دکتر فضلی فوق تخصص گوارش و کبد,doctors,doctor,doctors,True,False,35.7654305,51.3615605
دکتر سجاد محمدی,doctors,doctor,doctors,True,False,35.7797748,51.366338
دکتر هاجر تندگویان,doctors,doctor,doctors,True,False,35.7603928,51.4508974
آزمایشگاه دکتر ناجی,,laboratory,laboratory,True,False,35.751928,51.3041796
دکتر پریسا پورفرزانه,doctors,doctor,doctors,True,False,35.8207619,51.4338795
گروه پزشكى باور | Bavar Medical Group,doctors,doctor,doctors,True,False,35.7975159,51.4101968
مطب دکتر هادی آمالی,doctors,doctor,doctors,True,False,35.7602417,51.4141067
دکتر فریبرز عزیزی,doctors,doctor,doctors,True,False,35.6923334,51.4816944
مرکز مشاوره ساجد,doctors,doctor,doctors,True,False,35.7661663,51.3401773
دکتر غلامحسین رضاپور,doctors,doctor,doctors,True,False,35.7633487,51.4117618
کلینیک تخصصی زیبائی دکتر اکرم کریمیار,doctors,doctor,doctors,True,False,35.6372973,51.404622
طب سوزنی هستیا,clinic,clinic,clinic,True,False,35.7920542,51.4167351
دکتر سعيد اوسطي - دکترای تخصصی تغذیه,doctors,doctor,doctors,True,False,35.778393,51.3618201
آزمایشگاه تشخیص پزشکی پورسینا,,laboratory,laboratory,True,False,35.7591694,51.3121437
دکتر مانا رضایی مشاوره کودک و فرزندپروری,clinic,clinic,clinic,True,False,35.7823772,51.4144767
مطب دکتر مروارید احمدبیگی,doctors,doctor,doctors,True,False,35.7563414,51.4487214
دکتر زهرا اعمرائی,doctors,doctor,doctors,True,False,35.7380948,51.4788326
کلینیک آفتاب مرکز تخصصی پوست و مو و زیبایی,clinic,clinic,clinic,True,False,35.7510368,51.3278008
کلینیک درماژن,clinic,clinic,clinic,True,False,35.7780077,51.3601278
سونوگرافی ماموگرافی الزهرا,doctors,doctor,doctors,True,False,35.7180471,51.438271
دکتر محمدصادق حق‌پرست چشم‌پزشک,doctors,doctor,doctors,True,False,35.7985848,51.4407451
مطب پوست و مو دکتر ویدا شکیبا,doctors,doctor,doctors,True,False,35.8087242,51.4157432
كلينيك تخصصي پوست و زيبايي دكتر  فروردين,clinic,clinic,clinic,True,False,35.8062729,51.4715257
کلینیک زخم ابرا,clinic,clinic,clinic,True,False,35.6980175,51.2645644
دکتر علی حاجب,doctors,doctor,doctors,True,False,35.7752547,51.4638673
مطب روانشناسی سارا رشیدی,doctors,doctor,doctors,True,False,35.7926387,51.4180858
دکتر سارا اسماعیلوندی,doctors,doctor,doctors,True,False,35.7532645,51.263682
مطب دکتر مهرناز میرزایی,doctors,doctor,doctors,True,False,35.7537427,51.3662196
درمانگر زهرا نوشاد,doctors,doctor,doctors,True,False,35.7666536,51.4431299
مطب روان پزشکی دکتر علی نیک جو,doctors,doctor,doctors,True,False,35.7601197,51.441782
دکتر صالحیان جراح عمومی و عروق,doctors,doctor,doctors,True,False,35.7668199,51.4409634
مرکز مشاوره و ارائه خدمات پرستاری نشاط زندگی در منزل,doctors,doctor,doctors,True,False,35.6990235,51.3916419
آزمایشگاه پاتوبیولوژی و ژنتیک جردن,,laboratory,laboratory,True,False,35.7612197,51.4195045
fasdekhooncenter.com,hospital,hospital,hospital,True,True,35.7618688,51.4597708
دکتر علی شهابی,doctors,doctor,doctors,True,False,35.7775823,51.3589666
مطب دکتر هنگامه روحتافی,doctors,doctor,doctors,True,False,35.7255465,51.3358471
دکتر علی اصغر باباجانی,doctors,doctor,doctors,True,False,35.7588395,51.4132518
کلینیک آسمان,clinic,clinic,clinic,True,False,35.7755123,51.364347
مطب دکتر مهتاب آروان,doctors,doctor,doctors,True,False,35.7895391,51.3747648
مطب دکتر وحدت زنبوری- فوق تخصص غدد,doctors,doctor,doctors,True,False,35.7792735,51.4447057
دکتر بابک کشوری,doctors,doctor,doctors,True,False,35.7264098,51.4136741
دکتر مائده عابدین زاده,doctors,doctor,doctors,True,False,35.7706698,51.3745403
کلینیک نسیمی,clinic,clinic,clinic,True,False,35.7437515,51.3128923
مرکز تخصصی اکوکاردیوگرافی قلب جنین و کودک,hospital,hospital,hospital,True,True,35.6974337,51.4375592
مرکز اکو قلب جنین و کودک,doctors,doctor,doctors,True,False,35.6974088,51.4376996
مطب دکتر باقر افشار,doctors,doctor,doctors,True,False,35.7797111,51.4494481
unnamed,clinic,clinic,clinic,True,False,35.6953749,51.4774998
مرکز پزشکی تخصصی کودکان رویش,clinic,clinic,clinic,True,False,35.7716858,51.3823922
درمان درمنزل همراز,clinic,clinic,clinic,True,False,35.6997787,51.3902043
مطب دکتر دامون طاهرزاده,doctors,doctor,doctors,True,False,35.7653988,51.4420517
کلینیک زیبایی آرو,doctors,doctor,doctors,True,False,35.8021784,51.433978
مرکز اکوکاردیوگرافی قلب جنین و کودک,doctors,doctor,doctors,True,False,35.7255041,51.4193661
مطب پوست و مو  دکتر شعله,doctors,doctor,doctors,True,False,35.7572092,51.4497748
مطب دکتر زهرا استیلاف,doctors,doctor,doctors,True,False,35.7591433,51.4416765
مطب چشم پزشکی دکتر علی ایزدی,doctors,doctor,doctors,True,False,35.7680591,51.411956
مطب دکتر سهیلا درزی خلردی,doctors,doctor,doctors,True,False,35.6912629,51.4721204
دکتر مستان شقاقی متخصص زیبایی,doctors,doctor,doctors,True,False,35.7765814,51.3653179
ترک اعتیاد آینه,clinic,clinic,clinic,True,False,35.6987666,51.2548573
کلینیک روانشناسی و مشاوره بلوم,doctors,doctor,doctors,True,False,35.7911112,51.4567257
مرکز درمان اعتیاد نیلوپر,clinic,clinic,clinic,True,False,35.7367038,51.432593
کلینیک زیبایی سپید,doctors,doctor,doctors,True,False,35.7564501,51.4496989
مطب دکتر مرتضی رضیعی,doctors,doctor,doctors,True,False,35.734154,51.3545608
مرکز ارتوپدی فنی پایتخت,doctors,doctor,doctors,True,False,35.7220554,51.3323866
آزمایشگاه تشخیص طبی طبیب,doctors,doctor,doctors,True,False,35.6918216,51.4437749
رادیولوژی دکتر مهسا افقهی,doctors,doctor,doctors,True,False,35.749632,51.3036337
بهترین دکتر کانتورینگ پروفایلو استراکچرا,doctors,doctor,doctors,True,False,35.8068334,51.4715995
كلينيك دكتر مهدوي نيا,doctors,doctor,doctors,True,False,35.7980644,51.4215486
دکتر فربد امامی یگانه جراح چاقی,doctors,doctor,doctors,True,False,35.7629258,51.4427362
مطب دکتر سید امیر حامد همراهیان پزشک عمومی,doctors,doctor,doctors,True,False,35.7377427,51.4323267
دکتر محمدتقی جعفری,doctors,doctor,doctors,True,False,35.7460302,51.5355829
مطب چشم پزشکی فوق تخصصی شبکیه,doctors,doctor,doctors,True,False,35.7579455,51.4439275
کلینیک تخصصی پوست و مو و لیزر مهرآوه,doctors,doctor,doctors,True,False,35.8057733,51.4400405
درمانگاه شبانه‌روزی شهید مهدوی,clinic,,clinic,True,False,35.7395393,51.4752951
کلینیک زیبایی بلوط,doctors,doctor,doctors,True,False,35.6023381,51.4375391
آزمایشگاه پاتوبیولوژی عماد,,laboratory,laboratory,True,False,35.7234511,51.4241923
موسسه پزشکی نسل امید,clinic,,clinic,True,False,35.7539352,51.4145726
بیمارستان فوق‌تخصصی چشم آفتاب,hospital,hospital,hospital,True,True,35.7573581,51.2696629
درمانگاه شبانه روزی ماهان,clinic,,clinic,True,False,35.7770778,51.3557088
کلینیک فیزیوتراپی فرشته,hospital,hospital,hospital,True,True,35.7923509,51.4174712
مطب دکتر نیما رضائی پزشک زیبایی,doctors,doctor,doctors,True,False,35.7975327,51.4080924
مطب دکتر لیلا فرد ( مجموعه پوست، مو و لیزر ),doctors,doctor,doctors,True,False,35.8008787,51.4523646
درمانگاه شبانه روزی طوبی,clinic,,clinic,True,False,35.6868345,51.4741015
درمانگاه طب الرضا,clinic,,clinic,True,False,35.680151,51.4881872
کلینیک پایتخت,clinic,,clinic,True,False,35.7576638,51.4066628
چشم پزشکی روشن,clinic,clinic,clinic,True,False,35.6769623,51.3601299
مجتمع پزشکی اقاقیا,doctors,,doctors,True,False,35.748331,51.2340492
مرکز تصویربرداری پایتخت,clinic,,clinic,True,False,35.7592015,51.4365184
درمانگاه و کلینیک نارون,clinic,,clinic,True,False,35.6755505,51.4858456
دکتر سید مجتبی علوی,doctors,doctor,doctors,True,False,35.7801984,51.4605673
مرکز لیزر کندلا,doctors,doctor,doctors,True,False,35.6976774,51.3663129
مطب دكتر ایفا اعتصامی  متخصص پوست مو لیزر و زیبایی,doctors,doctor,doctors,True,False,35.7557854,51.4101279
دندانپزشکی دکتر نسیم خداداد,clinic,clinic,clinic,True,False,35.7269314,51.5028554
کلینیک نورسا,,hospital,hospital,True,True,35.7836876,51.3615958
کلینیک دندانپزشکی ژاو,clinic,clinic,clinic,True,False,35.7694698,51.3644388
کلینیک تخصصی دندانپزشکی دکتر بغدادی,clinic,clinic,clinic,True,False,35.7652202,51.3585253
دکتر فرزانه گلفام,doctors,doctor,doctors,True,False,35.7798821,51.363857
کلینیک گوارش و کبد حامی,clinic,clinic,clinic,True,False,35.7319226,51.4172454
ماما عاطفه طاهری,doctors,doctor,doctors,True,False,35.7679033,51.4605042
مشاور خانواده و زوج درمانگر حمیلا بخشی,doctors,doctor,doctors,True,False,35.718112,51.414013
سلامت محور لیان,doctors,doctor,doctors,True,False,35.6557489,51.3535427
آزمایشگاه پزشکی,,laboratory,laboratory,True,False,35.6902033,51.4471556
مرکز آب درمانی و حرکات اصلاحی دکتر گلشنی,doctors,doctor,doctors,True,False,35.75795,51.4398935
کلینیک فوق تخصصی قلب جنین و کودک دکتر همتیان,doctors,doctor,doctors,True,False,35.7080148,51.3883464
دکتر علی دادرس,hospital,hospital,hospital,True,True,35.7957769,51.4422974
دکتر علی دادرس,hospital,hospital,hospital,True,True,35.7957976,51.4421908
مطب جراحی دهان فک و صورت دکتر امان اله قاسم زاده,doctors,doctor,doctors,True,False,35.7569053,51.4423271
درمانگاه خیریه ابا صالح,clinic,,clinic,True,False,35.7898365,51.4181688
فیزیوتراپی غرب تهران (رئیسی),doctors,doctor,doctors,True,False,35.6745884,51.3385789
مرکز مشاوره تخصصی تفکر,doctors,doctor,doctors,True,False,35.7329929,51.1657487
آزمایشگاه آنلاین هلپینا,,laboratory,laboratory,True,False,35.7413065,51.3025815
آزمایشگاه تشخیص طبی تکین(نظام مافی),,laboratory,laboratory,True,False,35.7412614,51.3025459
کلینیک زیبایی دکتر صادقی,doctors,doctor,doctors,True,False,35.7142382,51.3037653
هوپ کلینیک,clinic,clinic,clinic,True,False,35.7627755,51.4120362
مطب پزشکی و خدمات زیبایی دکتر فرشاد فتحی,doctors,doctor,doctors,True,False,35.7578457,51.2247678
دندانپزشکی دکتر میلاد پناهگاهی,clinic,clinic,clinic,True,False,35.7459901,51.4114117
مطب دکتر نوشین پیروی,doctors,doctor,doctors,True,False,35.7550048,51.3338006
مطب چشم پزشکی دکتر سیامک مرادیان,doctors,doctor,doctors,True,False,35.7687698,51.4626628
مطب دکتر حنانه عظیمی کلینیک حنان,clinic,clinic,clinic,True,False,35.7856951,51.3734008
تغذیه و طب ورزش دکتر طالاری,doctors,doctor,doctors,True,False,35.7354618,51.4953441
مرکز سونوگرافی مدآل (خانم دکتر دیدار شمالی),doctors,doctor,doctors,True,False,35.7962344,51.4434487
دکتر علیرضا پاکدل - اورولوژیست,doctors,doctor,doctors,True,False,35.7724995,51.4375194
مطب دندانپزشکی آرمان,doctors,doctor,doctors,True,False,35.7712186,51.3801999
کلینیک فوق تخصصی قلب و عروق دکتر الهام هوشمند,doctors,doctor,doctors,True,False,35.7599168,51.3301688
مطب پوست و لیزردکتر محمد ابراهیم رفیعی,doctors,doctor,doctors,True,False,35.8058564,51.3997866
دکتر تورج واله متخصص غدد,doctors,doctor,doctors,True,False,35.7572458,51.4481783
مطب دکتر سلطانی متخصص زنان زایمان و نازایی,doctors,doctor,doctors,True,False,35.7381769,51.3266836
دکتر پریسا صمیمی جراح انکوپلاستیک پستان,doctors,doctor,doctors,True,False,35.7223654,51.4002907
مطب روان‌شناسی روان‌نما,clinic,clinic,clinic,True,False,35.7220258,51.4074989
دندانپزشکی دکتر مهدی ملائی,clinic,clinic,clinic,True,False,35.770205,51.4400899
مطب تخصصی پزشکی مشاوره پزشکی,doctors,doctor,doctors,True,False,35.7060015,51.3530834
آزمایشگاه دنیا,,laboratory,laboratory,True,False,35.7675628,51.4213982
مطب دکتر کیانیان,clinic,clinic,clinic,True,False,35.7823376,51.4144977
گفتاردرمانی و کاردرمانی آریا,clinic,clinic,clinic,True,False,35.7227929,51.3298216
کلینیک قلب و عروق و درمان واریس دکتر وحید دودمان,doctors,doctor,doctors,True,False,35.7786221,51.3609149
کلینیک جامع توانبخشی وحدت,clinic,clinic,clinic,True,False,35.7645236,51.4723225
مطب دندانپزشکی دکتر ابوالفضل صبوری,doctors,doctor,doctors,True,False,35.729699,51.4371902
مطب دکتر غزاله بزرگی نامی,doctors,doctor,doctors,True,False,35.7694177,51.4199766
دکتر فرزاد نوری  جراح  فک و صورت,doctors,doctor,doctors,True,False,35.7711253,51.4151184
کلینیک چشم پزشکی دکتر محمدرضا زرین,doctors,doctor,doctors,True,False,35.720206,51.3590484
مطب رژیم درمانی آیدا حسینی,clinic,clinic,clinic,True,False,35.7067973,51.3045671
شنوایی سنجی و سمعک سعادت,doctors,doctor,doctors,True,False,35.782049,51.3761101
مطب دکتر آیسان رحیمی نیا,,doctor,doctor,True,False,35.7839881,51.3664086
مطب تخصصی کودکان دکتر اکرم نوری,doctors,doctor,doctors,True,False,35.7472996,51.4501836
مطب دندانپزشکی دکتر سمیرا سلطانپور نمین,doctors,doctor,doctors,True,False,35.7272215,51.3555251
کلینیک مشاوره و روانشناسی و روانپزشکی پیروز,clinic,clinic,clinic,True,False,35.7575909,51.4080454
دندانپزشکی دکتر زهرا حنیفه زاده,clinic,clinic,clinic,True,False,35.7069322,51.3413994
دکترمسعودحیدری جراح پلاستیک و زیبایی,doctors,doctor,doctors,True,False,35.7821107,51.3856663
مطب دکتر سمانه حاتمی فوق تخصص روماتولوژی,doctors,doctor,doctors,True,False,35.7216718,51.330103
مطب دکتر سعید سجادی,doctors,doctor,doctors,True,False,35.7651064,51.4384094
مطب پوست و مو دکتر زریان جعفری,doctors,doctor,doctors,True,False,35.7056753,51.3679943
کلینیک فیزیوتراپی یونیک پاور,doctors,doctor,doctors,True,False,35.7482867,51.3354207
مطب دکتر جواهری,clinic,clinic,clinic,True,False,35.7217234,51.3422491
درمانگاه تخصصی ولیعصر عج,clinic,clinic,clinic,True,False,35.6828667,51.3871566
مطب دکتر زهرا حسینی نژاد اعصاب کودکان,doctors,doctor,doctors,True,False,35.7583161,51.4471532
مطب دکتر حسن هشیار متخصص اورولوژی,doctors,doctor,doctors,True,False,35.7743334,51.3570246
کلینیک ترک اعتیاد اعتماد,clinic,clinic,clinic,True,False,35.8021581,51.4340619
مطب دکتر عباس محمودی قرا متخصص اعصاب و روان (روانپزشک),doctors,doctor,doctors,True,False,35.7580883,51.4139924
دکتر علیرضا پیمان‌فر,doctors,doctor,doctors,True,False,35.7704562,51.4400396
دکتر الهام عبدی,doctors,doctor,doctors,True,False,35.7704548,51.4400617
مرکز لیزر و زیبایی دکترعمرانی,doctors,doctor,doctors,True,False,35.7824535,51.3767846
کلینیک روان شناسی و مشاوره دکتر شبنم مقتدری,clinic,clinic,clinic,True,False,35.7728769,51.4382671
دکتر وحید قدری | روان‌شناس,doctors,doctor,doctors,True,False,35.7109204,51.3059532
فیزیوتراپی زعفرانیه,hospital,clinic,hospital,True,True,35.7986371,51.4138193
کلینیک زر,clinic,clinic,clinic,True,False,35.7677167,51.4763534
کلینیک لیزر مو زائد و زیبایی آیرین,doctors,doctor,doctors,True,False,35.7692832,51.4770717
کلینیک دکتر زرگنج فرد,clinic,clinic,clinic,True,False,35.7677363,51.4763016
دکتر زهرا پناهی متخصص زنان و زایمان,doctors,doctor,doctors,True,False,35.777927,51.3603015
مطب دکتر پرستوسهیل فوق تخصص نازایی,doctors,doctor,doctors,True,False,35.7247552,51.3267496
دکتر مسعود صابری | جراح مغز و اعصاب,doctors,doctor,doctors,True,False,35.7860122,51.4263174
دندانپزشکی دیجتال و ایمپلنت دکتر رضا بهرامی,doctors,doctor,doctors,True,False,35.7565123,51.3985854
مطب دندانپزشکی دکتر فوزیه رضایی,doctors,doctor,doctors,True,False,35.711015,51.4027277
مطب دکتر فریبا نصیری متخصص زنان,doctors,doctor,doctors,True,False,35.7646515,51.2894306
مطب کایروپراکتیک دکتر رستگار آریا,doctors,doctor,doctors,True,False,35.816887,51.4805238
مطب پوست و مو دکتر امیدرضا خدادادی,doctors,doctor,doctors,True,False,35.6345417,51.3797198
مجموعه آر تی ام اس دکتر ذاکری iran.rtms,clinic,clinic,clinic,True,False,35.7653664,51.4411533
دکتر فاطمه علیزادگانی  روان درمانگر,doctors,doctor,doctors,True,False,35.7584102,51.4116205
آزمایشگاه کودکان ایران,,laboratory,laboratory,True,False,35.758245,51.4471591
دکتر سامه کشاورزیان | دندانپزشک زیبایی,hospital,hospital,hospital,True,True,35.7643708,51.4596663
فیزیوتراپی آنیا,hospital,hospital,hospital,True,True,35.7465606,51.233741
کلینیک دکتر محمد گلشنی,doctors,doctor,doctors,True,False,35.8053731,51.4612834
مطب ارتوپدی دکتر شایان توابی,doctors,doctor,doctors,True,False,35.7873675,51.3838136
کلینیک زیبایی دکتر علی رحمانی,doctors,doctor,doctors,True,False,35.7750472,51.3770586
ساختمان پزشکان فوق تخصصی سینا,doctors,doctor,doctors,True,False,35.7680356,51.4170533
صبا سلیلی مشاور تغذیه و رژیم درمانی | مرکز مانترا,clinic,clinic,clinic,True,False,35.7652831,51.4188299
مطب دکتر اسماعیل محبوبی متخصص اعصاب و روان - روانپزشک,clinic,clinic,clinic,True,False,35.7588059,51.4137548
مرکز فوق تخصصی گوارش و کبد دکتر خیاطیان,doctors,doctor,doctors,True,False,35.7163806,51.4028837
مطب دکتر سبز,doctors,doctor,doctors,True,False,35.7953358,51.3963518
کلینیک زیبایی محیا,clinic,clinic,clinic,True,False,35.6322542,51.3749846
کلینیک پوست و مو آی نور,clinic,clinic,clinic,True,False,35.6345465,51.3795792
کلینیک پوست و زیبایی الیزه,clinic,clinic,clinic,True,False,35.7828938,51.3760561
مطب  دکتر سینا امینی زاده,doctors,doctor,doctors,True,False,35.7594642,51.410019
مطب دکتر سهیلا انصاری پور,doctors,doctor,doctors,True,False,35.7684355,51.291862
کلینیک دندانپزشکی دکتر آیین آقایی,clinic,clinic,clinic,True,False,35.5911299,51.438928
دندانپزشکی دکتر حبیبی,clinic,clinic,clinic,True,False,35.7743423,51.4906199
مطب تخصصى جراحى لثه و ايمپلنت دكتر وطنى,doctors,doctor,doctors,True,False,35.7704054,51.4640613
کلینیک روانشناختی دی,doctors,doctor,doctors,True,False,35.7606277,51.4334601
مطب دکتر مانی قربان زاده,doctors,doctor,doctors,True,False,35.7585015,51.3622923
مطب دکتر آریا رضایی,doctors,doctor,doctors,True,False,35.7854068,51.4274877
مرکز ماساژ تخصصی بانوان امیدشفا,clinic,clinic,clinic,True,False,35.6865385,51.3604175
مطب دکتر سعید‌رضا انتظاری,doctors,doctor,doctors,True,False,35.7704095,51.3629788
دکتر لیلا اصغری فوق تخصص غدد,doctors,doctor,doctors,True,False,35.7401333,51.405224
دکتر سیف اله همت,doctors,doctor,doctors,True,False,35.8013113,51.4597939
مطب دکتر شکیبا محبی تبار,doctors,doctor,doctors,True,False,35.75398,51.3959571
درمانگاه مرکزی شهران,clinic,,clinic,True,False,35.7584517,51.289557
مطب فيزيوتراپي و ليزرتراپي ١٢١,doctors,doctor,doctors,True,False,35.7096885,51.3735777
مطب دکتر محبوبه رهنما,doctors,doctor,doctors,True,False,35.8088939,51.4152947
فیزیوتراپی فاطیما,doctors,doctor,doctors,True,False,35.6901837,51.4589397
دکتر مریم خدادوست,doctors,doctor,doctors,True,False,35.7275779,51.3788251
مطب دندانپزشکی دکتر اميرحسين هادیان,doctors,doctor,doctors,True,False,35.6923222,51.4799503
کلینیک پزشکی دکتر شاهین سیف الو زخم,doctors,doctor,doctors,True,False,35.7675702,51.356757
کلینیک واریس دکتر ناصر جلیلی فر,clinic,clinic,clinic,True,False,35.5906978,51.4393288
فیزیوتراپی توان گستر نوین,clinic,clinic,clinic,True,False,35.7271723,51.375066
مطب دکتر شاهرخ عطاریان,doctors,doctor,doctors,True,False,35.7251162,51.4260108
مطب دکتر محبوبه کریمی جراح گوش و حلق  و بینی,doctors,doctor,doctors,True,False,35.782083,51.3764251
کلینیک تخصصی قلب و عروق ایران زمین,clinic,clinic,clinic,True,False,35.705742,51.3901072
مطب دکتر آزاده مولوی مقدم,doctors,doctor,doctors,True,False,35.7756942,51.3660311
كلينيك ارتوپدى دكتر محمد ربانى,clinic,clinic,clinic,True,False,35.6603485,51.3938083
دکتر حدیث یگانه فرد متخصص بیماری های دهان و زیبایی,doctors,doctor,doctors,True,False,35.756464,51.4495714
دکتر علیرضا تسلیمی متخصص جراحی لثه,doctors,doctor,doctors,True,False,35.756452,51.4495249
مطب دكتر علي ناظري روانپزشك,doctors,doctor,doctors,True,False,35.7618898,51.4453519
دکتر محمد آزادگان متخصص کودکان و نوزادان,doctors,doctor,doctors,True,False,35.7387403,51.1332345
دندانپزشکی دکتر فرهاد مهردادی,clinic,clinic,clinic,True,False,35.769226,51.3598066
کلینیک روانشناسی و مشاوره آسنا,doctors,doctor,doctors,True,False,35.756746,51.3929947
دکتر علی زینلی متخصص جراحی مغز و اعصاب,doctors,doctor,doctors,True,False,35.7238837,51.4231747
مطب دکتر مهران جمالی,doctors,doctor,doctors,True,False,35.7807219,51.4642456
کلینیک ارتوپدی و ارتوپدفنی نویان,doctors,doctor,doctors,True,False,35.7342598,51.3542897
دندانپزشکی دکتر کامران عزیزی,doctors,doctor,doctors,True,False,35.7032486,51.438859
مطب دکتر مطهری (پیرایه),doctors,doctor,doctors,True,False,35.7723957,51.4373222
تغذیه و رژیم درمانی پرنیان قربانپور,doctors,doctor,doctors,True,False,35.7381139,51.3055872
دکتر منصور عظمتی,clinic,clinic,clinic,True,False,35.7580052,51.4144545
کلینیک ترک اعتیاد شمیم زندگی,doctors,doctor,doctors,True,False,35.6927231,51.4803146
مرکز گوش و شنوایی غرب تهران,doctors,doctor,doctors,True,False,35.724164,51.3293461
مطب دکتر کامران دلیر,doctors,doctor,doctors,True,False,35.7697674,51.3591402
مطب مامایی لیلا شجاع,clinic,clinic,clinic,True,False,35.7383117,51.5582018
دکتر سارا بدخش ، متخصص پوست ، مو و زیبایی,doctors,doctor,doctors,True,False,35.7958298,51.4477125
رقیه عزیززاده کارشناس مامایی,doctors,doctor,doctors,True,False,35.628372,51.3561075
دکتر امیرپاشا ابراهیمی,doctors,doctor,doctors,True,False,35.7477037,51.4125878
دکتر امیرحسین خیراندیش جراحی عمومی,doctors,doctor,doctors,True,False,35.7761134,51.365739
کلینیک زیبایی دکتر مهتاب امینی,clinic,doctor,clinic,True,False,35.7246421,51.4188411
کلینیک ارزیابی شنوایی و سمعک نگین,doctors,doctor,doctors,True,False,35.7052575,51.4035209
مطب دکتر سمیه حجازی نیا,doctors,doctor,doctors,True,False,35.7800091,51.4487781
دکتر ندا پژوهی  - دکتر لیپ,doctors,doctor,doctors,True,False,35.7105663,51.4081985
دکتر سمیرا عبدالهی مقدم متخصص زنان و زایمان,doctors,doctor,doctors,True,False,35.775494,51.3642478
مطب دکتر نسرین یزدانی,doctors,doctor,doctors,True,False,35.7475028,51.4119355
مرکز مشاوره و روانشناسی بینش فردی,doctors,doctor,doctors,True,False,35.7604491,51.4313388
مطب چشم پزشکی دکتر باقرصاد,doctors,doctor,doctors,True,False,35.7357832,51.4064548
کلینیک فیزیوتراپی و لیزر درمانی معینی,clinic,clinic,clinic,True,False,35.7583552,51.4103953
دکتر رحمت اله آزادی متخصص و جراح استخوان و مفاصل,doctors,doctor,doctors,True,False,35.7417091,51.5333096
دکتر محمودرضا اشرفی,doctors,doctor,doctors,True,False,35.7042051,51.383244
دكتر شهرام محمدى ميرى,doctors,doctor,doctors,True,False,35.7594686,51.4422544
مرکز تخصصی شنوایی و سمعک آرامش قلهک,doctors,doctor,doctors,True,False,35.7722561,51.4371701
دفتر روانشناسی حال خوش روانشناس مریم عالمی,doctors,doctor,doctors,True,False,35.7389786,51.5320068
دکتر مهشید طالبی,doctors,doctor,doctors,True,False,35.7681929,51.4744463
مطب دکتر حسین حاجی عباسی,doctors,doctor,doctors,True,False,35.7747039,51.4134902
دکتر عزیزاله یوسفی فوق تخصص گوارش,doctors,doctor,doctors,True,False,35.7085198,51.3852179
مطب دکتر زهراسادات سبزپوشان,doctors,doctor,doctors,True,False,35.7812506,51.3701904
دندانپزشکی زهره شعبه جیحون,hospital,dentistry,hospital,True,True,35.6869123,51.364972
کلینیک زیبایی دکتر معروفی,clinic,clinic,clinic,True,False,35.7702484,51.361975
دکتر رامین نوری نیا فوق تخصص شبکیه,doctors,doctor,doctors,True,False,35.7703834,51.4640348
دکتر علی ابراهیمی فوق تخصص جراحی پلاستیک,doctors,doctor,doctors,True,False,35.7563044,51.3941456
دفتر مشاوره و روانشناسی «کیمیای جان و خرد »,doctors,doctor,doctors,True,False,35.7242713,51.4166238
مطب دكترمريم السادات تهرانی فوق تخصص ریه,clinic,clinic,clinic,True,False,35.7271054,51.3708018
کلینیک ارتوپدی فنی نبض حرکت,clinic,clinic,clinic,True,False,35.7616837,51.4440944
دکتر فرهاد مرادی فوق تخصص گوارش و کبد,clinic,clinic,clinic,True,False,35.726268,51.3238746
موسسه فیزیوتراپی خلیج فارس,doctors,doctor,doctors,True,False,35.674014,51.2663215
کلینیک درد و توانبخشی سدار,doctors,doctor,doctors,True,False,35.8009681,51.4527443
کاردرمانی پیشگام,doctors,doctor,doctors,True,False,35.7248937,51.3828175
دکتر باقر احمدپور,doctors,doctor,doctors,True,False,35.6817075,51.4911637
پردیس مارال دکتر مالکی دکتر تیمور زاده,clinic,clinic,clinic,True,False,35.7706041,51.3723257
مرکز تصویربرداری پزشکی نگاه رسا طب,doctors,doctor,doctors,True,False,35.6658937,51.4432448
مطب معاینات پزشکی متقاضیان گواهینامه (دکترموذن و دکترنادری),clinic,clinic,clinic,True,False,35.7595963,51.4375577
دندانپزشکی nagoya,clinic,clinic,clinic,True,False,35.7282046,51.4939794
مرکز تصویر برداری جام‌جم,doctors,doctor,doctors,True,False,35.7697352,51.4119423
کلینیک زیبایی و درمان بیماری های پوستی دکتر پارسا شیری,clinic,clinic,clinic,True,False,35.7363398,51.4424064
دکتر شیرین کاویانپور متخصص  بیماریهای زنان و زایمان,doctors,doctor,doctors,True,False,35.8120724,51.4496944
خانه لیزر سعادت آباد شعبه دریا,clinic,clinic,clinic,True,False,35.7706477,51.3744944
خانه لیزر سعادت آباد شعبه سرو,clinic,clinic,clinic,True,False,35.7799827,51.3648638
مطب زیبایی دکتر رکسانا احسانی پور,doctors,doctor,doctors,True,False,35.7829062,51.4478241
کمپ ترک اعتیاداوای رهایی,doctors,doctor,doctors,True,False,35.8093299,51.5134796
دکتر هاله رحمان پور زنجانی,doctors,doctor,doctors,True,False,35.7986169,51.4332637
مطب دکتر دهقانی زاده,doctors,doctor,doctors,True,False,35.6896653,51.4511309
مطب دکتر مریم تزنگ/متخصص رادیوانکولوژی,doctors,doctor,doctors,True,False,35.7008923,51.3810245
کلینیک زیبایی دکتر علی اکبری,doctors,doctor,doctors,True,False,35.775607,51.3661494
شایا بیوتی تراپیست,doctors,doctor,doctors,True,False,35.806242,51.440988
مطب دکتر پیمان صدری,doctors,doctor,doctors,True,False,35.7665878,51.4137575
مطب دکتر سعید امیری پویا متخصص قلب و عروق,doctors,doctor,doctors,True,False,35.7596969,51.4448126
مطب دکتر رضا ساریخانی,doctors,doctor,doctors,True,False,35.802113,51.434006
مرکز خدمات روانشناسی و مشاوره مهرا,clinic,counselling,clinic,True,False,35.7611526,51.4460402
مطب دکتر مصطفی بهپور اسکویی,doctors,doctor,doctors,True,False,35.6906256,51.4647793
ریمالند,clinic,clinic,clinic,True,False,35.730166,51.348554
کلینیک شنوایی و تعادل و سمعک فرمانیه,clinic,clinic,clinic,True,False,35.7990052,51.4725885
دکتر وقردوست,doctors,doctor,doctors,True,False,35.7589604,51.4138976
مطب دکتر شیوا جوادیان,doctors,doctor,doctors,True,False,35.7947035,51.4350596
آزمایشگاه گلچهره قیطریه,,laboratory,laboratory,True,False,35.7958905,51.442628
کلینیک تخصصی قلب و عروق تهران,clinic,clinic,clinic,True,False,35.7773392,51.413955
کلینیک دکتر بهنوش زینلی زاده,clinic,clinic,clinic,True,False,35.8030497,51.4733027
مطب دکتر رضا راست منش,doctors,doctor,doctors,True,False,35.7799669,51.4492648
روان‌شناس و مشاور، حمیده حیدری,clinic,clinic,clinic,True,False,35.724125,51.4356098
مطب دندانپزشکی دکتر بهرام عوض ابادیان,clinic,clinic,clinic,True,False,35.7781741,51.3610859
مطب پزشکی ارغوان,doctors,doctor,doctors,True,False,35.7163368,51.3430986
مطب دندانپزشکی سیب,clinic,clinic,clinic,True,False,35.7881581,51.424003
مطب تخصصی دندانپزشکی دکتر مهدیه نظرآهاری,doctors,doctor,doctors,True,False,35.7813769,51.4663928
مرکز مشاوره و کلینیک مادر و کودک دانشگاه شهید بهشتی,clinic,clinic,clinic,True,False,35.7143277,51.3152857
مطب دکترمحمدحسین طاهریان,doctors,doctor,doctors,True,False,35.759824,51.4061433
مرکز مشاوره مونس,clinic,clinic,clinic,True,False,35.7060893,51.4630431
مطب دکتر سید ارسلان خسروی,doctors,doctor,doctors,True,False,35.726577,51.4172193
آزمایشگاه پادتن ژن آزما,,laboratory,laboratory,True,False,35.7001626,51.390179
کلینیک راز دکتر رضا امیرزرگر متخصص جراحی فک، صورت و زیبایی,doctors,doctor,doctors,True,False,35.8023747,51.4306148
دکتر بیتا هرمز جراح زنان و زایمان,doctors,doctor,doctors,True,False,35.7697719,51.3129659
کلینیک رومینا,clinic,clinic,clinic,True,False,35.7337633,51.5041539
پوست و مو زیبایی دکتر علیخانی,clinic,,clinic,True,False,35.7238042,51.4072451
کلینیک روانشناسی آوادان مهر,clinic,clinic,clinic,True,False,35.7071413,51.3763786
مرکز کاردرمانی پرواز,doctors,doctor,doctors,True,False,35.6869908,51.4768191
دکتر خشایار سنجری,doctors,doctor,doctors,True,False,35.7584421,51.3617244
فيزيوتراپي كيان پارس,doctors,doctor,doctors,True,False,35.730133,51.5273482
کلینیک تخصصی سونوگرافی دکتر دلیری,doctors,doctor,doctors,True,False,35.6574055,51.3727147
کلینیک دکتر سحرناز سجادیان,doctors,doctor,doctors,True,False,35.7584296,51.3620348
مطب دکتر مرتضی حسن‌زاده فوق تخصص گوارش و کبد,doctors,doctor,doctors,True,False,35.7664736,51.4425913
دندانپزشکی و دندانسازی ویتادنت رحمانی فرد,clinic,clinic,clinic,True,False,35.6951129,51.4774665
درمانگاه شبانه روزی دکتر نوتاش,doctors,doctor,doctors,True,False,35.7267036,51.3202554
کلینیک نازایی نوید,clinic,clinic,clinic,True,False,35.7675809,51.3725937
درمانگاه شبانه روزی ایران زمین,clinic,clinic,clinic,True,False,35.7056071,51.3902334
مطب دندانپزشكى كودكان دكتر مژده بقايی,doctors,doctor,doctors,True,False,35.775312,51.4637914
مطب سیدحسین حسنپور اونجی,doctors,doctor,doctors,True,False,35.7390945,51.5313798
دکتر فرانک محبیان پوست لیزر زیبایی,doctors,doctor,doctors,True,False,35.7553263,51.2397966
مطب دکتر عبدالرضا نوروزی متخصص تغذیه,clinic,clinic,clinic,True,False,35.7280466,51.4269452
مطب دکتر جوراستی فرد,doctors,doctor,doctors,True,False,35.7421561,51.4112156
مطب دکتر امیر بابک رحیمی,doctors,doctor,doctors,True,False,35.7243129,51.3839552
مرکز دندانپزشکی دکتر مریم سالارکیا,clinic,clinic,clinic,True,False,35.7265432,51.5226334
دکتر طسام | doctortesam,doctors,doctor,doctors,True,False,35.7166702,51.3896487
بیمارستان محک ،کودکان سرطانی,hospital,,hospital,True,True,35.8113149,51.5044509
Maryam Beauty & Care Clinic,clinic,,clinic,True,False,35.7648296,51.441583
دکتر کامران هداوند جراح چاقی و لاپاراسکوپی,doctors,doctor,doctors,True,False,35.7487869,51.4095856
دکتر ماندانا خسروآرا پزشک متخصص پوست مو زیبایی لیزر,clinic,clinic,clinic,True,False,35.7779378,51.3599296
دکتر یونس روحانی | جراح مغز و ستون فقرات,doctors,doctor,doctors,True,False,35.7970028,51.4336663
شعبه مرکزی دندانپزشکی سرو,clinic,clinic,clinic,True,False,35.7854332,51.4408382
دکتر فاطمه خوشدل  روانشناس و هیپنوتراپیست,doctors,doctor,doctors,True,False,35.7812101,51.3614178
مطب دکتر پیمان پورموسوی,doctors,,doctors,True,False,35.7437959,51.4049171
درمانگاه تامین اجتماعی شهیدنیکپور,hospital,,hospital,True,True,35.6673003,51.4462252
دکتر محمدرضا عباسی فوق تخصص کبد و گوارش,hospital,hospital,hospital,True,True,35.7566875,51.3949434
محمدرضا عباسی فوق تخصص گوارش,hospital,hospital,hospital,True,True,35.7567132,51.3948691
کلینیک رادین,doctors,doctor,doctors,True,False,35.7204973,51.4880342
دکتر عطیه بهمن متخصص زنان و زایمان,doctors,doctor,doctors,True,False,35.7566301,51.3948426
دکتر ماریا مرادی,doctors,doctor,doctors,True,False,35.7583358,51.4109841
کلینیک زیبایی سپند,doctors,doctor,doctors,True,False,35.7764444,51.3646735
کلینیک دندانپزشکی سرو قیطریه (شعبه مرکز),clinic,clinic,clinic,True,False,35.7856193,51.4408794
دکتر الهام اسلامی متخصص کلیه و‌مجاری ادراری,doctors,doctor,doctors,True,False,35.7816375,51.3729077
مرکز سلامت سوین,clinic,clinic,clinic,True,False,35.7579978,51.2248115
آزمایشگاه بهراد,doctors,doctor,doctors,True,False,35.7320791,51.333687
دندانپزشکی زهره(شعبه خزانه),hospital,dentist,hospital,True,True,35.6430185,51.4209797
مطب دکتر مروجی فر فلوشیپ انژیوپلاستی,doctors,doctor,doctors,True,False,35.7236824,51.4055778
مطب پوست و زیبایی و لیزر دکتر قدیرزاده,doctors,doctor,doctors,True,False,35.6684925,51.444231
مطب دندانپزشکی دکتر فرشاد صدر,doctors,doctor,doctors,True,False,35.8119444,51.464061
بیمارستان مادران,hospital,hospital,hospital,True,True,35.7300893,51.4337373
مطب دکتر بابک میرزاشاهی,doctors,doctor,doctors,True,False,35.7585015,51.3618564
کلینیک قلب و عروق دکتر مهشید حاجی علی,doctors,doctor,doctors,True,False,35.7246759,51.4189424
مطب پزشکی جراحی مغز و اعصاب,doctors,doctor,doctors,True,False,35.7712899,51.3777733
مطب دکتر سید فرنوش مدنی گاوگانی,doctors,doctor,doctors,True,False,35.7922112,51.4532791
دکتر کامبیز هرمان مقدم,doctors,doctor,doctors,True,False,35.7405821,51.4053941
کلینیک پوست و مو و زیبایی دکتر دمشقی,clinic,clinic,clinic,True,False,35.7382096,51.3107734
درمانگاه شبانه روزی سروش,clinic,clinic,clinic,True,False,35.707879,51.365383
پزشك فوق تخصص جراح سرطان سينه دکتر على حجت,doctors,doctor,doctors,True,False,35.7818029,51.3735593
دندانپزشکی دکتر پورفرید,doctors,doctor,doctors,True,False,35.770234,51.4223143
مطب زنان و زایمان دکتر آرزو صفری فر,doctors,doctor,doctors,True,False,35.7269624,51.5271608
مطب دکتر نجمه باقرحسینی,clinic,clinic,clinic,True,False,35.780009,51.4493705
دکتر مسعودی متخصص پوست مو زیبایی لیزر,doctors,doctor,doctors,True,False,35.7307968,51.378516
مطب مشاوره دکتر الهام ابراهیمی,doctors,doctor,doctors,True,False,35.7550481,51.3039642
مطب دکتر مهرناز چاوشی حسینی,doctors,doctor,doctors,True,False,35.7711645,51.3831282
مرکز بینایی سنجی و عینک تابان,clinic,clinic,clinic,True,False,35.7436117,51.404969
مراقبت پوست و مو مریم شریفی,doctors,doctor,doctors,True,False,35.8064942,51.4713167
خدمات روان شناسی اعظم السادات سیدصالح,clinic,clinic,clinic,True,False,35.7225073,51.3475232
بینایی سنجی و عینک سازی سایه اکباتان,clinic,clinic,clinic,True,False,35.7081988,51.3158566
مطب دکتر پرویز چگینی,doctors,doctor,doctors,True,False,35.742072,51.4103264
پزشک متخصص زنان و زایمان سارا میرزاجانی,doctors,doctor,doctors,True,False,35.7551048,51.303915
دکتر حاتمی کلینیک تخصصی آرمان الهیه,doctors,doctor,doctors,True,False,35.794933,51.4820096
کلینیک ارتوپدی بهین,doctors,doctor,doctors,True,False,35.801418,51.4794511
متخصص زنان و زایمان دکتر مریم نادری فر,doctors,doctor,doctors,True,False,35.7808045,51.4631841
مطب دکتر سادات,doctors,doctor,doctors,True,False,35.7630631,51.4506956
ازمایشگاه تخصصی پاتوبیولوژی رها,,laboratory,laboratory,True,False,35.7404676,51.5326425
دکتر مینا مویدنیا فوق تخصص رشد و غدد,doctors,doctor,doctors,True,False,35.7095299,51.4302445
دکتر زهره کریمی متخصص زنان فلوشیپ پریناتولوژی,doctors,doctor,doctors,True,False,35.7135902,51.3685318
فوق تخصص بیماری های ریوی و اسم ‌آلرژی دکتر زحمتکش,doctors,doctor,doctors,True,False,35.7664634,51.4428401
مطب روانشناسی دکتر مریم باباخانی,doctors,doctor,doctors,True,False,35.7338578,51.4397718
مرکز طب سنتی دکتر آزما,doctors,doctor,doctors,True,False,35.6906478,51.3701655
دکتر حسن موسوی روانشناس هیپنوتراپیست,doctors,doctor,doctors,True,False,35.7324417,51.4988739
کلینیک زیبایی نوریا,doctors,doctor,doctors,True,False,35.6933887,51.447486
کلینیک پرسیس,doctors,doctor,doctors,True,False,35.7677056,51.3568871
مطب دکتر وازریک تروسیان,doctors,doctor,doctors,True,False,35.7241563,51.4166049
مطب دکتر نگین سازمند,doctors,doctor,doctors,True,False,35.7678948,51.4602837
مطب لیزر پوست و مو هفت تیر,clinic,clinic,clinic,True,False,35.7197645,51.4254264
دکتر محمد باقر فتاحی جراح پلاستیک بینی,doctors,doctor,doctors,True,False,35.7390653,51.4151084
دکتر آمنه لاهوتی . فلوشیپ ناباروری و آی وی اف,doctors,doctor,doctors,True,False,35.7478481,51.4017191
مرکز روانشناسی داروش,clinic,clinic,clinic,True,False,35.7919761,51.4772355
مطب دکتر ملیحه عرب,doctors,doctor,doctors,True,False,35.7581469,51.361812
کلینیک درمانی زیبایی روناک,clinic,clinic,clinic,True,False,35.758523,51.4108436
دکتر سعید شیرنگی,doctors,doctor,doctors,True,False,35.7728542,51.3635009
مطب عروق و واریس دکتر احمد صادقپور,doctors,doctor,doctors,True,False,35.7236389,51.4121685
روان درمانگر تحلیلی مجتبی خانپور,doctors,doctor,doctors,True,False,35.7596493,51.4370442
دکتر مهرداد جعفری فشارکی متخصص قلب,doctors,doctor,doctors,True,False,35.7679646,51.4605801
کلینیک صدیق,hospital,hospital,hospital,True,True,35.770173,51.3750103
متخصص پوست دکتر سیامک داودی,doctors,doctor,doctors,True,False,35.7323814,51.4324273
فیزیوتراپی بیمارستان توس,clinic,clinic,clinic,True,False,35.7243269,51.414477
مطب پوست مو دکتر مژگان نیکان تبار,doctors,doctor,doctors,True,False,35.7278438,51.3882431
کلینیک نجوا,clinic,clinic,clinic,True,False,35.7250756,51.4260144
سونوگرافی و رادیولوژی نیاوران,clinic,clinic,clinic,True,False,35.811789,51.4653822
مطب دکتر فراهینی متخصص ارتوپدی، فلوشیپ جراحی زانو,doctors,doctor,doctors,True,False,35.7566552,51.4103936
فیزیوتراپی شفاگستر,doctors,doctor,doctors,True,False,35.7585383,51.353088
کلینیک زیبایی دیورا,doctors,doctor,doctors,True,False,35.7992333,51.4271648
هیرمن اسپا,doctors,doctor,doctors,True,False,35.7824874,51.3730942
کلینیک اندومتریوز,clinic,clinic,clinic,True,False,35.799899,51.4504197
مطب پوست و مو و زیبایی دکتر سیمین ایرانپور,doctors,doctor,doctors,True,False,35.7538874,51.461621
کلینیک مهرافرا,clinic,clinic,clinic,True,False,35.7676291,51.3552043
زالو درمانی مهری,clinic,clinic,clinic,True,False,35.6694728,51.2992548
مطب دكتر آرزو آستركی,doctors,doctor,doctors,True,False,35.7637468,51.4454638
کلینیک سوان,clinic,clinic,clinic,True,False,35.8019458,51.4536991
کلینیک تخصصی پوست ومو نوین همسا,hospital,hospital,hospital,True,True,35.7904554,51.4758076
دفتر مشاوره و روانشناسی ماه تاب,clinic,clinic,clinic,True,False,35.7637092,51.4453887
پارس کلینیک,doctors,doctor,doctors,True,False,35.745702,51.4116245
آزمایشگاه آنلاین نمونت,,laboratory,laboratory,True,False,35.6952184,51.3750528
کلینیک سرنا شعبه زعفرانیه,doctors,doctor,doctors,True,False,35.8078176,51.4192964
کلینیک سرنا شعبه اقدسیه,doctors,doctor,doctors,True,False,35.8004465,51.4826114
دکتر آرش جهانشاهی,doctors,doctor,doctors,True,False,35.7957586,51.4423836
دکتر سمانه شیبانی,doctors,doctor,doctors,True,False,35.7957825,51.4423805
مطب دکتر کمال کوچک زاده,doctors,doctor,doctors,True,False,35.7239442,51.4232288
کلینیک روانشناسی دکتر بهرامی,doctors,doctor,doctors,True,False,35.7647904,51.4189484
مطب دکتر پورمتعبد ( فوق تخصص غدد اطفال),clinic,clinic,clinic,True,False,35.7171578,51.3949588
unnamed,clinic,,clinic,True,False,35.7050966,51.4021428
رادیولوژی و سونوگرافی دولت,doctors,doctor,doctors,True,False,35.7793088,51.4448965
مطب دکتر کتایون قویمی متخصص زنان وزیبایی,doctors,doctor,doctors,True,False,35.7817152,51.3736084
سونوگرافی ماموگرافی و تراکم استخوان دریا,clinic,clinic,clinic,True,False,35.7709947,51.3663409
کلینیک قلب دکتر آرسیس احمدیه,clinic,clinic,clinic,True,False,35.758237,51.3619024
مطب دکتر سید فرامرز مدنی,doctors,doctor,doctors,True,False,35.783891,51.4541579
دکترحسین صالحی فوق تخصص اعصاب روان کودک نوجوان,doctors,doctor,doctors,True,False,35.7797703,51.4492933
آزمایشگاه پاتوبیولوژی ونک,doctors,doctor,doctors,True,False,35.7578421,51.4125542
آتیناطب,doctors,doctor,doctors,True,False,35.7516953,51.2862573
وانیا مطب دکتر ایین فرد,doctors,doctor,doctors,True,False,35.7620493,51.417446
آزمایشگاه فوق تخصصی ماندگار,,laboratory,laboratory,True,False,35.7583624,51.4471135
کلینیک پوست مو دکتر هدیه دهقانپور,doctors,doctor,doctors,True,False,35.7828767,51.3753602
کلینیک زیبایی آفتاب,clinic,clinic,clinic,True,False,35.7440294,51.5285088
مطب دکتر فاطمه رحمانی,doctors,doctor,doctors,True,False,35.7459842,51.2628222
کلینیک تغذیه قائم آل احمد,clinic,clinic,clinic,True,False,35.6767054,51.4906272
مرکز مشاوره و روانشناسی دکتر نسرین دیناروند,doctors,doctor,doctors,True,False,35.603716,51.4282088
کلینیک زیبایی دکتر ریحانه احمدخانی,doctors,doctor,doctors,True,False,35.8013346,51.4182397
مشاوره روانشناسی مانداکلینیک,clinic,clinic,clinic,True,False,35.7242235,51.4216995
مجتمع دندانپزشکان بامداد مهر,hospital,hospital,hospital,True,True,35.6998563,51.3269311
کلینیک قلب دکتر احسان سخاوتی مقدم,clinic,clinic,clinic,True,False,35.6571212,51.3689619
مطب دکتر لیلا خیاطی زنوزی,doctors,doctor,doctors,True,False,35.7551289,51.4127928
آزمایشگاه پاتوبیولوژی ستاره ونک,doctors,doctor,doctors,True,False,35.7586794,51.4131438
کلینیک روان شناسی ابران دکتر متین چهارراهی,doctors,doctor,doctors,True,False,35.7813537,51.3656572
مرکز تصویربرداری پزشکی بیمارستان ساسان,doctors,doctor,doctors,True,False,35.7108729,51.4024799
مطب جراحی پلاستیک دکتر محمدرضا فره وش,doctors,doctor,doctors,True,False,35.7686576,51.4198251
unnamed,,hospital,hospital,True,True,35.77879748769659,51.3168809606812
بیمارستان بعثت نهاجا,hospital,hospital,hospital,True,True,35.6797395808427,51.497175776257095
بیمارستان لقمان حکیم,hospital,hospital,hospital,True,True,35.6800987467563,51.38802381669221
بیمارستان فیروزگر,hospital,hospital,hospital,True,True,35.70940659260182,51.40993278052033
بیمارستان نجمیه,hospital,hospital,hospital,True,True,35.694248209008045,51.410892616543556
بیمارستان پیامبران,hospital,hospital,hospital,True,True,35.7346140316582,51.327959627546484
بیمارستان میلاد,hospital,hospital,hospital,True,True,35.745475549849495,51.381265706837816
بیمارستان فوق تخصصی گلستان نداجا,hospital,hospital,hospital,True,True,35.77247553641362,51.47205729222173
بیمارستان امام حسین(ع),hospital,hospital,hospital,True,True,35.706218792773406,51.45213506927868
پلی‌کلینیک ۱۶ آذر,clinic,clinic,clinic,True,False,35.7023761935295,51.39321449727668
بیمارستان لاله,hospital,hospital,hospital,True,True,35.75254658921903,51.360438415151485
بیمارستان خاتم الانبیاء,hospital,hospital,hospital,True,True,35.76994451747533,51.40783098675363
بیمارستان ولیعصر(عج)فراجا,hospital,hospital,hospital,True,True,35.76800529028534,51.409646315389224
unnamed,,hospital,hospital,True,True,35.77615633705908,51.365481840157955
بیمارستان فوق تخصصی محک,hospital,,hospital,True,True,35.811401641099124,51.504554595970696
بیمارستان بانک ملی ایران,hospital,hospital,hospital,True,True,35.693192171434546,51.41776927739244
مجتمع بیمارستانی امام خمینی,hospital,hospital,hospital,True,True,35.70806365164816,51.38111814750734
بیمارستان شهید چمران,hospital,hospital,hospital,True,True,35.793769653631266,51.487587766500624
بیمارستان فیروزآبادی,hospital,hospital,hospital,True,True,35.5946473534632,51.4364007057721
بیمارستان شهید مدرس,hospital,hospital,hospital,True,True,35.78768534172641,51.37214117600367
بیمارستان بهمن,hospital,hospital,hospital,True,True,35.76563893333334,51.380566733333325
بیمارستان پارسیان,hospital,hospital,hospital,True,True,35.78406081396584,51.38262413940386
بیمارستان بوعلی,hospital,hospital,hospital,True,True,35.702567881911705,51.456225135211724
کلینیک زیبایی پریس,clinic,clinic,clinic,True,False,35.78176245735173,51.44898450314894
کلینیک جامع اعصاب و روان آتیه,clinic,clinic,clinic,True,False,35.761089603590875,51.411936899745285
مرکز درمانی زهرا همایون,clinic,clinic,clinic,True,False,35.70656688370966,51.43892573651522
مرکز بهداشت جواد ائمه,clinic,clinic,clinic,True,False,35.729473075812635,51.18036955584649
بیمارستان آتیه,hospital,hospital,hospital,True,True,35.76533379380745,51.361571935217846
بیمارستان و زایشگاه پاسارگاد,hospital,hospital,hospital,True,True,35.705857386917415,51.432712294951756
بیمارستان جرجانی,hospital,hospital,hospital,True,True,35.70498606612958,51.455046079221304
بیمارستان فوق تخصصی صارم,hospital,hospital,hospital,True,True,35.71462577042414,51.311200635427674
بیمارستان شهدای تجریش,hospital,hospital,hospital,True,True,35.806545963330485,51.43266299493435
درمانگاه صاحب کوثر شبانه روزی,clinic,,clinic,True,False,35.69747368145174,51.265107321935425
بیمارستان ۵۰۲ ارتش,hospital,hospital,hospital,True,True,35.7080531646325,51.428856930195735
بیمارستان روزبه (تخصصی اعصاب و روان),hospital,hospital,hospital,True,True,35.67914056133216,51.392927334778555
بیمارستان رازی تخصصی پوست,hospital,hospital,hospital,True,True,35.67167816659596,51.40881368082343
پژوهشگاه رویان /سلول‌های بنیادی و درمان ناباروری,clinic,clinic,clinic,True,False,35.75562119856446,51.467809482363364
بیمارستان امام رضا / ۵۰۱ ارتش,hospital,hospital,hospital,True,True,35.71717123256889,51.382763118507214
درمانگاه آل یاسین,clinic,clinic,clinic,True,False,35.70701763218829,51.34135550660742
بیمارستان هدایت,hospital,hospital,hospital,True,True,35.771405001643274,51.44918313085175
درمانگاه تخصصی شهید سلیمانی,clinic,clinic,clinic,True,False,35.6012954945779,51.43803007649925
بیمارستان رسالت,hospital,hospital,hospital,True,True,35.74227563237589,51.449007150883816
unnamed,clinic,clinic,clinic,True,False,35.73402471979589,51.186584703419484
شرکت فناوری بن‌یاخته‌های رویان,clinic,clinic,clinic,True,False,35.7547937,51.46746285
بیمارستان الغدیر,hospital,hospital,hospital,True,True,35.746290686478986,51.50026253988185
درمانگاه خیریه آل رسول,clinic,clinic,clinic,True,False,35.73853723813362,51.51269642168293
کلینیک جراحی گلبرگ تهرانپارس,clinic,clinic,clinic,True,False,35.72668747296569,51.52440122648918
مرکز فوق تخصصی آموزشی،درمانی جراحی ترمیمی و پلاستیک حضرت فاطمه(س),hospital,hospital,hospital,True,True,35.730696649960635,51.40832868660717
unnamed,clinic,clinic,clinic,True,False,35.75602586666666,51.34553605607816
درمانگاه قدس,clinic,clinic,clinic,True,False,35.75651603577076,51.343897118664366
بیمارستان موقوفه نور افشار,hospital,,hospital,True,True,35.81976963532377,51.47336099397057
بیمارستان بهارلو,hospital,hospital,hospital,True,True,35.660842748098005,51.39377315511017
مرکز پزشکی شهید شوریده,hospital,hospital,hospital,True,True,35.69094552900639,51.39861539101909
بیمارستان خانواده ارتش,hospital,hospital,hospital,True,True,35.71352100269116,51.44218636210039
بیمارستان هاجر,hospital,hospital,hospital,True,True,35.72742805174455,51.412468329597935
بیمارستان آیت ا...طالقانی(ره),hospital,hospital,hospital,True,True,35.7995552883252,51.401830814935245
بیمارستان دی,hospital,hospital,hospital,True,True,35.74797976267451,51.41114199800173
بیمارستان هاشمی نژاد,hospital,hospital,hospital,True,True,35.76097772648726,51.41081925332956
سازمان انتقال خون استان تهران,,blood_donation,blood_donation,False,True,35.70623712767706,51.39890611848209
بیمارستان مصطفی خمینی,hospital,hospital,hospital,True,True,35.707968635997354,51.401012887404235
بیمارستان آریا,hospital,hospital,hospital,True,True,35.70859468199018,51.397700970272226
بیمارستان قلب شهید رجایی,hospital,hospital,hospital,True,True,35.7744647050968,51.41079074422836
بیمارستان کودکان شهید محمدحسین فهمیده,hospital,hospital,hospital,True,True,35.66855680154027,51.38256121738889
بیمارستان علوم مغز و اعصاب ایران,hospital,hospital,hospital,True,True,35.762785945566904,51.21040426339155
بیمارستان پارسا,hospital,hospital,hospital,True,True,35.66508127495397,51.39868138201043
بیمارستان امیرالمؤمنین,hospital,hospital,hospital,True,True,35.64252827451385,51.39399311378828
بیمارستان مفرح,hospital,hospital,hospital,True,True,35.633758795170195,51.39690848401241
بیمارستان دکتر شریعتی,hospital,hospital,hospital,True,True,35.721264909552374,51.38617942264705
بیمارستان رسول اکرم,hospital,hospital,hospital,True,True,35.71942322526295,51.37017024617875
بیمارستان شهریار,hospital,hospital,hospital,True,True,35.69909611845369,51.366606960397185
بیمارستان آزادی,hospital,hospital,hospital,True,True,35.69692254700704,51.35695327109592
بیمارستان روانپزشکی میمنت,hospital,hospital,hospital,True,True,35.696243357852794,51.3568478091978
بیمارستان بابک,hospital,hospital,hospital,True,True,35.69544310677873,51.36638771234979
بیمارستان شهید لبافی نژاد,hospital,hospital,hospital,True,True,35.76747170241719,51.46274123706512
بیمارستان سیدالشهدا,hospital,hospital,hospital,True,True,35.67744096188939,51.416539176695295
بیمارستان و درمانگاه فوق تخصصی مرکز درمانی ضیائیان,hospital,hospital,hospital,True,True,35.6574963632079,51.3591024836112
کلینیک فوق تخصصی چشم نگاه,clinic,clinic,clinic,True,False,35.75240279999999,51.447464200000006
بیمارستان کودکان حضرت علی اصغر,hospital,hospital,hospital,True,True,35.767388599236256,51.42599559885438
بیمارستان چشم پزشکی نور,hospital,hospital,hospital,True,True,35.771254291470136,51.41270629673146
پلی کلینیک تخصصی قدس شریف,clinic,clinic,clinic,True,False,35.71018073764895,51.47473763252439
بیمارستان فیاض بخش,hospital,hospital,hospital,True,True,35.67566589690457,51.26147414940759
بیمارستان ۱۵ خرداد,hospital,hospital,hospital,True,True,35.7126642473036,51.41317996397649
کلینیک شهید احمدی,clinic,,clinic,True,False,35.64313365336125,51.360237237597566
آزمایشگاه مرکزی شهر ری,,laboratory,laboratory,True,False,35.591848979943975,51.440895142252515
ساختمان پزشکان شهران,clinic,clinic,clinic,True,False,35.751616150000004,51.28812429999999
مرکز اهدای خون مترو شهرری,,blood_donation,blood_donation,False,True,35.59432432902639,51.42335591811623
بیمارستان خیریه حضرت صدیقه زهرا,hospital,hospital,hospital,True,True,35.62361591768826,51.45670554364307
بیمارستان شهدای هفتم تیر,hospital,hospital,hospital,True,True,35.59235505574908,51.4187684691661
بیمارستان صدر (به آفرین),hospital,hospital,hospital,True,True,35.708645833544416,51.410690749674565
بیمارستان اختر,hospital,hospital,hospital,True,True,35.78916811875211,51.43173163130067
بیمارستان مسیح دانشوری,hospital,hospital,hospital,True,True,35.81594950803027,51.49672981488967
بیمارستان شهید باهنر,hospital,hospital,hospital,True,True,35.813265315046394,51.464555030335156
بیمارستان ایرانمهر,hospital,hospital,hospital,True,True,35.76773849477151,51.44228390189033
بیمارستان کیان,hospital,hospital,hospital,True,True,35.76732989999999,51.4414233
بیمارستان تهرانپارس,hospital,hospital,hospital,True,True,35.74244617197873,51.53309527047815
بیمارستان جامع بانوان آرش,hospital,hospital,hospital,True,True,35.73346055959012,51.52084234038495
بیمارستان قمر بنی هاشم,hospital,hospital,hospital,True,True,35.7415352,51.45584650000001
بیمارستان آراد,hospital,hospital,hospital,True,True,35.70542102135476,51.42988520634802
بیمارستان ایرانشهر,hospital,hospital,hospital,True,True,35.70908633122526,51.433104447909884
بیمارستان پاستور نو,hospital,hospital,hospital,True,True,35.73202900933657,51.41735197703504
بیمارستان کودکان بهرامی,hospital,hospital,hospital,True,True,35.71052418043942,51.46742105017489
بیمارستان آبان,hospital,hospital,hospital,True,True,35.71160515,51.412494900000006
بیمارستان آسیا,hospital,hospital,hospital,True,True,35.7296169,51.4183253
بیمارستان البرز,hospital,hospital,hospital,True,True,35.70262338083166,51.4000556039005
بیمارستان تهران,hospital,hospital,hospital,True,True,35.71776742623962,51.41954038617773
بیمارستان توس,hospital,,hospital,True,True,35.72456255,51.41470565
بیمارستان قلب جماران,hospital,hospital,hospital,True,True,35.81741520754744,51.458245014889414
بیمارستان کسری,hospital,hospital,hospital,True,True,35.73924368762191,51.415342959407276
بیمارستان کودکان تهران,hospital,hospital,hospital,True,True,35.70626122632644,51.40721820437941
بیمارستان مرکز طبی کودکان,hospital,hospital,hospital,True,True,35.70617228684331,51.38242821657499
بیمارستان مهر,hospital,hospital,hospital,True,True,35.71583757901156,51.402497299478505
بیمارستان مهراد,hospital,hospital,hospital,True,True,35.726625475730785,51.42613706423678
بیمارستان تهران کلینیک,hospital,hospital,hospital,True,True,35.72584237453486,51.41813653582141
بیمارستان اقبال,hospital,hospital,hospital,True,True,35.6957983858734,51.37581210070735
بیمارستان مروستی,hospital,hospital,hospital,True,True,35.696971816481174,51.41160727335035
بیمارستان عیوض زاده (سورنا),hospital,hospital,hospital,True,True,35.692038241332874,51.4066617199091
بیمارستان باهر,hospital,hospital,hospital,True,True,35.69210445,51.405902749999996
بیمارستان مدائن,hospital,,hospital,True,True,35.69912693280963,51.40346466563746
بیمارستان سوم شعبان,hospital,hospital,hospital,True,True,35.67213699820132,51.44074241736898
بیمارستان شفا یحیائیان,hospital,hospital,hospital,True,True,35.69175887796819,51.43779993325389
بیمارستان دکترمعیری,hospital,hospital,hospital,True,True,35.692897628286126,51.436497182154255
بیمارستان ولی عصر عج,hospital,hospital,hospital,True,True,35.656070474735884,51.42178188592777
بیمارستان آیت‌الله اشرفی اصفهانی,hospital,hospital,hospital,True,True,35.66841310292529,51.42779842243231
بیمارستان بازرگانان,hospital,hospital,hospital,True,True,35.67494359824437,51.43934349357105
بیمارستان طرفه,hospital,hospital,hospital,True,True,35.69594507985541,51.4345575621157
بیمارستان مهدیه,hospital,hospital,hospital,True,True,35.65208185,51.434579649999996
درمانگاه سبز شهر,hospital,hospital,hospital,True,True,35.69729802039756,51.42898121422785
بیمارستان فجر,hospital,hospital,hospital,True,True,35.69309725017984,51.46528906257727
بیمارستان مردم,hospital,hospital,hospital,True,True,35.68036425782128,51.45714112180096
بیمارستان شهدای گمنام,hospital,hospital,hospital,True,True,35.663099948909434,51.449801744329804
بیمارستان آیت الله کاشانی,hospital,hospital,hospital,True,True,35.64000321341102,51.42071993479835
بیمارستان شریعت رضوی,hospital,hospital,hospital,True,True,35.67555179687789,51.32875048032429
بیمارستان شهدای یافت آباد,hospital,hospital,hospital,True,True,35.643895900000004,51.310445099999995
بیمارستان غیاثی,hospital,hospital,hospital,True,True,35.655564551292414,51.34056629970684
بیمارستان روانپزشکی ایران /نواب صفوی,hospital,hospital,hospital,True,True,35.713233675013754,51.256237611608405
بیمارستان ایرانیان,hospital,hospital,hospital,True,True,35.747919806819844,51.2630203969565
بیمارستان انصاری,hospital,hospital,hospital,True,True,35.72100578223335,51.48846321725665
بیمارستان ۵۰۵ ارتش,hospital,hospital,hospital,True,True,35.81126145179736,51.49880918509783
درمانگاه شبانه‌روزی شهرداری منطقه ۵ تهران,clinic,clinic,clinic,True,False,35.7262037785664,51.33406706183815
مجتمع پزشکی حضرت فاطمه الزهرا,hospital,hospital,hospital,True,True,35.5907888791854,51.4264785290974
شرکت مادر تخصصی پالایش و پژوهش خون ایران,,blood_donation,blood_donation,False,True,35.74731567853109,51.373192585680094
بیمارستان فرمانیه,hospital,hospital,hospital,True,True,35.79892992558839,51.47272184309982
بیمارستان نیکان,hospital,hospital,hospital,True,True,35.799862815719734,51.48959542781405
کلینیک آذر,clinic,clinic,clinic,True,False,35.74224042171103,51.411067967502056
بیمارستان کودکان مفید,hospital,hospital,hospital,True,True,35.75844421625644,51.44621165913928
درمانگاه شفا,clinic,clinic,clinic,True,False,35.7107293544822,51.50880506136551
آزمایشگاه پارسا,,laboratory,laboratory,True,False,35.649100350000005,51.3923505
درمانگاههای تخصصی بیمارستان لبافی نژاد,hospital,hospital,hospital,True,True,35.76808885449289,51.45863565397578
درمانگاه شبانه‌روزی یاس,hospital,hospital,hospital,True,True,35.63380147765345,51.413563736577125
درمانگاه,clinic,clinic,clinic,True,False,35.650478270149236,51.45882930752094
بیمارستان آرمان,hospital,hospital,hospital,True,True,35.77117165155566,51.39639970773047
درمانگاه حضرت فاطمه س,clinic,clinic,clinic,True,False,35.64896282030152,51.483349753348904
مرکز اهدای خون افسریه,,blood_donation,blood_donation,False,True,35.65445062537607,51.48813817140914
آزمایشگاه منجی,,laboratory,laboratory,True,False,35.69061896766121,51.46483667785836
آزمایشگاه پزشکی,,laboratory,laboratory,True,False,35.68547993950583,51.467586675369375
آزمایشگاه پزشکی,,laboratory,laboratory,True,False,35.68592677349899,51.467215453440865
بیمارستان دکتر سپیر,hospital,hospital,hospital,True,True,35.67860522861339,51.43105330811553
درمانگاه شبانه روزی دادمهر,clinic,clinic,clinic,True,False,35.684669852533226,51.48260030893382
بیمارستان محب مهر,,hospital,hospital,True,True,35.761384647433395,51.41046677807172
بیمارستان یاس سپید,hospital,hospital,hospital,True,True,35.71039485,51.3977157
آزمایشگاه دکتر خرازی,,laboratory,laboratory,True,False,35.691975000000006,51.48305715
آزمایشگاه پزشکی,,laboratory,laboratory,True,False,35.68015533881782,51.47988373432377
مرکز انتقال خون پیروزی,,blood_donation,blood_donation,False,True,35.69224545,51.481111549999994
unnamed,,hospital,hospital,True,True,35.65873633489825,51.41118810820441
بیمارستان شرکت نفت,hospital,hospital,hospital,True,True,35.69089906953537,51.413110649493106
آزمایشگاه پزشکی,,laboratory,laboratory,True,False,35.6973421,51.41557125
درمانگاه شهرداری,clinic,clinic,clinic,True,False,35.74295907139992,51.19066713311302
درمانگاه شبانه‌روزی عمار,clinic,clinic,clinic,True,False,35.70951221929531,51.36942600455286
مطب دکتر شیوا فارغ بال,doctors,doctor,doctors,True,False,35.70807922983866,51.36860224117179
درمانگاه شبانه‌روزی بهگر,clinic,clinic,clinic,True,False,35.70080519043634,51.365403196252146
درمانگاه,clinic,clinic,clinic,True,False,35.724867149999994,51.373332149999996
مرکز توانبخشی سکته مغزی تبسم,clinic,clinic,clinic,True,False,35.710062937292626,51.37740226965103
آزمایشگاه,,laboratory,laboratory,True,False,35.66834842949254,51.424887134347266
بیمارستان امیراعلم,hospital,hospital,hospital,True,True,35.699891429316175,51.42531103813039
ساختمان پزشکان توحید,doctors,doctor,doctors,True,False,35.70151012594534,51.3775905219018
درمانگاه خیریه امام علی(ع),clinic,clinic,clinic,True,False,35.68251481040685,51.438048476567836
بیمارستان لولاگر,hospital,hospital,hospital,True,True,35.69454492048214,51.37300888764809
درمانگاه حصار بوعلی,clinic,clinic,clinic,True,False,35.809978855422614,51.466232976790835
درمانگاه شهرستانی,clinic,,clinic,True,False,35.71249809969151,51.446430926540756
کلینیک ثالث,clinic,clinic,clinic,True,False,35.66762374925828,51.404688169833484
پلی کلینیک کریم تهرانسر,clinic,,clinic,True,False,35.69232113428374,51.247421489583466
مرکز بهداشت و درمان صداوسیما,clinic,clinic,clinic,True,False,35.744740400000005,51.411229850000005
درمانگاه تخصصی طوس,clinic,clinic,clinic,True,False,35.67798247479634,51.39310978512945
unnamed,,clinic,clinic,True,False,35.68701700303756,51.38189922305086
درمانگاه,clinic,clinic,clinic,True,False,35.66209734354112,51.38350466000143
درمانگاه شبانه روزی استخر,clinic,clinic,clinic,True,False,35.66749968643308,51.38982789391015
درمانگاه,clinic,clinic,clinic,True,False,35.66458698826552,51.391427966974334
ساختمان پزشکان شفا,clinic,,clinic,True,False,35.74896145456871,51.47185905914414
درمانگاه تخصصی اعصاب سهروردی,clinic,clinic,clinic,True,False,35.737777458776264,51.442728817736764
مرکزجراحی مادر,clinic,clinic,clinic,True,False,35.72101901803409,51.487886359456716
درمانگاه خیریه علوی,clinic,clinic,clinic,True,False,35.680409979170165,51.405619486499496
کلینیک شبانه روزی سعادت آباد,clinic,clinic,clinic,True,False,35.78309294093386,51.3773894241091
درمانگاه قصرفیروزه,clinic,,clinic,True,False,35.65249865007006,51.49987329141405
کلینیک تخصصی خانواده و کودک,clinic,clinic,clinic,True,False,35.79592421585347,51.3963018887824
درمانگاه,clinic,clinic,clinic,True,False,35.79925483121262,51.3910799578216
آزمایشگاه های مگنتوفتونیک,,laboratory,laboratory,True,False,35.80149858752599,51.394337585410725
درمانگاه شبانه روزی حضرت قائم,clinic,clinic,clinic,True,False,35.761912015824144,51.24672462713235
بیمارستان ابن‌سینا,hospital,hospital,hospital,True,True,35.72237526255654,51.33249668030072
persianpet veterinary hospital,hospital,hospital,hospital,True,True,35.751789878342535,51.40100352865751
درمانگاه شبانه‌روزی پیامبر,clinic,clinic,clinic,True,False,35.76826838350611,51.337165570418826
مرکز بهداشت غرب تهران,hospital,hospital,hospital,True,True,35.68750119441143,51.345583972779934
بیمارستان امام سجاد ناجا,hospital,hospital,hospital,True,True,35.71185833510059,51.43127522424114
پایگاه انتقال خون,,blood_donation,blood_donation,False,True,35.80514703483184,51.43397585902334
بیمارستان فرهیختگان,hospital,hospital,hospital,True,True,35.77898029818655,51.31701464079232
کلینیک باروری امید,clinic,clinic,clinic,True,False,35.69758240000001,51.437721950000004
بیمارستان بقیه الله الاعظم,hospital,hospital,hospital,True,True,35.75596303803648,51.3952033923308
درمانگاه شبیر,clinic,clinic,clinic,True,False,35.654603117226245,51.445120150095775
مرکز درمان ناباروری ابن سینا,clinic,clinic,clinic,True,False,35.7717141095985,51.439296308399534
درمانگاه دانشگاه امام صادق,clinic,clinic,clinic,True,False,35.77011680438796,51.38370024931428
درمانگاه طوس,clinic,clinic,clinic,True,False,35.66520689042388,51.44501395606285
کلینیک تامین اجتماعی,clinic,clinic,clinic,True,False,35.67143836131541,51.34917880028299
ساختمان پزشکان فارابی,clinic,clinic,clinic,True,False,35.77474798582716,51.48493089197106
یمارستان فوق تخصصی عدل,hospital,hospital,hospital,True,True,35.79192669309376,51.37848937524345
بیمارستان سلامت فردا,hospital,hospital,hospital,True,True,35.74368823718312,51.327500297168406
بیمارستان جم,hospital,,hospital,True,True,35.72289692832235,51.422962074828355
آزمایشگاه پاتوبیولوژی عماد,,laboratory,laboratory,True,False,35.72354624446665,51.42387946288486
مرکز تخصصی دندانپزشکی دکتر بهرام شکری,clinic,clinic,clinic,True,False,35.7539795,51.3923242
بيمارستان شهرام,hospital,hospital,hospital,True,True,35.72066961117576,51.4064678949559
مرکز تخصصی درمان وزوز گوش و سمعک -فراشنوا,clinic,audiologist,clinic,True,False,35.72168497065609,51.4074982436966
ساختمان پزشکان رازی,doctors,doctor,doctors,True,False,35.71853010084723,51.389684030330876
ساختمان پزشکان,doctors,doctor,doctors,True,False,35.718845226929034,51.38953716285078
ساختمان پزشکان سبحان,doctors,doctor,doctors,True,False,35.71885490909512,51.38960130652591
ساختمان پزشکان تخصصی و فوق تخصصی جامی,doctors,doctor,doctors,True,False,35.71887186212847,51.38970092336283
بیمارستان روانپزشکی صدر,hospital,hospital,hospital,True,True,35.78958348917184,51.455738966025045
مطب پوست و مو دکتر سینا صفایی,doctors,doctor,doctors,True,False,35.80202676673473,51.47853566005808
کلینیک شبانه روزی نیاوران,clinic,clinic,clinic,True,False,35.81318158378008,51.438733581451885
ساختمان پزشکان ساسان,clinic,clinic,clinic,True,False,35.79157436723542,51.48774905899782
unnamed,hospital,hospital,hospital,True,True,35.79373583258952,51.46010204087627
مرکز بهداشت سید الشهدای ازگل,clinic,,clinic,True,False,35.79242499421919,51.49658791846308
بیمارستان امید,hospital,hospital,hospital,True,True,35.76558081214953,51.31613723040315
بيمارستان عرفان نيايش,hospital,hospital,hospital,True,True,35.76558159089723,51.31562683131311
unnamed,clinic,clinic,clinic,True,False,35.7994392001225,51.4035048714681
مجتمع پزشکی کوهستان,clinic,,clinic,True,False,35.791495394198094,51.47659992638368
درمانگاه شهرک امید,clinic,clinic,clinic,True,False,35.76301863939773,51.533447855796425
بیمارستان سینا,hospital,hospital,hospital,True,True,35.68714111789747,51.41311444691623
درمانگاه فرهنگیان مرکزی,clinic,clinic,clinic,True,False,35.685547427213606,51.41379685888126
مرکز ‌بهداشت عباس آباد,clinic,clinic,clinic,True,False,35.572220739851616,51.46787088682352
بیمارستان شهید صنیع خانی,hospital,hospital,hospital,True,True,35.694883733038814,51.24115886915853
موسسه حسابرسی هوشیار ممیز,doctors,doctor,doctors,True,False,35.75914963561272,51.411539631175266
درمانگاه خاندان حکیم,hospital,hospital,hospital,True,True,35.666432221044225,51.36546205581568
مرکز پزشکی چند تخصصی یادمان,clinic,clinic,clinic,True,False,35.76929241965086,51.36453011711513
مرکز جامع اهدای خون شهر ری (شهید علیرضا اسدی آذر),,blood_donation,blood_donation,False,True,35.58509449155975,51.447378739167156
unnamed,,clinic,clinic,True,False,35.718089813178295,51.322324133449754
بیمارستان خیریه امام علی,hospital,hospital,hospital,True,True,35.65795459468426,51.263389734065655
درمانگاه و خانه بهداشت حکیمیه,clinic,clinic,clinic,True,False,35.737295342985114,51.592007344604696
بیمارستان نیکان سپید,hospital,hospital,hospital,True,True,35.73918566180991,51.59447302450489
آزمایشگاه پاتوبیولوژی دانش,,laboratory,laboratory,True,False,35.705184527394124,51.3998341572083
درمانگاه شهدای بدر,hospital,hospital,hospital,True,True,35.64018170000001,51.441838800000006
مرکز درمان ناباروری مام,clinic,clinic,clinic,True,False,35.74775915,51.401835999999996
بیمارستان اکبر آبادی,hospital,hospital,hospital,True,True,35.66822698068202,51.42662157458127
بیمارستان فوق تخصصی نیکان غرب و چشم آفتاب,hospital,hospital,hospital,True,True,35.75717583030222,51.27040221168465
مرکز تصویر برداری پزشکی کوروش,clinic,,clinic,True,False,35.723607542998806,51.41801987706684
کلینیک شایان تهران,clinic,,clinic,True,False,35.75912707174008,51.43636730439727
بیمارستان تندیس,hospital,hospital,hospital,True,True,35.77452277037678,51.421606179639575
پلی کلینیک فداییان اسلام,clinic,clinic,clinic,True,False,35.6197002504963,51.43669663559777
کلینیک تخصصی داخلی مسعود,clinic,clinic,clinic,True,False,35.73468166228821,51.38690062184917
unnamed,hospital,hospital,hospital,True,True,35.64588904249628,51.49048712717059
ساختمان پزشکان نگین زمرد,doctors,doctor,doctors,True,False,35.75797873623931,51.45065950929394
بیمارستان دادگستری,hospital,hospital,hospital,True,True,35.700377637245886,51.41734062262756
مرکز جامع خونگیری ستاری,,blood_donation,blood_donation,False,True,35.7472280753274,51.31541813867565
ساختمان پزشكان مينا,clinic,clinic,clinic,True,False,35.7636351588123,51.443461855649794
درمانگاه شبانه روزی حضرت ولیعصر,clinic,clinic,clinic,True,False,35.738804040313106,51.2435512310347
ساختمان پزشکان شباهنگ,clinic,clinic,clinic,True,False,35.70411308733542,51.38317506576109
آزمایشگاه دکتر ریاضی,,laboratory,laboratory,True,False,35.72631689138422,51.32254376106712
بیمارستان فارابی,hospital,hospital,hospital,True,True,35.67249320148156,51.39327567284609
بیمارستان یاس;مجتمع بیمارستانی یاس (دانشگاه علوم پزشکی تهران),hospital,hospital,hospital,True,True,35.71798804402094,51.41481772163033
بیمارستان کودکان حکیم,hospital,hospital,hospital,True,True,35.63359504119919,51.32269383202237
ستاد مرکز بحران طالقانی,clinic,clinic,clinic,True,False,35.75568912521964,51.42492407953292
کلینیک والفجر,clinic,clinic,clinic,True,False,35.743345164759766,51.39525162982815
مرکز بهداشت خاقانی,clinic,clinic,clinic,True,False,35.72189209624596,51.512508355957706
بیمارستان عرفان,hospital,hospital,hospital,True,True,35.7761081693824,51.36548702487621
بیمارستان قلب تهران,hospital,hospital,hospital,True,True,35.72047923129788,51.387845970419626
درمانگاه شهرداری,clinic,clinic,clinic,True,False,35.75292904400767,51.448380451949596
unnamed,hospital,hospital,hospital,True,True,35.71015710922094,51.39947376028619
درمانگاه شهرداری منطقه 21,clinic,clinic,clinic,True,False,35.72609176654196,51.17920558796592
مرکز جامع سلامت نگین آزادی,clinic,clinic,clinic,True,False,35.701175813220736,51.38095386525486
unnamed,,blood_donation,blood_donation,False,True,35.74785579408684,51.3742707196497
Iranian Blood Transfusion Organization,,blood_donation,blood_donation,False,True,35.74827703185521,51.374411345724255
unnamed,,blood_donation,blood_donation,False,True,35.747574054034075,51.37433842153606
unnamed,,blood_donation,blood_donation,False,True,35.748607655121184,51.375177673041954
ساختمان پزشکان هدیه,doctors,doctor,doctors,True,False,35.780766058261875,51.46234892441183
بیمارستان ساسان,hospital,hospital,hospital,True,True,35.710930247557826,51.4028327226198
unnamed,hospital,hospital,hospital,True,True,35.76189245471765,51.2467071942459
درمانگاه شهید مطهری,clinic,clinic,clinic,True,False,35.674987543671975,51.51155057455721
كلينيك ارتوپدي تهران,clinic,clinic,clinic,True,False,35.7617311,51.329475
کلینیک پوست،مو و زیبایی سلین(دکتر اسماعیل اطلابی),clinic,clinic,clinic,True,False,35.69210526286992,51.48542928144138
ساختمان پزشکان شفا,doctors,doctor,doctors,True,False,35.700005361419024,51.36484072063699
ساختمان پزشکان فجر,doctors,doctor,doctors,True,False,35.700022112256846,51.36468477211232
فیزیوتراپی کارنیک,clinic,clinic,clinic,True,False,35.71658978338333,51.40580945853258
unnamed,clinic,clinic,clinic,True,False,35.7356258250528,51.453228787166864
مرکز خدمات جامع سلامت شهید غفاری,clinic,clinic,clinic,True,False,35.70780246808695,51.30630276597744
همو دیالیز,clinic,clinic,clinic,True,False,35.675360749999996,51.26445525
بیمارستان محب کوثر,hospital,hospital,hospital,True,True,35.73044536345287,51.40895770927293
مرکز توانبخشی امید فردا,hospital,hospital,hospital,True,True,35.74719294308631,51.14475321540338
ساختمان پزشکان طلا,clinic,clinic,clinic,True,False,35.74885565924741,51.40934970377503
unnamed,clinic,,clinic,True,False,35.726071836164586,51.32259151810918
ساختمان پزشکان,doctors,doctor,doctors,True,False,35.661700598905135,51.34353349988135
کلینیک فوق تخصصی بهبود,clinic,clinic,clinic,True,False,35.729102675627324,51.42680480756119
بیمارستان تریتا,hospital,hospital,hospital,True,True,35.75762196080303,51.22433175442702
ساختمان پزشکان زیبا,doctors,doctor,doctors,True,False,35.76338101400032,51.445104942248
بیمارستان چشم پزشکی دکتر مسعود جوادی,clinic,clinic,clinic,True,False,35.7072897,51.467886750000005
کلینیک دکتر مهسا عاشقان,doctors,doctor,doctors,True,False,35.77060886275984,51.37442524415169
طب کار و کارت سلامت ایرانیان,clinic,clinic,clinic,True,False,35.70035471489325,51.242542544760745
دکتر سید محمد حسینی هوشیار,doctors,doctor,doctors,True,False,35.7868491,51.421834249999996
مرکز تصویربرداری مهر,clinic,clinic,clinic,True,False,35.71627468044992,51.40191169884796
unnamed,hospital,hospital,hospital,True,True,35.75521175852866,51.39441504836959
Asam Pathobiology Laboratory,,laboratory,laboratory,True,False,35.79220029848726,51.43466426941144
unnamed,doctors,doctor,doctors,True,False,35.79631917630984,51.44329871708932
بیمارستان در حال احداث حضرت عبدالعظیم,hospital,,hospital,True,True,35.583804232424114,51.442810879952745
sepidteb azmoon,,laboratory,laboratory,True,False,35.73217484846368,51.412834973569204
کلینیک مغز و شناخت,clinic,clinic,clinic,True,False,35.7175725458959,51.409960851834306
بیمارستان سرطان برکت,hospital,hospital,hospital,True,True,35.72441166346085,51.24773155995994
کلینیک شبانه روزی دکتر حمیدیه,clinic,clinic,clinic,True,False,35.73625137395222,51.44411595819885
بیمارستان هوشمند مهدی,hospital,hospital,hospital,True,True,35.70927597980334,51.37889391315475
بیمارستان برکت,hospital,hospital,hospital,True,True,35.724479437067565,51.2471215498844
درمانگاه ساختمان پزشکان,hospital,hospital,hospital,True,True,35.712239307649135,51.28259328289165
مرکز تصویر برداری پزشکی امید نوین,hospital,hospital,hospital,True,True,35.75625717068038,51.39555402632608
مرکز تصویربرداری پزشکی امید نوین,hospital,hospital,hospital,True,True,35.75625717068038,51.39555402632608
مرکز تصیربرداری پزشکی امید نوین,hospital,hospital,hospital,True,True,35.75625717068038,51.39555402632608
آزمایشگاه بابک,,laboratory,laboratory,True,False,35.6813094885871,51.44961702816837
پایگاه اورژانس,hospital,hospital,hospital,True,True,35.697100869577746,51.494053991872256
کلینیک چشم پزشکی تخصصی نور ساختمان ۱,clinic,clinic,clinic,True,False,35.723651241932025,51.43824387514029
کلینیک چشم پزشکی تخصصی نور ساختمان ۲,clinic,clinic,clinic,True,False,35.72354702075543,51.438671262856644
کلینیک چشم پزشکی تخصصی نور ساختمان ۳,clinic,clinic,clinic,True,False,35.723188549999996,51.43858025000001
دکتر عباس خیرخواه,clinic,clinic,clinic,True,False,35.80079073650358,51.4155192413732
ساختمان شمارهٔ ۱ بیمارستان رسول اکرم,,hospital,hospital,True,True,35.719712034472636,51.37120812460568
کلینیک دندانپزشکی رایا,clinic,clinic,clinic,True,False,35.77102391057846,51.41508445537188
آزمایشگاه اسپیناس,,hospital,hospital,True,True,35.78214423759591,51.37654879665333
مرکز زیبایی سمیتا,clinic,clinic,clinic,True,False,35.7780231186939,51.36093467024479
کلینیک دندانپزشکی نیاز (Niaz Dental Clinic),clinic,clinic,clinic,True,False,35.695271955656246,51.37715200469966
کلینیک دامپزشکی مدیک,hospital,hospital,hospital,True,True,35.75292015645162,51.25103861453183
