station_id,demand_id,route_energy_fraction,route_distance_km,straight_distance_km,detour_ratio,demand_name,demand_category,demand_latitude,demand_longitude,station_name,station_category,station_latitude,station_longitude,scenario,wind_speed_mps,wind_flow_bearing_deg,total_energy_fraction,battery_reserve_after_mission_fraction,unserved_reason
facility_2578,facility_1,0.6279564681483388,6.963477666595441,6.963477666595441,1.0,مطب دکتر شفیع زاده,doctors,35.6985188,51.3809752,بیمارستان سلامت فردا,hospital,35.74368823718312,51.327500297168406,CALM,0.0,,0.6679564681483389,0.33204353185166113,
facility_2578,facility_100,0.4959512839754735,5.499657802500301,5.499657802500301,1.0,درمانگاه شبانه روزی ساج,clinic,35.7849008,51.3613315,بیمارستان سلامت فردا,hospital,35.74368823718312,51.327500297168406,CALM,0.0,,0.5359512839754735,0.46404871602452646,
facility_2442,facility_1002,0.43710890984313566,4.847148307171406,4.847148307171406,1.0,دکتر عاطفه فرامرزی,doctors,35.8012584,51.4598896,بیمارستان کودکان حضرت علی اصغر,hospital,35.767388599236256,51.42599559885438,CALM,0.0,,0.47710890984313564,0.5228910901568644,
facility_2513,facility_1006,0.20446852070598048,2.2673736949574077,2.2673736949574077,1.0,مرکز سلامت جامع شهری بعثت,clinic,35.6492914,51.4299076,درمانگاه شبانه‌روزی یاس,hospital,35.63380147765345,51.413563736577125,CALM,0.0,,0.2444685207059805,0.7555314792940195,
facility_2442,facility_1007,0.06864452840505689,0.7612066516204329,0.7612066516204329,1.0,آزمایشگاه ظفر آریا,laboratory,35.7682953,51.4176483,بیمارستان کودکان حضرت علی اصغر,hospital,35.767388599236256,51.42599559885438,CALM,0.0,,0.1086445284050569,0.8913554715949431,
facility_1846,facility_1008,0.02671386709982695,0.2962329817010514,0.2962329817010514,1.0,مطب دکتر تکتم کیاماری,doctors,35.7440522,51.5342515,Turan Hearing Aid Center,hospital,35.7417034,51.5326919,CALM,0.0,,0.06671386709982695,0.933286132900173,
facility_2442,facility_1009,0.30873340853269826,3.4235783916497238,3.4235783916497238,1.0,آزمایشگاه کاخال,laboratory,35.780117,51.4605026,بیمارستان کودکان حضرت علی اصغر,hospital,35.767388599236256,51.42599559885438,CALM,0.0,,0.34873340853269824,0.6512665914673017,
facility_2442,facility_101,0.445171210564053,4.936552037938014,4.936552037938014,1.0,unnamed,clinic,35.7235184,51.4352105,بیمارستان کودکان حضرت علی اصغر,hospital,35.767388599236256,51.42599559885438,CALM,0.0,,0.485171210564053,0.514828789435947,
facility_2442,facility_1010,0.16786951054440144,1.861523285244848,1.861523285244848,1.0,دکتر قاسم اسحاقی,doctors,35.7559971,51.4108728,بیمارستان کودکان حضرت علی اصغر,hospital,35.767388599236256,51.42599559885438,CALM,0.0,,0.20786951054440145,0.7921304894555985,
facility_2442,facility_1011,0.259401512880723,2.8765316279842557,2.8765316279842557,1.0,مجتمع پزشکی صدر,doctors,35.7864287,51.4476054,بیمارستان کودکان حضرت علی اصغر,hospital,35.767388599236256,51.42599559885438,CALM,0.0,,0.299401512880723,0.700598487119277,
facility_2442,facility_1012,0.37923270512166496,4.205352769665988,4.205352769665988,1.0,دکتر نازنین علوی,clinic,35.7734565,51.3800705,بیمارستان کودکان حضرت علی اصغر,hospital,35.767388599236256,51.42599559885438,CALM,0.0,,0.41923270512166494,0.5807672948783351,
facility_2578,facility_1013,0.3958349583873549,4.389456964295421,4.389456964295421,1.0,کلینیک حنجره دکتر احمدی,doctors,35.7173821,51.3637635,بیمارستان سلامت فردا,hospital,35.74368823718312,51.327500297168406,CALM,0.0,,0.43583495838735486,0.5641650416126451,
facility_2442,facility_1014,0.16020049771143496,1.7764807667010611,1.7764807667010611,1.0,اورژانس اجتماعي تهران شميرانات,hospital,35.7632471,51.4070116,بیمارستان کودکان حضرت علی اصغر,hospital,35.767388599236256,51.42599559885438,CALM,0.0,,0.20020049771143497,0.799799502288565,
facility_2442,facility_1015,0.22091930224769396,2.449798203142745,2.449798203142745,1.0,کلینیک روانشناسی روان آرام,clinic,35.7601621,51.4003867,بیمارستان کودکان حضرت علی اصغر,hospital,35.767388599236256,51.42599559885438,CALM,0.0,,0.26091930224769394,0.7390806977523061,
facility_2513,facility_1017,0.4911668141753045,5.4466022958053575,5.4466022958053575,1.0,مرکز مشاوره روانشناسی دکتر علیرضا چیره نژاد,clinic,35.64736,51.4713845,درمانگاه شبانه‌روزی یاس,hospital,35.63380147765345,51.413563736577125,CALM,0.0,,0.5311668141753045,0.46883318582469546,
facility_2578,facility_1018,0.18593561777492434,2.0618603159199536,2.0618603159199536,1.0,کلینیک دندانپزشکی لبخند مشکوه,clinic,35.7298087,51.3426693,بیمارستان سلامت فردا,hospital,35.74368823718312,51.327500297168406,CALM,0.0,,0.22593561777492435,0.7740643822250757,
facility_2442,facility_1019,0.40813789085975566,4.525885522405212,4.525885522405212,1.0,کلینیک آفا,clinic,35.7713677,51.376164,بیمارستان کودکان حضرت علی اصغر,hospital,35.767388599236256,51.42599559885438,CALM,0.0,,0.44813789085975564,0.5518621091402444,
facility_2442,facility_102,0.42921774311902544,4.759642299933748,4.759642299933748,1.0,unnamed,clinic,35.7251761,51.4354727,بیمارستان کودکان حضرت علی اصغر,hospital,35.767388599236256,51.42599559885438,CALM,0.0,,0.4692177431190254,0.5307822568809746,
facility_2442,facility_1023,0.42157824815149764,4.674927108214628,4.674927108214628,1.0,کلینیک ارتوپدی طب نادر,clinic,35.7707022,51.3744368,بیمارستان کودکان حضرت علی اصغر,hospital,35.767388599236256,51.42599559885438,CALM,0.0,,0.4615782481514976,0.5384217518485024,
facility_2442,facility_1024,0.26681877195813786,2.9587824217140044,2.9587824217140044,1.0,کلنیک نسخه,clinic,35.7567496,51.3959809,بیمارستان کودکان حضرت علی اصغر,hospital,35.767388599236256,51.42599559885438,CALM,0.0,,0.30681877195813784,0.6931812280418621,
facility_2442,facility_1025,0.4732775889041443,5.248226728441997,5.248226728441997,1.0,کلینیک فیزیوتراپی آرکا,clinic,35.789427,51.37461,بیمارستان کودکان حضرت علی اصغر,hospital,35.767388599236256,51.42599559885438,CALM,0.0,,0.5132775889041443,0.4867224110958557,
facility_2578,facility_1027,0.24565611433086568,2.7241074064412834,2.7241074064412834,1.0,کلینیک زیبایی فلورا,clinic,35.7680269,51.3315467,بیمارستان سلامت فردا,hospital,35.74368823718312,51.327500297168406,CALM,0.0,,0.2856561143308657,0.7143438856691343,
facility_2442,facility_1029,0.12520328919293952,1.3883929098623,1.3883929098623,1.0,مطب خانم دکتر سمیه حجازی نیا,doctors,35.7664604,51.4413127,بیمارستان کودکان حضرت علی اصغر,hospital,35.767388599236256,51.42599559885438,CALM,0.0,,0.16520328919293953,0.8347967108070604,
facility_2578,facility_103,0.3823269451097926,4.23966513389077,4.23966513389077,1.0,دکتر کوهستانی,doctors,35.7701583,51.3613338,بیمارستان سلامت فردا,hospital,35.74368823718312,51.327500297168406,CALM,0.0,,0.4223269451097926,0.5776730548902074,
facility_2578,facility_1031,0.42268507453200393,4.68720082649351,4.68720082649351,1.0,آزمایشگاه فروزنده شاملو,laboratory,35.7710953,51.3669662,بیمارستان سلامت فردا,hospital,35.74368823718312,51.327500297168406,CALM,0.0,,0.4626850745320039,0.5373149254679961,
facility_2442,facility_1032,0.47341645790031694,5.249766661864902,5.249766661864902,1.0,مطب دکتر نرگس سروش,doctors,35.7810588,51.3703886,بیمارستان کودکان حضرت علی اصغر,hospital,35.767388599236256,51.42599559885438,CALM,0.0,,0.513416457900317,0.486583542099683,
facility_2442,facility_1033,0.1928453697956097,2.138483308624583,2.138483308624583,1.0,مطب زیبایی دکتر اسفندیارجلیل زاده,doctors,35.7866128,51.4241838,بیمارستان کودکان حضرت علی اصغر,hospital,35.767388599236256,51.42599559885438,CALM,0.0,,0.2328453697956097,0.7671546302043903,
facility_2442,facility_1034,0.06777568401725724,0.7515719415775062,0.7515719415775062,1.0,درمانگاه تخصصی داخلی ظفرآریا,clinic,35.7683265,51.4177611,بیمارستان کودکان حضرت علی اصغر,hospital,35.767388599236256,51.42599559885438,CALM,0.0,,0.10777568401725723,0.8922243159827428,
facility_2442,facility_1036,0.4402718534586592,4.882222533402954,4.882222533402954,1.0,نگار سنتر;مجموعه صنعتی آذرپترو,clinic,35.7826323,51.3753217,بیمارستان کودکان حضرت علی اصغر,hospital,35.767388599236256,51.42599559885438,CALM,0.0,,0.4802718534586592,0.5197281465413408,
facility_2442,facility_1037,0.29568090133754293,3.278837717802457,3.278837717802457,1.0,ساختمان یاس دکتر بنفشه شاه نظری,doctors,35.7407171,51.4103535,بیمارستان کودکان حضرت علی اصغر,hospital,35.767388599236256,51.42599559885438,CALM,0.0,,0.3356809013375429,0.6643190986624571,
facility_2442,facility_1038,0.37641483674581266,4.174105120349607,4.174105120349607,1.0,کلینیک باربد,doctors,35.7998358,51.4493942,بیمارستان کودکان حضرت علی اصغر,hospital,35.767388599236256,51.42599559885438,CALM,0.0,,0.41641483674581264,0.5835851632541873,
facility_2442,facility_1039,0.23244546932817772,2.5776131252233574,2.5776131252233574,1.0,مطب دکتر نفیسه جوادی,doctors,35.7801187,51.4498545,بیمارستان کودکان حضرت علی اصغر,hospital,35.767388599236256,51.42599559885438,CALM,0.0,,0.2724454693281777,0.7275545306718223,
facility_2578,facility_104,0.1783388890760425,1.9776193640115607,1.9776193640115607,1.0,آزمایشگاه دکتر ریاضی,laboratory,35.7263279,51.3225103,بیمارستان سلامت فردا,hospital,35.74368823718312,51.327500297168406,CALM,0.0,,0.2183388890760425,0.7816611109239575,
facility_2513,facility_1041,0.04086741070938308,0.4531831682624659,0.4531831682624659,1.0,کلینیک زیبایی دکتر صلح جو,clinic,35.6372836,51.4109449,درمانگاه شبانه‌روزی یاس,hospital,35.63380147765345,51.413563736577125,CALM,0.0,,0.08086741070938308,0.9191325892906169,
facility_2578,facility_1042,0.5493143357427954,6.0914064953656535,6.0914064953656535,1.0,آزمایشگاه پاتوبیولوژی آسا,laboratory,35.7213812,51.3890529,بیمارستان سلامت فردا,hospital,35.74368823718312,51.327500297168406,CALM,0.0,,0.5893143357427955,0.41068566425720454,
facility_2442,facility_1043,0.36363751443009457,4.0324160016010495,4.0324160016010495,1.0,کلنیک آلرژی و ایمونولوژی خورشید,clinic,35.7444305,51.4605811,بیمارستان کودکان حضرت علی اصغر,hospital,35.767388599236256,51.42599559885438,CALM,0.0,,0.40363751443009455,0.5963624855699055,
facility_2578,facility_1046,0.42635482430340904,4.727895081384339,4.727895081384339,1.0,کلینیک زیبایی سوین,clinic,35.7809391,51.3529271,بیمارستان سلامت فردا,hospital,35.74368823718312,51.327500297168406,CALM,0.0,,0.466354824303409,0.533645175696591,
facility_2442,facility_1047,0.39912179028997025,4.425905001235314,4.425905001235314,1.0,انجمن جراحان پستان ایران,doctors,35.8069887,51.4320322,بیمارستان کودکان حضرت علی اصغر,hospital,35.767388599236256,51.42599559885438,CALM,0.0,,0.4391217902899702,0.5608782097100298,
facility_2442,facility_1049,0.43718320123243776,4.847972132478518,4.847972132478518,1.0,دکتر مهدی اوصیا,doctors,35.8078085,51.4055771,بیمارستان کودکان حضرت علی اصغر,hospital,35.767388599236256,51.42599559885438,CALM,0.0,,0.47718320123243774,0.5228167987675623,
facility_2442,facility_105,0.5206250389282984,5.773267758412815,5.773267758412815,1.0,قضاوی,doctors,35.806854,51.4676503,بیمارستان کودکان حضرت علی اصغر,hospital,35.767388599236256,51.42599559885438,CALM,0.0,,0.5606250389282984,0.4393749610717016,
facility_2442,facility_1050,0.14334743764621122,1.589595348156006,1.589595348156006,1.0,دکتر شاهرخ خوش سیرت,doctors,35.7592725,51.4115024,بیمارستان کودکان حضرت علی اصغر,hospital,35.767388599236256,51.42599559885438,CALM,0.0,,0.18334743764621123,0.8166525623537888,
facility_2442,facility_1051,0.3926122385812623,4.353719873376375,4.353719873376375,1.0,دکتر نسرین راستا,doctors,35.7716943,51.3781206,بیمارستان کودکان حضرت علی اصغر,hospital,35.767388599236256,51.42599559885438,CALM,0.0,,0.4326122385812623,0.5673877614187377,
facility_2578,facility_1052,0.3840378371492555,4.258637402051151,4.258637402051151,1.0,دکتر هلن جوانمرد,doctors,35.7725671,51.3585453,بیمارستان سلامت فردا,hospital,35.74368823718312,51.327500297168406,CALM,0.0,,0.42403783714925547,0.5759621628507445,
facility_2442,facility_1055,0.23529709705194515,2.6092351356255308,2.6092351356255308,1.0,دکتر محسن اسدی,doctors,35.7830113,51.4475791,بیمارستان کودکان حضرت علی اصغر,hospital,35.767388599236256,51.42599559885438,CALM,0.0,,0.27529709705194516,0.7247029029480548,
facility_2442,facility_1057,0.2664367038194008,2.954545626512168,2.954545626512168,1.0,دکتر سیده معصومه قاضی میرسعید,doctors,35.7566191,51.3961023,بیمارستان کودکان حضرت علی اصغر,hospital,35.767388599236256,51.42599559885438,CALM,0.0,,0.3064367038194008,0.6935632961805992,
facility_2442,facility_1059,0.1877159530170624,2.08160264731792,2.08160264731792,1.0,دکتر معصومه صابریان,doctors,35.7859395,51.4225029,بیمارستان کودکان حضرت علی اصغر,hospital,35.767388599236256,51.42599559885438,CALM,0.0,,0.2277159530170624,0.7722840469829376,
facility_2442,facility_106,0.5411652074805274,6.001039924536543,6.001039924536543,1.0,دکتر مالک اطمینان راد متخصص ستون فقرات,doctors,35.7211539,51.3915216,بیمارستان کودکان حضرت علی اصغر,hospital,35.767388599236256,51.42599559885438,CALM,0.0,,0.5811652074805275,0.41883479251947253,
facility_2442,facility_1060,0.11254941731066896,1.2480727464153392,1.2480727464153392,1.0,دکتر افسانه ثنایی,doctors,35.7602727,51.4153001,بیمارستان کودکان حضرت علی اصغر,hospital,35.767388599236256,51.42599559885438,CALM,0.0,,0.15254941731066896,0.847450582689331,
facility_2442,facility_1061,0.06877400861046816,0.7626424717200431,0.7626424717200431,1.0,دکتر حمیدرضا فتحی,doctors,35.7626777,51.41985,بیمارستان کودکان حضرت علی اصغر,hospital,35.767388599236256,51.42599559885438,CALM,0.0,,0.10877400861046815,0.8912259913895318,
facility_2442,facility_1062,0.09863087964957105,1.0937285664110852,1.0937285664110852,1.0,دکتر رضا شیروانی بختیاری,doctors,35.77716,51.4243664,بیمارستان کودکان حضرت علی اصغر,hospital,35.767388599236256,51.42599559885438,CALM,0.0,,0.13863087964957105,0.861369120350429,
facility_2442,facility_1063,0.2106250716168004,2.3356443585229356,2.3356443585229356,1.0,دکتر شاهین جمیلی,doctors,35.7540411,51.4060117,بیمارستان کودکان حضرت علی اصغر,hospital,35.767388599236256,51.42599559885438,CALM,0.0,,0.2506250716168004,0.7493749283831996,
facility_2442,facility_1064,0.49753387924599096,5.51720737381693,5.51720737381693,1.0,دکتر مهرنوش امیری سیاوشانی,doctors,35.7989635,51.473168,بیمارستان کودکان حضرت علی اصغر,hospital,35.767388599236256,51.42599559885438,CALM,0.0,,0.5375338792459909,0.46246612075400906,
facility_2442,facility_1065,0.22870929701067322,2.5361823034846935,2.5361823034846935,1.0,دکتر پژمان سرشارزاده,doctors,35.7488803,51.4095208,بیمارستان کودکان حضرت علی اصغر,hospital,35.767388599236256,51.42599559885438,CALM,0.0,,0.2687092970106732,0.7312907029893267,
facility_2442,facility_1067,0.41150873317329595,4.5632651599415,4.5632651599415,1.0,دکتر امیر سعید صادقی,doctors,35.7759503,51.3766156,بیمارستان کودکان حضرت علی اصغر,hospital,35.767388599236256,51.42599559885438,CALM,0.0,,0.45150873317329593,0.5484912668267041,
facility_2578,facility_1068,0.44968056271427653,4.986556735049404,4.986556735049404,1.0,دکتر محمدرضا ترحمی,doctors,35.7757547,51.366164,بیمارستان سلامت فردا,hospital,35.74368823718312,51.327500297168406,CALM,0.0,,0.4896805627142765,0.5103194372857235,
facility_2442,facility_1069,0.34743985219950446,3.8527983610242087,3.8527983610242087,1.0,دکتر سروش کانی,doctors,35.8000411,51.4114491,بیمارستان کودکان حضرت علی اصغر,hospital,35.767388599236256,51.42599559885438,CALM,0.0,,0.38743985219950444,0.6125601478004956,
facility_2578,facility_1070,0.4370724287144095,4.846743763961769,4.846743763961769,1.0,دکتر فتانه ضیایی,doctors,35.775578,51.3641563,بیمارستان سلامت فردا,hospital,35.74368823718312,51.327500297168406,CALM,0.0,,0.47707242871440947,0.5229275712855905,
facility_2442,facility_1071,0.4200507944457376,4.657989007715111,4.657989007715111,1.0,دکتر نوید توفیقی راد,doctors,35.8048044,51.4025868,بیمارستان کودکان حضرت علی اصغر,hospital,35.767388599236256,51.42599559885438,CALM,0.0,,0.4600507944457376,0.5399492055542624,
facility_2442,facility_1073,0.4712871626978035,5.226154675460792,5.226154675460792,1.0,دکتر مهدی آریانا,doctors,35.7811867,51.3707093,بیمارستان کودکان حضرت علی اصغر,hospital,35.767388599236256,51.42599559885438,CALM,0.0,,0.5112871626978035,0.4887128373021965,
facility_2442,facility_1076,0.15225831028491413,1.6884089853376618,1.6884089853376618,1.0,دکتر پریسا اشتر نخعی,doctors,35.7631656,51.4439405,بیمارستان کودکان حضرت علی اصغر,hospital,35.767388599236256,51.42599559885438,CALM,0.0,,0.19225831028491414,0.8077416897150859,
facility_2442,facility_1077,0.15961280954427437,1.7699638286097754,1.7699638286097754,1.0,دکتر بهزاد فرخی,doctors,35.7600716,51.4085952,بیمارستان کودکان حضرت علی اصغر,hospital,35.767388599236256,51.42599559885438,CALM,0.0,,0.19961280954427438,0.8003871904557256,
facility_2442,facility_1078,0.08563764019300253,0.9496451189719094,0.9496451189719094,1.0,کلینیک نیلفروش‌زاده,clinic,35.7613516,51.418546,بیمارستان کودکان حضرت علی اصغر,hospital,35.767388599236256,51.42599559885438,CALM,0.0,,0.12563764019300253,0.8743623598069975,
facility_2442,facility_1079,0.4321102411718959,4.791717525866569,4.791717525866569,1.0,دکتر لیلا تدین,doctors,35.7549242,51.4767471,بیمارستان کودکان حضرت علی اصغر,hospital,35.767388599236256,51.42599559885438,CALM,0.0,,0.4721102411718959,0.5278897588281042,
facility_2442,facility_1080,0.2987582285003792,3.312962533865592,3.312962533865592,1.0,کلینیک کاردرمانی و گفتاردرمانی حامی,clinic,35.7623864,51.4621274,بیمارستان کودکان حضرت علی اصغر,hospital,35.767388599236256,51.42599559885438,CALM,0.0,,0.3387582285003792,0.6612417714996208,
facility_2578,facility_1081,0.4891020692100614,5.423706114012563,5.423706114012563,1.0,دکتر سعید ظفرمند,doctors,35.7249898,51.3829194,بیمارستان سلامت فردا,hospital,35.74368823718312,51.327500297168406,CALM,0.0,,0.5291020692100614,0.4708979307899386,
facility_2578,facility_1082,0.5633863844726744,6.247452976330648,6.247452976330648,1.0,دکتر پرویز محمدی,clinic,35.711643,51.3843124,بیمارستان سلامت فردا,hospital,35.74368823718312,51.327500297168406,CALM,0.0,,0.6033863844726745,0.39661361552732555,
facility_2578,facility_1083,0.1926592154110473,2.136419022379931,2.136419022379931,1.0,کلینیک زیبایی آنا,clinic,35.7616514,51.3360319,بیمارستان سلامت فردا,hospital,35.74368823718312,51.327500297168406,CALM,0.0,,0.2326592154110473,0.7673407845889527,
facility_2442,facility_1084,0.37023384225371064,4.105563399249069,4.105563399249069,1.0,دکتر پرویز محمدی,hospital,35.7658532,51.3806161,بیمارستان کودکان حضرت علی اصغر,hospital,35.767388599236256,51.42599559885438,CALM,0.0,,0.4102338422537106,0.5897661577462894,
facility_2442,facility_1085,0.23098959419592455,2.561468767321144,2.561468767321144,1.0,دکتر مریم تراب پرهیز,doctors,35.7468376,51.4130691,بیمارستان کودکان حضرت علی اصغر,hospital,35.767388599236256,51.42599559885438,CALM,0.0,,0.27098959419592455,0.7290104058040754,
facility_2578,facility_1086,0.05426339744575089,0.6017327241509011,0.6017327241509011,1.0,دکتر لیلا سلطانی,doctors,35.7382973,51.3267518,بیمارستان سلامت فردا,hospital,35.74368823718312,51.327500297168406,CALM,0.0,,0.0942633974457509,0.9057366025542491,
facility_2442,facility_1087,0.44561151464691645,4.941434617866797,4.941434617866797,1.0,دکتر الهه ثناگو,doctors,35.7538591,51.4780755,بیمارستان کودکان حضرت علی اصغر,hospital,35.767388599236256,51.42599559885438,CALM,0.0,,0.48561151464691643,0.5143884853530836,
facility_2442,facility_1088,0.16806193506113581,1.863657101668041,1.863657101668041,1.0,دکتر مهدی مقتدایی,doctors,35.7558955,51.4109566,بیمارستان کودکان حضرت علی اصغر,hospital,35.767388599236256,51.42599559885438,CALM,0.0,,0.20806193506113582,0.7919380649388642,
facility_2578,facility_1090,0.42281993037567017,4.688696257631195,4.688696257631195,1.0,دکتر شاهین بهجو,doctors,35.7776437,51.358396,بیمارستان سلامت فردا,hospital,35.74368823718312,51.327500297168406,CALM,0.0,,0.46281993037567015,0.5371800696243298,
facility_2442,facility_1091,0.1368641589144678,1.517701564200039,1.517701564200039,1.0,دکتر علیرضا فروتن,doctors,35.7588771,51.4128496,بیمارستان کودکان حضرت علی اصغر,hospital,35.767388599236256,51.42599559885438,CALM,0.0,,0.1768641589144678,0.8231358410855322,
facility_2442,facility_1092,0.2453395556389887,2.7205970526303704,2.7205970526303704,1.0,دکتر مهران زمان زاده,doctors,35.7459405,51.4113934,بیمارستان کودکان حضرت علی اصغر,hospital,35.767388599236256,51.42599559885438,CALM,0.0,,0.2853395556389887,0.7146604443610113,
facility_2442,facility_1093,0.07156535909733101,0.7935960612773342,0.7935960612773342,1.0,دکتر رفیع پرنیا,doctors,35.7627594,51.4193014,بیمارستان کودکان حضرت علی اصغر,hospital,35.767388599236256,51.42599559885438,CALM,0.0,,0.11156535909733101,0.888434640902669,
facility_2442,facility_1098,0.23077503410738148,2.5590894871313594,2.5590894871313594,1.0,دکتر ناصر مهربان,doctors,35.7800469,51.4496672,بیمارستان کودکان حضرت علی اصغر,hospital,35.767388599236256,51.42599559885438,CALM,0.0,,0.27077503410738146,0.7292249658926185,
facility_2442,facility_1100,0.46965831020459115,5.208092152763784,5.208092152763784,1.0,دکتر میترا بهمن پور,doctors,35.8108974,51.4043194,بیمارستان کودکان حضرت علی اصغر,hospital,35.767388599236256,51.42599559885438,CALM,0.0,,0.5096583102045912,0.4903416897954088,
facility_2442,facility_1102,0.32362052114958917,3.588663204827128,3.588663204827128,1.0,گروه روانشناسی و روانپزشکی مهربد,doctors,35.7982584,51.4141001,بیمارستان کودکان حضرت علی اصغر,hospital,35.767388599236256,51.42599559885438,CALM,0.0,,0.36362052114958915,0.6363794788504109,
facility_2442,facility_1105,0.13841698980184933,1.5349210750304088,1.5349210750304088,1.0,منصور ابوالقاسمیان,doctors,35.7614728,51.4106453,بیمارستان کودکان حضرت علی اصغر,hospital,35.767388599236256,51.42599559885438,CALM,0.0,,0.17841698980184933,0.8215830101981507,
facility_2442,facility_1108,0.288502670177791,3.1992375306844156,3.1992375306844156,1.0,دکتر شراره صفاپور,doctors,35.7715447,51.4610196,بیمارستان کودکان حضرت علی اصغر,hospital,35.767388599236256,51.42599559885438,CALM,0.0,,0.328502670177791,0.671497329822209,
facility_2442,facility_1110,0.19323862832700464,2.1428441953093587,2.1428441953093587,1.0,دکتر کامران جزایری,doctors,35.7866474,51.424108,بیمارستان کودکان حضرت علی اصغر,hospital,35.767388599236256,51.42599559885438,CALM,0.0,,0.23323862832700465,0.7667613716729953,
facility_2442,facility_1111,0.19314570021254332,2.1418137053272135,2.1418137053272135,1.0,دکتر کامران جزایری,doctors,35.7866365,51.4240839,بیمارستان کودکان حضرت علی اصغر,hospital,35.767388599236256,51.42599559885438,CALM,0.0,,0.23314570021254333,0.7668542997874567,
facility_2442,facility_1112,0.14772280181263353,1.638114237922273,1.638114237922273,1.0,کلینیک روانشناسی روانمهر,clinic,35.7821579,51.4260719,بیمارستان کودکان حضرت علی اصغر,hospital,35.767388599236256,51.42599559885438,CALM,0.0,,0.18772280181263354,0.8122771981873664,
facility_2578,facility_1113,0.09044209822619641,1.0029222773598019,1.0029222773598019,1.0,دکتر مریم چمنی,doctors,35.7346505,51.3278635,بیمارستان سلامت فردا,hospital,35.74368823718312,51.327500297168406,CALM,0.0,,0.1304420982261964,0.8695579017738035,
facility_2442,facility_1115,0.44544765552162957,4.939617566180448,4.939617566180448,1.0,دکتر علیرضا بخشایی کیا,doctors,35.8102489,51.4111424,بیمارستان کودکان حضرت علی اصغر,hospital,35.767388599236256,51.42599559885438,CALM,0.0,,0.48544765552162955,0.5145523444783704,
facility_2442,facility_1118,0.4122512751728124,4.571499289045049,4.571499289045049,1.0,دکتر ساره حیدری,doctors,35.7757292,51.3764657,بیمارستان کودکان حضرت علی اصغر,hospital,35.767388599236256,51.42599559885438,CALM,0.0,,0.4522512751728124,0.5477487248271876,
facility_2442,facility_1119,0.44197208238468616,4.901076557137115,4.901076557137115,1.0,دکتر پوپک یحیوی,doctors,35.7232268,51.4240973,بیمارستان کودکان حضرت علی اصغر,hospital,35.767388599236256,51.42599559885438,CALM,0.0,,0.48197208238468614,0.5180279176153139,
facility_2442,facility_112,0.1261547189283886,1.3989434178197548,1.3989434178197548,1.0,انجمن دندانپزشکان عمومی ایران,doctors,35.7793917,51.4212408,بیمارستان کودکان حضرت علی اصغر,hospital,35.767388599236256,51.42599559885438,CALM,0.0,,0.1661547189283886,0.8338452810716114,
facility_2442,facility_1120,0.3028236592963244,3.3580445387315185,3.3580445387315185,1.0,ناهید نفیسی,doctors,35.7735522,51.4623683,بیمارستان کودکان حضرت علی اصغر,hospital,35.767388599236256,51.42599559885438,CALM,0.0,,0.34282365929632436,0.6571763407036757,
facility_2442,facility_1121,0.37876052186062953,4.200116678058467,4.200116678058467,1.0,دکتر زهرا خلج,doctors,35.7733822,51.3801145,بیمارستان کودکان حضرت علی اصغر,hospital,35.767388599236256,51.42599559885438,CALM,0.0,,0.4187605218606295,0.5812394781393705,
facility_2442,facility_1122,0.2501713202408417,2.7741770165321067,2.7741770165321067,1.0,دکتر ربابه غیبی,doctors,35.770611,51.3955606,بیمارستان کودکان حضرت علی اصغر,hospital,35.767388599236256,51.42599559885438,CALM,0.0,,0.2901713202408417,0.7098286797591583,
facility_2442,facility_1123,0.45047503625270446,4.9953667386438525,4.9953667386438525,1.0,دکتر حامد بصیرزاده,doctors,35.724615,51.4086941,بیمارستان کودکان حضرت علی اصغر,hospital,35.767388599236256,51.42599559885438,CALM,0.0,,0.49047503625270444,0.5095249637472956,
facility_2442,facility_1125,0.19367874502541105,2.147724697311489,2.147724697311489,1.0,دکتر مسعود پورشاهی,clinic,35.7866914,51.4241058,بیمارستان کودکان حضرت علی اصغر,hospital,35.767388599236256,51.42599559885438,CALM,0.0,,0.23367874502541106,0.7663212549745889,
facility_2442,facility_1126,0.4421827070768736,4.903412197288104,4.903412197288104,1.0,دکتر محمدرضا آریانی,doctors,35.7232316,51.4233418,بیمارستان کودکان حضرت علی اصغر,hospital,35.767388599236256,51.42599559885438,CALM,0.0,,0.4821827070768736,0.5178172929231264,
facility_2578,facility_1127,0.43329027064330566,4.804803001193093,4.804803001193093,1.0,دکتر سوره علاف اکبری,doctors,35.7321811,51.3787267,بیمارستان سلامت فردا,hospital,35.74368823718312,51.327500297168406,CALM,0.0,,0.47329027064330564,0.5267097293566944,
facility_2578,facility_1128,0.23782466010640674,2.6372635576156,2.6372635576156,1.0,دکتر حبیب رشادی,doctors,35.7673341,51.3305729,بیمارستان سلامت فردا,hospital,35.74368823718312,51.327500297168406,CALM,0.0,,0.2778246601064067,0.7221753398935933,
facility_2442,facility_1129,0.34791592065031335,3.8580775359242674,3.8580775359242674,1.0,دکتر طاهره نوروززاده,clinic,35.771109,51.3835583,بیمارستان کودکان حضرت علی اصغر,hospital,35.767388599236256,51.42599559885438,CALM,0.0,,0.38791592065031333,0.6120840793496867,
facility_2578,facility_113,0.2264285021000557,2.5108903203174497,2.5108903203174497,1.0,دکتر چناری,doctors,35.7314102,51.3508291,بیمارستان سلامت فردا,hospital,35.74368823718312,51.327500297168406,CALM,0.0,,0.2664285021000557,0.7335714978999444,
facility_2442,facility_1134,0.10150791594222744,1.125632335200938,1.125632335200938,1.0,دکتر محمدرضا آخوندی نسب,doctors,35.7764255,51.420328,بیمارستان کودکان حضرت علی اصغر,hospital,35.767388599236256,51.42599559885438,CALM,0.0,,0.14150791594222745,0.8584920840577726,
facility_2442,facility_1135,0.13352582093237542,1.4806823707352523,1.4806823707352523,1.0,دکتر غلامرضا بیاضیان,doctors,35.7606471,51.4118577,بیمارستان کودکان حضرت علی اصغر,hospital,35.767388599236256,51.42599559885438,CALM,0.0,,0.17352582093237542,0.8264741790676245,
facility_2442,facility_1139,0.3953481978137268,4.384059223280932,4.384059223280932,1.0,مرکز ناباروری بهاران,doctors,35.7303368,51.4091053,بیمارستان کودکان حضرت علی اصغر,hospital,35.767388599236256,51.42599559885438,CALM,0.0,,0.4353481978137268,0.5646518021862732,
facility_2442,facility_114,0.2192798015587843,2.431617601443945,2.431617601443945,1.0,مطب دکتر فرزانه,doctors,35.7506357,51.4086453,بیمارستان کودکان حضرت علی اصغر,hospital,35.767388599236256,51.42599559885438,CALM,0.0,,0.2592798015587843,0.7407201984412157,
facility_2442,facility_1141,0.32779953767087244,3.6350047741720513,3.6350047741720513,1.0,دکتر سعید انصاری,doctors,35.7986177,51.4137938,بیمارستان کودکان حضرت علی اصغر,hospital,35.767388599236256,51.42599559885438,CALM,0.0,,0.3677995376708724,0.6322004623291275,
facility_2442,facility_1142,0.23457584091359093,2.601237047754672,2.601237047754672,1.0,دکتر علیرضا قربانی شریف,doctors,35.7475431,51.4106622,بیمارستان کودکان حضرت علی اصغر,hospital,35.767388599236256,51.42599559885438,CALM,0.0,,0.27457584091359094,0.725424159086409,
facility_2513,facility_1143,0.4553935283982732,5.049908433723426,5.049908433723426,1.0,دکتر محمدرضا مقیمی,doctors,35.5921617,51.4361202,درمانگاه شبانه‌روزی یاس,hospital,35.63380147765345,51.413563736577125,CALM,0.0,,0.49539352839827316,0.5046064716017269,
facility_2578,facility_1144,0.3743538972195263,4.1512511374838565,4.1512511374838565,1.0,دکتر زهرا امام,doctors,35.771784,51.357839,بیمارستان سلامت فردا,hospital,35.74368823718312,51.327500297168406,CALM,0.0,,0.41435389721952626,0.5856461027804738,
facility_2442,facility_1148,0.23605842637459262,2.6176775994014236,2.6176775994014236,1.0,دکتر سامان ستوده نیا,doctors,35.7470975,51.4112074,بیمارستان کودکان حضرت علی اصغر,hospital,35.767388599236256,51.42599559885438,CALM,0.0,,0.2760584263745926,0.7239415736254073,
facility_2442,facility_1149,0.25011251295090237,2.773524896089215,2.773524896089215,1.0,دکتر سارا لطفی,doctors,35.7664664,51.4566574,بیمارستان کودکان حضرت علی اصغر,hospital,35.767388599236256,51.42599559885438,CALM,0.0,,0.29011251295090235,0.7098874870490977,
facility_2578,facility_115,0.39788868799323873,4.4122309955685886,4.4122309955685886,1.0,دکتر سهیلا عارفی,doctors,35.7769338,51.3543045,بیمارستان سلامت فردا,hospital,35.74368823718312,51.327500297168406,CALM,0.0,,0.4378886879932387,0.5621113120067613,
facility_2442,facility_1151,0.14377422455470434,1.5943280346660287,1.5943280346660287,1.0,دکتر بابک نیکومرام,doctors,35.7592226,51.411481,بیمارستان کودکان حضرت علی اصغر,hospital,35.767388599236256,51.42599559885438,CALM,0.0,,0.18377422455470435,0.8162257754452956,
facility_2442,facility_1154,0.31565565513803584,3.5003399381643585,3.5003399381643585,1.0,دکتر فریده کردلو,doctors,35.7421152,51.4491838,بیمارستان کودکان حضرت علی اصغر,hospital,35.767388599236256,51.42599559885438,CALM,0.0,,0.3556556551380358,0.6443443448619641,
facility_2442,facility_1157,0.2109607024815176,2.339366205735641,2.339366205735641,1.0,دکتر آرش میرمحمد صادقی,doctors,35.7570996,51.4485859,بیمارستان کودکان حضرت علی اصغر,hospital,35.767388599236256,51.42599559885438,CALM,0.0,,0.2509607024815176,0.7490392975184824,
facility_1846,facility_1158,0.014932037713612158,0.1655829924677784,0.1655829924677784,1.0,دکتر نگار حدادی,doctors,35.7402977,51.5320752,Turan Hearing Aid Center,hospital,35.7417034,51.5326919,CALM,0.0,,0.05493203771361216,0.9450679622863878,
facility_2442,facility_1159,0.49797968944857685,5.522151011706992,5.522151011706992,1.0,دکتر رزیتا جعفری,doctors,35.7988856,51.473317,بیمارستان کودکان حضرت علی اصغر,hospital,35.767388599236256,51.42599559885438,CALM,0.0,,0.5379796894485769,0.4620203105514231,
facility_2442,facility_1161,0.32362662918430724,3.5887309374893483,3.5887309374893483,1.0,دکتر علیرضا جباری,doctors,35.7982512,51.4140695,بیمارستان کودکان حضرت علی اصغر,hospital,35.767388599236256,51.42599559885438,CALM,0.0,,0.3636266291843072,0.6363733708156928,
facility_2578,facility_1162,0.42581324186595265,4.721889414751159,4.721889414751159,1.0,دکتر آزاده مکری,doctors,35.7713909,51.3671611,بیمارستان سلامت فردا,hospital,35.74368823718312,51.327500297168406,CALM,0.0,,0.46581324186595263,0.5341867581340474,
facility_2442,facility_1163,0.4121761822342371,4.5706665752707485,4.5706665752707485,1.0,دکتر فرشته جلالپور,doctors,35.7688223,51.4765296,بیمارستان کودکان حضرت علی اصغر,hospital,35.767388599236256,51.42599559885438,CALM,0.0,,0.45217618223423706,0.5478238177657629,
facility_2442,facility_1164,0.13963216234879697,1.5483962557490358,1.5483962557490358,1.0,دکتر یاسمین افسری,doctors,35.7665564,51.4430946,بیمارستان کودکان حضرت علی اصغر,hospital,35.767388599236256,51.42599559885438,CALM,0.0,,0.17963216234879698,0.820367837651203,
facility_2442,facility_1165,0.33321059136663206,3.6950085379270097,3.6950085379270097,1.0,دکتر کاوه قرنی زاده,doctors,35.7972686,51.4079153,بیمارستان کودکان حضرت علی اصغر,hospital,35.767388599236256,51.42599559885438,CALM,0.0,,0.37321059136663204,0.626789408633368,
facility_2442,facility_1166,0.4027870950084658,4.466549964450315,4.466549964450315,1.0,دکتر احمد طاهری,doctors,35.7824664,51.3801728,بیمارستان کودکان حضرت علی اصغر,hospital,35.767388599236256,51.42599559885438,CALM,0.0,,0.4427870950084658,0.5572129049915342,
facility_2442,facility_1168,0.3113547467231891,3.452646696336355,3.452646696336355,1.0,دکتر ندا هادی,doctors,35.7419752,51.448051,بیمارستان کودکان حضرت علی اصغر,hospital,35.767388599236256,51.42599559885438,CALM,0.0,,0.35135474672318906,0.648645253276811,
facility_2578,facility_1169,0.2561257616376372,2.8402064656846897,2.8402064656846897,1.0,دکتر زهرا پرتو,doctors,35.7678779,51.3378103,بیمارستان سلامت فردا,hospital,35.74368823718312,51.327500297168406,CALM,0.0,,0.29612576163763715,0.7038742383623628,
facility_2442,facility_117,0.22824633171078154,2.5310484308522314,2.5310484308522314,1.0,ساختمان پزشکان کاوه,clinic,35.780236,51.4491389,بیمارستان کودکان حضرت علی اصغر,hospital,35.767388599236256,51.42599559885438,CALM,0.0,,0.26824633171078155,0.7317536682892185,
facility_2442,facility_1170,0.2773340581934176,3.0753875760062157,3.0753875760062157,1.0,دکتر بهناز عطار شاکری,doctors,35.7565681,51.3946728,بیمارستان کودکان حضرت علی اصغر,hospital,35.767388599236256,51.42599559885438,CALM,0.0,,0.3173340581934176,0.6826659418065824,
facility_2442,facility_1171,0.15208713338937013,1.6865107860999462,1.6865107860999462,1.0,دکتر داوود نجفی توانا,doctors,35.7637134,51.4440995,بیمارستان کودکان حضرت علی اصغر,hospital,35.767388599236256,51.42599559885438,CALM,0.0,,0.19208713338937014,0.8079128666106299,
facility_2442,facility_1177,0.13126363158026946,1.4555967066326914,1.4555967066326914,1.0,مطب پوست و مو دکتر امیر سلیمانی,doctors,35.7589602,51.413653,بیمارستان کودکان حضرت علی اصغر,hospital,35.767388599236256,51.42599559885438,CALM,0.0,,0.17126363158026947,0.8287363684197305,
facility_2578,facility_1178,0.25354501290916986,2.811588261963072,2.811588261963072,1.0,دکتر داریوش محمدی,doctors,35.7594327,51.3031274,بیمارستان سلامت فردا,hospital,35.74368823718312,51.327500297168406,CALM,0.0,,0.29354501290916984,0.7064549870908301,
facility_1846,facility_118,0.20404251133639864,2.2626496306610546,2.2626496306610546,1.0,آزمایشگاه فراز,laboratory,35.7283552,51.5137706,Turan Hearing Aid Center,hospital,35.7417034,51.5326919,CALM,0.0,,0.24404251133639865,0.7559574886636014,
facility_2578,facility_1180,0.38324690121405064,4.249866627324127,4.249866627324127,1.0,دکتر لیلا صدقی,doctors,35.7723909,51.358644,بیمارستان سلامت فردا,hospital,35.74368823718312,51.327500297168406,CALM,0.0,,0.4232469012140506,0.5767530987859494,
facility_2578,facility_1182,0.43048403965960585,4.773684400185729,4.773684400185729,1.0,دکتر مجید محمودی مظفر,doctors,35.7713203,51.3679853,بیمارستان سلامت فردا,hospital,35.74368823718312,51.327500297168406,CALM,0.0,,0.47048403965960583,0.5295159603403942,
facility_2442,facility_1183,0.1261949394259593,1.3993894272977667,1.3993894272977667,1.0,دکتر مرتضی جعفری,doctors,35.7664259,51.4414315,بیمارستان کودکان حضرت علی اصغر,hospital,35.767388599236256,51.42599559885438,CALM,0.0,,0.1661949394259593,0.8338050605740407,
facility_2442,facility_1184,0.3239847516366106,3.5927021963663757,3.5927021963663757,1.0,دکتر بیتا زلالی,doctors,35.7757116,51.4644084,بیمارستان کودکان حضرت علی اصغر,hospital,35.767388599236256,51.42599559885438,CALM,0.0,,0.3639847516366106,0.6360152483633894,
facility_2442,facility_1185,0.15307857346561612,1.6975049730840603,1.6975049730840603,1.0,دکتر محمدرضا مقدم نیا,doctors,35.7545253,51.4158207,بیمارستان کودکان حضرت علی اصغر,hospital,35.767388599236256,51.42599559885438,CALM,0.0,,0.19307857346561613,0.8069214265343838,
facility_2442,facility_1186,0.2921798267120911,3.2400139199756643,3.2400139199756643,1.0,دکتر کیانا کیا,doctors,35.7561611,51.3929074,بیمارستان کودکان حضرت علی اصغر,hospital,35.767388599236256,51.42599559885438,CALM,0.0,,0.33217982671209106,0.667820173287909,
facility_2442,facility_1188,0.09583561724402552,1.0627315971614713,1.0627315971614713,1.0,دکتر ندا مهرعلیزاده,doctors,35.7662022,51.4376618,بیمارستان کودکان حضرت علی اصغر,hospital,35.767388599236256,51.42599559885438,CALM,0.0,,0.1358356172440255,0.8641643827559745,
facility_2442,facility_1189,0.24554676350122936,2.72289480318195,2.72289480318195,1.0,دکتر مریم کرمعلی,doctors,35.7459221,51.4113817,بیمارستان کودکان حضرت علی اصغر,hospital,35.767388599236256,51.42599559885438,CALM,0.0,,0.2855467635012294,0.7144532364987706,
facility_2578,facility_1192,0.1149969329664936,1.2752135140838896,1.2752135140838896,1.0,دکتر نگین حدادی,doctors,35.7548048,51.3311013,بیمارستان سلامت فردا,hospital,35.74368823718312,51.327500297168406,CALM,0.0,,0.1549969329664936,0.8450030670335064,
facility_2442,facility_1193,0.43461614076254645,4.819505719347051,4.819505719347051,1.0,دکتر جهانگیر قربانی,doctors,35.8025187,51.4573823,بیمارستان کودکان حضرت علی اصغر,hospital,35.767388599236256,51.42599559885438,CALM,0.0,,0.47461614076254643,0.5253838592374536,
facility_2442,facility_1194,0.3114971836026194,3.454226194405285,3.454226194405285,1.0,دکتر احمد دانشی,doctors,35.737584,51.4149122,بیمارستان کودکان حضرت علی اصغر,hospital,35.767388599236256,51.42599559885438,CALM,0.0,,0.3514971836026194,0.6485028163973806,
facility_2578,facility_1195,0.33986932908501327,3.7688480056951974,3.7688480056951974,1.0,دکتر حمید ارونقی,doctors,35.7204177,51.3578702,بیمارستان سلامت فردا,hospital,35.74368823718312,51.327500297168406,CALM,0.0,,0.37986932908501325,0.6201306709149867,
facility_2513,facility_1197,0.3743409025850845,4.151107038567274,4.151107038567274,1.0,دکتر زهرا ستوده,doctors,35.6192958,51.4558229,درمانگاه شبانه‌روزی یاس,hospital,35.63380147765345,51.413563736577125,CALM,0.0,,0.4143409025850845,0.5856590974149155,
facility_2442,facility_1198,0.14576754919284102,1.6164322286730888,1.6164322286730888,1.0,دکتر ابراهیم شهسواری,doctors,35.7584509,51.4118716,بیمارستان کودکان حضرت علی اصغر,hospital,35.767388599236256,51.42599559885438,CALM,0.0,,0.18576754919284102,0.814232450807159,
facility_2442,facility_12,0.2793199093742026,3.0974088960307617,3.0974088960307617,1.0,مرکز تصویربرداری پزشکی ملاصدرا MRI,clinic,35.7532647,51.3964376,بیمارستان کودکان حضرت علی اصغر,hospital,35.767388599236256,51.42599559885438,CALM,0.0,,0.31931990937420257,0.6806800906257975,
facility_2442,facility_1200,0.3337575272432027,3.7010735694295747,3.7010735694295747,1.0,دکتر سامان خرمی نژاد,doctors,35.7934275,51.4516051,بیمارستان کودکان حضرت علی اصغر,hospital,35.767388599236256,51.42599559885438,CALM,0.0,,0.37375752724320266,0.6262424727567973,
facility_2578,facility_1201,0.6117217291719127,6.783448877945964,6.783448877945964,1.0,دکتر علی الستی,doctors,35.7008282,51.3810056,بیمارستان سلامت فردا,hospital,35.74368823718312,51.327500297168406,CALM,0.0,,0.6517217291719127,0.34827827082808727,
facility_2442,facility_1202,0.3180261759410505,3.526626901524521,3.526626901524521,1.0,دکتر علی فرجی,doctors,35.7806898,51.4614351,بیمارستان کودکان حضرت علی اصغر,hospital,35.767388599236256,51.42599559885438,CALM,0.0,,0.35802617594105046,0.6419738240589495,
facility_2442,facility_1204,0.4506192057927185,4.996965450374701,4.996965450374701,1.0,دکتر فاطمه چراغی,doctors,35.7826851,51.3739939,بیمارستان کودکان حضرت علی اصغر,hospital,35.767388599236256,51.42599559885438,CALM,0.0,,0.4906192057927185,0.5093807942072814,
facility_2442,facility_1207,0.44768814747728863,4.964462625490726,4.964462625490726,1.0,کلینیک هسته ای سارا,clinic,35.7236986,51.4140598,بیمارستان کودکان حضرت علی اصغر,hospital,35.767388599236256,51.42599559885438,CALM,0.0,,0.4876881474772886,0.5123118525227114,
facility_2578,facility_1209,0.20970423397953689,2.325433089674073,2.325433089674073,1.0,دکتر شراره صدری نائینی,doctors,35.7632627,51.3367166,بیمارستان سلامت فردا,hospital,35.74368823718312,51.327500297168406,CALM,0.0,,0.2497042339795369,0.7502957660204631,
facility_2442,facility_1210,0.4628751439111129,5.132872882974718,5.132872882974718,1.0,دکتر سپیده فاضلی,doctors,35.7814904,51.3719073,بیمارستان کودکان حضرت علی اصغر,hospital,35.767388599236256,51.42599559885438,CALM,0.0,,0.5028751439111129,0.4971248560888871,
facility_2442,facility_1213,0.42080297134552785,4.666329979277141,4.666329979277141,1.0,نادره شایگان,doctors,35.7403204,51.4655086,بیمارستان کودکان حضرت علی اصغر,hospital,35.767388599236256,51.42599559885438,CALM,0.0,,0.46080297134552783,0.5391970286544722,
facility_2442,facility_1218,0.6179460363512633,6.852470898152624,6.852470898152624,1.0,دکتر سعیده شاه علی,doctors,35.7999771,51.4904124,بیمارستان کودکان حضرت علی اصغر,hospital,35.767388599236256,51.42599559885438,CALM,0.0,,0.6579460363512634,0.34205396364873664,
facility_2442,facility_1221,0.592887867568383,6.574598135411772,6.574598135411772,1.0,دکتر خسرو حق شناس,doctors,35.7112433,51.4026729,بیمارستان کودکان حضرت علی اصغر,hospital,35.767388599236256,51.42599559885438,CALM,0.0,,0.632887867568383,0.367112132431617,
facility_2442,facility_1224,0.13032077441700493,1.445141260861837,1.445141260861837,1.0,دکتر بهنام نصیری,doctors,35.7587412,51.4140374,بیمارستان کودکان حضرت علی اصغر,hospital,35.767388599236256,51.42599559885438,CALM,0.0,,0.17032077441700494,0.829679225582995,
facility_2442,facility_1225,0.1335113240003672,1.4805216126773395,1.4805216126773395,1.0,دکتر فرزانه درویش زاده,doctors,35.7662628,51.4423158,بیمارستان کودکان حضرت علی اصغر,hospital,35.767388599236256,51.42599559885438,CALM,0.0,,0.1735113240003672,0.8264886759996328,
facility_1846,facility_1226,0.019704715814867574,0.2185077397292246,0.2185077397292246,1.0,دکتر فاطمه سیدی,doctors,35.740743,51.5348018,Turan Hearing Aid Center,hospital,35.7417034,51.5326919,CALM,0.0,,0.059704715814867575,0.9402952841851324,
facility_2578,facility_1228,0.606621294664593,6.726889604201428,6.726889604201428,1.0,دکتر اعظم صلاتی,doctors,35.7077455,51.3874122,بیمارستان سلامت فردا,hospital,35.74368823718312,51.327500297168406,CALM,0.0,,0.6466212946645931,0.35337870533540694,
facility_2442,facility_1229,0.2750840084476637,3.0504365293206273,3.0504365293206273,1.0,کلینیک فیزیوتراپی هدف,doctors,35.7543222,51.3963033,بیمارستان کودکان حضرت علی اصغر,hospital,35.767388599236256,51.42599559885438,CALM,0.0,,0.31508400844766365,0.6849159915523364,
facility_2442,facility_1232,0.18632878000921035,2.0662201347556004,2.0662201347556004,1.0,دکتر ابوالفضل رحیمی,doctors,35.7537254,51.4104586,بیمارستان کودکان حضرت علی اصغر,hospital,35.767388599236256,51.42599559885438,CALM,0.0,,0.22632878000921036,0.7736712199907896,
facility_2442,facility_1233,0.3189435555487437,3.5367998239068617,3.5367998239068617,1.0,دکتر لیلا آذرنوش,doctors,35.7806718,51.4615691,بیمارستان کودکان حضرت علی اصغر,hospital,35.767388599236256,51.42599559885438,CALM,0.0,,0.3589435555487437,0.6410564444512563,
facility_2442,facility_1234,0.3441558812350029,3.816382049338647,3.816382049338647,1.0,دکتر جاوید ظفری,doctors,35.7995779,51.4110744,بیمارستان کودکان حضرت علی اصغر,hospital,35.767388599236256,51.42599559885438,CALM,0.0,,0.3841558812350029,0.6158441187649971,
facility_2442,facility_1235,0.292889421984078,3.2478826992293803,3.2478826992293803,1.0,دکتر ناصر مهاجرانی,doctors,35.7412907,51.409701,بیمارستان کودکان حضرت علی اصغر,hospital,35.767388599236256,51.42599559885438,CALM,0.0,,0.332889421984078,0.667110578015922,
facility_2442,facility_1236,0.3207270800623228,3.5565775214831845,3.5565775214831845,1.0,دکتر امیر مصدق,doctors,35.775779,51.4639724,بیمارستان کودکان حضرت علی اصغر,hospital,35.767388599236256,51.42599559885438,CALM,0.0,,0.3607270800623228,0.6392729199376772,
facility_2442,facility_1238,0.07715008298440511,0.8555256726983539,0.8555256726983539,1.0,دکتر امیر مصدق,doctors,35.7657629,51.4352474,بیمارستان کودکان حضرت علی اصغر,hospital,35.767388599236256,51.42599559885438,CALM,0.0,,0.1171500829844051,0.8828499170155949,
facility_2442,facility_1240,0.13813655403796465,1.5318112923021825,1.5318112923021825,1.0,دکتر علی نبی پور,doctors,35.7659915,51.4428546,بیمارستان کودکان حضرت علی اصغر,hospital,35.767388599236256,51.42599559885438,CALM,0.0,,0.17813655403796466,0.8218634459620353,
facility_2513,facility_1241,0.059049694613715724,0.6548084947263527,0.6548084947263527,1.0,آزمایشگاه آلما,laboratory,35.6393051,51.4109459,درمانگاه شبانه‌روزی یاس,hospital,35.63380147765345,51.413563736577125,CALM,0.0,,0.09904969461371572,0.9009503053862843,
facility_2513,facility_1244,0.6675737426352287,7.40279793813323,7.40279793813323,1.0,آزمایشگاه شما,laboratory,35.6553764,51.4909439,درمانگاه شبانه‌روزی یاس,hospital,35.63380147765345,51.413563736577125,CALM,0.0,,0.7075737426352288,0.29242625736477124,
facility_2442,facility_1245,0.3315064141830688,3.676110731535021,3.676110731535021,1.0,آزمایشگاه ویان,laboratory,35.734745,51.4330368,بیمارستان کودکان حضرت علی اصغر,hospital,35.767388599236256,51.42599559885438,CALM,0.0,,0.3715064141830688,0.6284935858169312,
facility_2513,facility_1246,0.3742174077199083,4.149737590557399,4.149737590557399,1.0,آزمایشگاه الماس,laboratory,35.6192741,51.4557953,درمانگاه شبانه‌روزی یاس,hospital,35.63380147765345,51.413563736577125,CALM,0.0,,0.4142174077199083,0.5857825922800917,
facility_2442,facility_1247,0.14414931482272386,1.5984874514995124,1.5984874514995124,1.0,دکتر ایمان روغنی,doctors,35.7605642,51.4104207,بیمارستان کودکان حضرت علی اصغر,hospital,35.767388599236256,51.42599559885438,CALM,0.0,,0.18414931482272387,0.8158506851772761,
facility_2442,facility_1248,0.13729703582940952,1.5225017834548384,1.5225017834548384,1.0,کلینیک میلانی,clinic,35.7589142,51.412746,بیمارستان کودکان حضرت علی اصغر,hospital,35.767388599236256,51.42599559885438,CALM,0.0,,0.17729703582940953,0.8227029641705905,
facility_2442,facility_1249,0.46772247743340045,5.186625492330778,5.186625492330778,1.0,دکتر کامبیز ایزدپناه,doctors,35.7814446,51.3712655,بیمارستان کودکان حضرت علی اصغر,hospital,35.767388599236256,51.42599559885438,CALM,0.0,,0.5077224774334005,0.4922775225665995,
facility_2578,facility_1251,0.6473363068273668,7.178382808382683,7.178382808382683,1.0,مرکز روان شناسی و مشاوره رضوان,clinic,35.694583,51.3792013,بیمارستان سلامت فردا,hospital,35.74368823718312,51.327500297168406,CALM,0.0,,0.6873363068273668,0.3126636931726332,
facility_2442,facility_1252,0.41656418988392924,4.619325670000008,4.619325670000008,1.0,طب کار پرانا,clinic,35.7261213,51.4190983,بیمارستان کودکان حضرت علی اصغر,hospital,35.767388599236256,51.42599559885438,CALM,0.0,,0.4565641898839292,0.5434358101160708,
facility_2578,facility_1253,0.25172256139215066,2.7913788986060273,2.7913788986060273,1.0,آزمایشگاه آرتمیس,laboratory,35.7688538,51.3278996,بیمارستان سلامت فردا,hospital,35.74368823718312,51.327500297168406,CALM,0.0,,0.29172256139215064,0.7082774386078494,
facility_2442,facility_1254,0.27206495663482055,3.0169579349603866,3.0169579349603866,1.0,کلینیک زیبایی سو,clinic,35.7461678,51.4051181,بیمارستان کودکان حضرت علی اصغر,hospital,35.767388599236256,51.42599559885438,CALM,0.0,,0.31206495663482053,0.6879350433651794,
facility_2578,facility_1255,0.17469237700647947,1.9371827945272972,1.9371827945272972,1.0,آزمایشگاه پاتوبیولوژی الهام,laboratory,35.7265714,51.3232376,بیمارستان سلامت فردا,hospital,35.74368823718312,51.327500297168406,CALM,0.0,,0.21469237700647947,0.7853076229935205,
facility_2442,facility_1257,0.5873190518638225,6.512844931559221,6.512844931559221,1.0,کلینیک ژنتیک دکتر فرهود,clinic,35.7109826,51.4059716,بیمارستان کودکان حضرت علی اصغر,hospital,35.767388599236256,51.42599559885438,CALM,0.0,,0.6273190518638225,0.37268094813617747,
facility_2442,facility_1259,0.5935493352420331,6.581933222485913,6.581933222485913,1.0,مرکز لیزر و زیبایی مرجان,clinic,35.7098656,51.408103,بیمارستان کودکان حضرت علی اصغر,hospital,35.767388599236256,51.42599559885438,CALM,0.0,,0.6335493352420332,0.36645066475796684,
facility_2513,facility_126,0.08823489699885981,0.9784463825616139,0.9784463825616139,1.0,ساختمان شماره ۳ بیمارستان,hospital,35.640617,51.4204254,درمانگاه شبانه‌روزی یاس,hospital,35.63380147765345,51.413563736577125,CALM,0.0,,0.12823489699885982,0.8717651030011402,
facility_2442,facility_1260,0.3924859039907295,4.352318935342744,4.352318935342744,1.0,دکتر صالحیان متخصص تغذیه ورزشی,doctors,35.7803516,51.3805461,بیمارستان کودکان حضرت علی اصغر,hospital,35.767388599236256,51.42599559885438,CALM,0.0,,0.4324859039907295,0.5675140960092705,
facility_2442,facility_1261,0.2556723067511677,2.835178055062454,2.835178055062454,1.0,کلینیک دکتر رنگیانی,clinic,35.75675,51.3974779,بیمارستان کودکان حضرت علی اصغر,hospital,35.767388599236256,51.42599559885438,CALM,0.0,,0.2956723067511677,0.7043276932488323,
facility_2578,facility_1263,0.12296690295505404,1.3635933793035697,1.3635933793035697,1.0,مطب دکتر شبنم رفیع زاده,doctors,35.7358327,51.3391006,بیمارستان سلامت فردا,hospital,35.74368823718312,51.327500297168406,CALM,0.0,,0.16296690295505403,0.837033097044946,
facility_2442,facility_1265,0.0636601236167041,0.7059340440664218,0.7059340440664218,1.0,دکتر زهراسادات سعادت مندی,doctors,35.7724332,51.4212334,بیمارستان کودکان حضرت علی اصغر,hospital,35.767388599236256,51.42599559885438,CALM,0.0,,0.1036601236167041,0.8963398763832959,
facility_2442,facility_1267,0.5483017738174805,6.080178085896814,6.080178085896814,1.0,آزمایشگاه ویروس شناسی امیرآباد,laboratory,35.7212834,51.3896171,بیمارستان کودکان حضرت علی اصغر,hospital,35.767388599236256,51.42599559885438,CALM,0.0,,0.5883017738174805,0.4116982261825195,
facility_2442,facility_1268,0.3294170351262407,3.6529413796177193,3.6529413796177193,1.0,دکتر مهری مهراد,clinic,35.7989071,51.4142679,بیمارستان کودکان حضرت علی اصغر,hospital,35.767388599236256,51.42599559885438,CALM,0.0,,0.3694170351262407,0.6305829648737593,
facility_2442,facility_1270,0.2628086871260554,2.9143141542691295,2.9143141542691295,1.0,آزمایشگاه نگین پویا,laboratory,35.7441177,51.411026,بیمارستان کودکان حضرت علی اصغر,hospital,35.767388599236256,51.42599559885438,CALM,0.0,,0.30280868712605535,0.6971913128739446,
facility_2442,facility_1274,0.056399786544932703,0.6254233755477687,0.6254233755477687,1.0,Parshayan Co,laboratory,35.7721816,51.4223506,بیمارستان کودکان حضرت علی اصغر,hospital,35.767388599236256,51.42599559885438,CALM,0.0,,0.0963997865449327,0.9036002134550674,
facility_2578,facility_1277,0.38515416180439915,4.271016447731951,4.271016447731951,1.0,مرکز سلامت و زیبایی اپال ول بی,clinic,35.7769554,51.3512965,بیمارستان سلامت فردا,hospital,35.74368823718312,51.327500297168406,CALM,0.0,,0.42515416180439913,0.5748458381956009,
facility_2442,facility_1279,0.3392072561041006,3.761506206302898,3.761506206302898,1.0,دکتر محمدجواد امیدمعظم,doctors,35.7970716,51.4461269,بیمارستان کودکان حضرت علی اصغر,hospital,35.767388599236256,51.42599559885438,CALM,0.0,,0.37920725610410055,0.6207927438958994,
facility_2442,facility_128,0.21357802865663553,2.36839002074685,2.36839002074685,1.0,دکتر مهسا قربانی,doctors,35.7503106,51.4102685,بیمارستان کودکان حضرت علی اصغر,hospital,35.767388599236256,51.42599559885438,CALM,0.0,,0.25357802865663553,0.7464219713433644,
facility_2442,facility_1280,0.10528749720777952,1.1675445234922088,1.1675445234922088,1.0,دکتر فرزاد پرویزیان,doctors,35.7681768,51.4131155,بیمارستان کودکان حضرت علی اصغر,hospital,35.767388599236256,51.42599559885438,CALM,0.0,,0.14528749720777953,0.8547125027922204,
facility_2578,facility_1283,0.5641566789501168,6.255994855684464,6.255994855684464,1.0,مرکز فوق تخصصی چشم پزشکی بصیر,clinic,35.7115384,51.3843384,بیمارستان سلامت فردا,hospital,35.74368823718312,51.327500297168406,CALM,0.0,,0.6041566789501168,0.3958433210498832,
facility_2442,facility_1287,0.04039266960035901,0.4479187124000208,0.4479187124000208,1.0,مطب دکتر ماندانا احمدی,doctors,35.7701819,51.4224168,بیمارستان کودکان حضرت علی اصغر,hospital,35.767388599236256,51.42599559885438,CALM,0.0,,0.08039266960035901,0.919607330399641,
facility_2442,facility_1291,0.4588397436148006,5.088123889589869,5.088123889589869,1.0,آزمایشگاه پاتوبیولوژی و ژنتیک دکتر معین الدین صفوی,laboratory,35.7238954,51.4080976,بیمارستان کودکان حضرت علی اصغر,hospital,35.767388599236256,51.42599559885438,CALM,0.0,,0.4988397436148006,0.5011602563851993,
facility_2513,facility_1293,0.37295162976632174,4.135701240973074,4.135701240973074,1.0,درمانگاه اصحاب الحسین,clinic,35.6700134,51.4026635,درمانگاه شبانه‌روزی یاس,hospital,35.63380147765345,51.413563736577125,CALM,0.0,,0.4129516297663217,0.5870483702336783,
facility_2442,facility_1294,0.3297017267676801,3.6560983562356615,3.6560983562356615,1.0,گروه مشاورین هانا,clinic,35.7989167,51.4141866,بیمارستان کودکان حضرت علی اصغر,hospital,35.767388599236256,51.42599559885438,CALM,0.0,,0.3697017267676801,0.6302982732323199,
facility_2442,facility_1295,0.18760007467423107,2.0803176597538497,2.0803176597538497,1.0,دکتر فرهود گوراوانچی,doctors,35.7861368,51.4266754,بیمارستان کودکان حضرت علی اصغر,hospital,35.767388599236256,51.42599559885438,CALM,0.0,,0.22760007467423107,0.772399925325769,
facility_2442,facility_1298,0.3915574102209746,4.342022766806848,4.342022766806848,1.0,sheen center,doctors,35.7717054,51.3782523,بیمارستان کودکان حضرت علی اصغر,hospital,35.767388599236256,51.42599559885438,CALM,0.0,,0.4315574102209746,0.5684425897790254,
facility_2513,facility_13,0.4686570353839919,5.196988907228426,5.196988907228426,1.0,درمانگاه نور,clinic,35.5903596,51.4350716,درمانگاه شبانه‌روزی یاس,hospital,35.63380147765345,51.413563736577125,CALM,0.0,,0.5086570353839919,0.4913429646160081,
facility_2513,facility_1301,0.21505137457465337,2.3847281140951666,2.3847281140951666,1.0,درمانگاه شبانه‌روزی سینوهه,clinic,35.6350148,51.3872677,درمانگاه شبانه‌روزی یاس,hospital,35.63380147765345,51.413563736577125,CALM,0.0,,0.2550513745746534,0.7449486254253466,
facility_2442,facility_1303,0.1684882568327097,1.868384630224108,1.868384630224108,1.0,مطب دکتر لیلا پیرزاده,doctors,35.755892,51.410889,بیمارستان کودکان حضرت علی اصغر,hospital,35.767388599236256,51.42599559885438,CALM,0.0,,0.20848825683270972,0.7915117431672902,
facility_1846,facility_1309,0.15012609303940297,1.6647645960805084,1.6647645960805084,1.0,کلینیک روانشناسی روان رشد,clinic,35.7269921,51.5290396,Turan Hearing Aid Center,hospital,35.7417034,51.5326919,CALM,0.0,,0.19012609303940298,0.809873906960597,
facility_2442,facility_1310,0.27890174825415354,3.092771861828238,3.092771861828238,1.0,آزمایشگاه پاتوبیولوژی و ژنتیک غدیرخم (رهسا),laboratory,35.7570563,51.4577727,بیمارستان کودکان حضرت علی اصغر,hospital,35.767388599236256,51.42599559885438,CALM,0.0,,0.3189017482541535,0.6810982517458465,
facility_1846,facility_1311,0.323552696244901,3.58791108707217,3.58791108707217,1.0,دکتر مرتضی ترابی متخصص طب سوزنی و طب سنتی,doctors,35.740648,51.4930341,Turan Hearing Aid Center,hospital,35.7417034,51.5326919,CALM,0.0,,0.363552696244901,0.6364473037550991,
facility_2442,facility_1312,0.25779494156717103,2.8587161837151642,2.8587161837151642,1.0,مرکز تصویربرداری آرینا,doctors,35.7553542,51.4539599,بیمارستان کودکان حضرت علی اصغر,hospital,35.767388599236256,51.42599559885438,CALM,0.0,,0.297794941567171,0.702205058432829,
facility_2442,facility_1313,0.12084306850422373,1.34004194776961,1.34004194776961,1.0,دکتر محمدرضا مبینی,doctors,35.7668594,51.4408059,بیمارستان کودکان حضرت علی اصغر,hospital,35.767388599236256,51.42599559885438,CALM,0.0,,0.16084306850422372,0.8391569314957763,
facility_2442,facility_1317,0.2816137210368236,3.122845223378638,3.122845223378638,1.0,کلینیک پوست و مو و زیبایی آذین,clinic,35.7420685,51.4108877,بیمارستان کودکان حضرت علی اصغر,hospital,35.767388599236256,51.42599559885438,CALM,0.0,,0.32161372103682356,0.6783862789631765,
facility_2578,facility_1319,0.2387756523873025,2.6478092145918697,2.6478092145918697,1.0,مرکز لیزر رزت | Rozet clinic,clinic,35.7341584,51.354348,بیمارستان سلامت فردا,hospital,35.74368823718312,51.327500297168406,CALM,0.0,,0.2787756523873025,0.7212243476126975,
facility_2442,facility_1320,0.46694574270357636,5.178012196316887,5.178012196316887,1.0,کلینیک پوست و زیبایی آرتین,clinic,35.7227458,51.4092399,بیمارستان کودکان حضرت علی اصغر,hospital,35.767388599236256,51.42599559885438,CALM,0.0,,0.5069457427035764,0.4930542572964236,
facility_2513,facility_1322,0.06787398940476186,0.7526620607260722,0.7526620607260722,1.0,فیزیوتراپی ثمربخش,clinic,35.6403631,51.4114426,درمانگاه شبانه‌روزی یاس,hospital,35.63380147765345,51.413563736577125,CALM,0.0,,0.10787398940476187,0.8921260105952381,
facility_2513,facility_1327,0.2917426797837591,3.2351663500773293,3.2351663500773293,1.0,چشم پزشکی خیریه امیرالمومنین,clinic,35.6521416,51.4413511,درمانگاه شبانه‌روزی یاس,hospital,35.63380147765345,51.413563736577125,CALM,0.0,,0.3317426797837591,0.668257320216241,
facility_2513,facility_1328,0.32511601249224525,3.605246871201136,3.605246871201136,1.0,خانه و سلامت ارج شوش,clinic,35.6576604,51.4406105,درمانگاه شبانه‌روزی یاس,hospital,35.63380147765345,51.413563736577125,CALM,0.0,,0.36511601249224523,0.6348839875077548,
facility_2442,facility_1330,0.23546531257267048,2.6111004958553563,2.6111004958553563,1.0,ارتوپدی فنی پایارایستا,doctors,35.7873005,51.441408,بیمارستان کودکان حضرت علی اصغر,hospital,35.767388599236256,51.42599559885438,CALM,0.0,,0.2754653125726705,0.7245346874273295,
facility_2442,facility_1332,0.19608113350650816,2.174365044824645,2.174365044824645,1.0,موسسه رادیولوژی و سونوگرافی پرتوی مهر,doctors,35.7520729,51.4109814,بیمارستان کودکان حضرت علی اصغر,hospital,35.767388599236256,51.42599559885438,CALM,0.0,,0.23608113350650817,0.7639188664934918,
facility_2442,facility_1334,0.21133088665239644,2.3434712183236046,2.3434712183236046,1.0,آزمایشگاه دنا,laboratory,35.750127,51.4110462,بیمارستان کودکان حضرت علی اصغر,hospital,35.767388599236256,51.42599559885438,CALM,0.0,,0.25133088665239645,0.7486691133476036,
facility_2442,facility_1335,0.3469842681705376,3.847746340108933,3.847746340108933,1.0,مطب دکتر علی صادقی,doctors,35.7341625,51.4137556,بیمارستان کودکان حضرت علی اصغر,hospital,35.767388599236256,51.42599559885438,CALM,0.0,,0.3869842681705376,0.6130157318294625,
facility_2578,facility_1336,0.5267925381386331,5.841659828864052,5.841659828864052,1.0,کلینیک دکتر فروغ (مرکز جامع طب فیزیکی و توانبخشی),clinic,35.7101117,51.3772662,بیمارستان سلامت فردا,hospital,35.74368823718312,51.327500297168406,CALM,0.0,,0.5667925381386332,0.4332074618613668,
facility_2442,facility_1337,0.2496635980680299,2.768546830061322,2.768546830061322,1.0,کلینیک زیبایی آوابیوتی,doctors,35.7664406,51.4566011,بیمارستان کودکان حضرت علی اصغر,hospital,35.767388599236256,51.42599559885438,CALM,0.0,,0.2896635980680299,0.7103364019319701,
facility_2578,facility_134,0.6059406581845171,6.719341952145141,6.719341952145141,1.0,کلینیک کار درمانی صالحی,clinic,35.7077906,51.3873493,بیمارستان سلامت فردا,hospital,35.74368823718312,51.327500297168406,CALM,0.0,,0.6459406581845172,0.3540593418154828,
facility_2513,facility_1343,0.3763243785878112,4.1731020199836495,4.1731020199836495,1.0,رادیولوژی و سونوگرافی اطلس,doctors,35.6187302,51.45579,درمانگاه شبانه‌روزی یاس,hospital,35.63380147765345,51.413563736577125,CALM,0.0,,0.4163243785878112,0.5836756214121888,
facility_2442,facility_1347,0.43802830661334113,4.857343598088536,4.857343598088536,1.0,دکتر علیرضا شفیعی,doctors,35.801378,51.459888,بیمارستان کودکان حضرت علی اصغر,hospital,35.767388599236256,51.42599559885438,CALM,0.0,,0.4780283066133411,0.5219716933866589,
facility_2442,facility_1348,0.39699547261517826,4.402326032960393,4.402326032960393,1.0,مرکز زیبایی فلور,clinic,35.8070789,51.4264203,بیمارستان کودکان حضرت علی اصغر,hospital,35.767388599236256,51.42599559885438,CALM,0.0,,0.43699547261517824,0.5630045273848218,
facility_2578,facility_1349,0.5870145810331205,6.509468621357377,6.509468621357377,1.0,دکتر یسری جهانگیری,doctors,35.7085026,51.3851077,بیمارستان سلامت فردا,hospital,35.74368823718312,51.327500297168406,CALM,0.0,,0.6270145810331206,0.3729854189668794,
facility_2442,facility_1350,0.051860621130239835,0.5750880758996894,0.5750880758996894,1.0,سونوگرافی دکتر هدایی (مرکز تصویربرداری جردن),doctors,35.7681188,51.4196969,بیمارستان کودکان حضرت علی اصغر,hospital,35.767388599236256,51.42599559885438,CALM,0.0,,0.09186062113023984,0.9081393788697601,
facility_2442,facility_1352,0.2769726979686625,3.0713804131178417,3.0713804131178417,1.0,دکتر وحیدرضا حکمتی,doctors,35.759792,51.4586685,بیمارستان کودکان حضرت علی اصغر,hospital,35.767388599236256,51.42599559885438,CALM,0.0,,0.31697269796866245,0.6830273020313375,
facility_2442,facility_1353,0.38570398485439716,4.277113495415098,4.277113495415098,1.0,مطب زیبایی شاین,clinic,35.8059376,51.4247256,بیمارستان کودکان حضرت علی اصغر,hospital,35.767388599236256,51.42599559885438,CALM,0.0,,0.42570398485439714,0.5742960151456029,
facility_2442,facility_1354,0.28045899009212427,3.1100402861700918,3.1100402861700918,1.0,جراح و متخصص گوش حلق و بینی دکتر جابر قرشی,doctors,35.7469315,51.4495234,بیمارستان کودکان حضرت علی اصغر,hospital,35.767388599236256,51.42599559885438,CALM,0.0,,0.32045899009212425,0.6795410099078758,
facility_2578,facility_1356,0.4303115222089256,4.771771335386107,4.771771335386107,1.0,کلینیک ارتوپدی  دکتر کورش فاتح,clinic,35.7270876,51.3761822,بیمارستان سلامت فردا,hospital,35.74368823718312,51.327500297168406,CALM,0.0,,0.4703115222089256,0.5296884777910744,
facility_2513,facility_1358,0.4621032397499553,5.124313153662872,5.124313153662872,1.0,دکتر نرگس مهرابی,doctors,35.5942772,51.4428656,درمانگاه شبانه‌روزی یاس,hospital,35.63380147765345,51.413563736577125,CALM,0.0,,0.5021032397499553,0.4978967602500447,
facility_2578,facility_136,0.43381899791303,4.810666115471225,4.810666115471225,1.0,نصیری,doctors,35.7688571,51.3708374,بیمارستان سلامت فردا,hospital,35.74368823718312,51.327500297168406,CALM,0.0,,0.47381899791303,0.5261810020869699,
facility_2442,facility_1360,0.34620731522980075,3.839130624330464,3.839130624330464,1.0,دکتر مسیح کاویان,doctors,35.8013908,51.4180439,بیمارستان کودکان حضرت علی اصغر,hospital,35.767388599236256,51.42599559885438,CALM,0.0,,0.38620731522980073,0.6137926847701993,
facility_2578,facility_1367,0.26024582724464856,2.885894321920856,2.885894321920856,1.0,مطب پوست و مو و زیبایی آیدا,clinic,35.7341898,51.3572127,بیمارستان سلامت فردا,hospital,35.74368823718312,51.327500297168406,CALM,0.0,,0.30024582724464854,0.6997541727553515,
facility_2442,facility_137,0.19271292757203254,2.1370146423829355,2.1370146423829355,1.0,درمانگاه دروس,clinic,35.7675676,51.4496359,بیمارستان کودکان حضرت علی اصغر,hospital,35.767388599236256,51.42599559885438,CALM,0.0,,0.23271292757203255,0.7672870724279675,
facility_2442,facility_1370,0.00628933484058249,0.06974311902428108,0.06974311902428108,1.0,دکتر بابک رجبلو / مطب دکتر لو,doctors,35.7670076,51.4253818,بیمارستان کودکان حضرت علی اصغر,hospital,35.767388599236256,51.42599559885438,CALM,0.0,,0.046289334840582494,0.9537106651594175,
facility_2578,facility_1371,0.16291749282460907,1.806609821421408,1.806609821421408,1.0,کلینیک زیبایی زیباچه,clinic,35.7598399,51.3300877,بیمارستان سلامت فردا,hospital,35.74368823718312,51.327500297168406,CALM,0.0,,0.20291749282460908,0.7970825071753909,
facility_2442,facility_1372,0.3237586512331965,3.5901949443681205,3.5901949443681205,1.0,دکترعبدیزدانی,doctors,35.7973363,51.4109188,بیمارستان کودکان حضرت علی اصغر,hospital,35.767388599236256,51.42599559885438,CALM,0.0,,0.3637586512331965,0.6362413487668035,
facility_2442,facility_1373,0.3239036123127152,3.5918024335667433,3.5918024335667433,1.0,دکترسپیده اسدی,doctors,35.7973526,51.4109207,بیمارستان کودکان حضرت علی اصغر,hospital,35.767388599236256,51.42599559885438,CALM,0.0,,0.3639036123127152,0.6360963876872848,
facility_2442,facility_1374,0.5002304404104297,5.547109834254272,5.547109834254272,1.0,دکتر آنا آوامهر,doctors,35.8074144,51.4627997,بیمارستان کودکان حضرت علی اصغر,hospital,35.767388599236256,51.42599559885438,CALM,0.0,,0.5402304404104298,0.4597695595895702,
facility_2442,facility_1375,0.19080421043325443,2.1158486701509407,2.1158486701509407,1.0,انستیتو پوست مهسا مولایی (شماره ثبت 53416),clinic,35.7612784,51.4038224,بیمارستان کودکان حضرت علی اصغر,hospital,35.767388599236256,51.42599559885438,CALM,0.0,,0.23080421043325444,0.7691957895667456,
facility_2442,facility_1376,0.4380751745688992,4.85786332195215,4.85786332195215,1.0,دکتر شهاب آفرینگاه,clinic,35.8013572,51.4599285,بیمارستان کودکان حضرت علی اصغر,hospital,35.767388599236256,51.42599559885438,CALM,0.0,,0.4780751745688992,0.5219248254311009,
facility_2578,facility_1377,0.3825818089891524,4.242491347206443,4.242491347206443,1.0,مطب دکتر انارکی,doctors,35.7691554,51.3625149,بیمارستان سلامت فردا,hospital,35.74368823718312,51.327500297168406,CALM,0.0,,0.4225818089891524,0.5774181910108476,
facility_2442,facility_1378,0.11193639290802043,1.2412748520493357,1.2412748520493357,1.0,دکتر حبیب سهرابی (جراح زیبایی بینی),doctors,35.7601956,51.415476,بیمارستان کودکان حضرت علی اصغر,hospital,35.767388599236256,51.42599559885438,CALM,0.0,,0.15193639290802044,0.8480636070919796,
facility_2442,facility_1379,0.4909458132561882,5.44415159254387,5.44415159254387,1.0,کلینیک تخصصی پوست و مو هلیا,clinic,35.8049776,51.464736,بیمارستان کودکان حضرت علی اصغر,hospital,35.767388599236256,51.42599559885438,CALM,0.0,,0.5309458132561882,0.46905418674381183,
facility_2442,facility_138,0.2321356475085948,2.574177477323032,2.574177477323032,1.0,مرکز توانبخشی ارمغان عصر,clinic,35.7468783,51.4126691,بیمارستان کودکان حضرت علی اصغر,hospital,35.767388599236256,51.42599559885438,CALM,0.0,,0.2721356475085948,0.7278643524914052,
facility_2442,facility_1380,0.1526096665623823,1.6923052133650318,1.6923052133650318,1.0,مرکز خدمات بین الملل روانشناسی و لکنت زبان اسکیلا,clinic,35.7631062,51.4439642,بیمارستان کودکان حضرت علی اصغر,hospital,35.767388599236256,51.42599559885438,CALM,0.0,,0.19260966656238232,0.8073903334376177,
facility_2442,facility_1381,0.3579047125195456,3.968844336850407,3.968844336850407,1.0,دکتر کره ئی,clinic,35.7619733,51.4693948,بیمارستان کودکان حضرت علی اصغر,hospital,35.767388599236256,51.42599559885438,CALM,0.0,,0.39790471251954557,0.6020952874804544,
facility_2442,facility_1382,0.43454016556875913,4.818663222148617,4.818663222148617,1.0,مطب دکتر فاطمه نعمت اللهی,doctors,35.7246433,51.4355273,بیمارستان کودکان حضرت علی اصغر,hospital,35.767388599236256,51.42599559885438,CALM,0.0,,0.4745401655687591,0.5254598344312409,
facility_2578,facility_1384,0.6361094451454896,7.053886916464837,7.053886916464837,1.0,کلینیک باروری و درمان های پیشرفته ناباروری سارا,clinic,35.7056796,51.3900343,بیمارستان سلامت فردا,hospital,35.74368823718312,51.327500297168406,CALM,0.0,,0.6761094451454897,0.32389055485451035,
facility_2442,facility_1386,0.14792858732549524,1.6403962158866803,1.6403962158866803,1.0,مطب دكتر سعيد انوری,doctors,35.7636849,51.4435643,بیمارستان کودکان حضرت علی اصغر,hospital,35.767388599236256,51.42599559885438,CALM,0.0,,0.18792858732549525,0.8120714126745048,
facility_2442,facility_1391,0.2937330401601745,3.2572376730633215,3.2572376730633215,1.0,دکتر سارا جعفری محمدی,doctors,35.7413937,51.4092315,بیمارستان کودکان حضرت علی اصغر,hospital,35.767388599236256,51.42599559885438,CALM,0.0,,0.33373304016017447,0.6662669598398255,
facility_2442,facility_1392,0.34700396221699176,3.847964729534959,3.847964729534959,1.0,دکتر علی امینی اعصاب وروان,doctors,35.8012923,51.4169613,بیمارستان کودکان حضرت علی اصغر,hospital,35.767388599236256,51.42599559885438,CALM,0.0,,0.38700396221699174,0.6129960377830083,
facility_2578,facility_1394,0.35911869834080196,3.9823063578385964,3.9823063578385964,1.0,دکتر فاطمه زارعین متخصص اعصاب و روان,doctors,35.7714131,51.3554907,بیمارستان سلامت فردا,hospital,35.74368823718312,51.327500297168406,CALM,0.0,,0.39911869834080194,0.6008813016591981,
facility_2442,facility_1398,0.11495653508404714,1.2747655375656715,1.2747655375656715,1.0,مطب دکتر زهرا ترشیزی,doctors,35.7681089,51.4119208,بیمارستان کودکان حضرت علی اصغر,hospital,35.767388599236256,51.42599559885438,CALM,0.0,,0.15495653508404714,0.8450434649159528,
facility_2578,facility_14,0.2564522210419611,2.8438266095742226,2.8438266095742226,1.0,درمانگاه ایلیاد,clinic,35.7596124,51.3028471,بیمارستان سلامت فردا,hospital,35.74368823718312,51.327500297168406,CALM,0.0,,0.29645222104196106,0.7035477789580389,
facility_2442,facility_140,0.12971908515400282,1.438469063093893,1.438469063093893,1.0,مطب دکتر تقوى,doctors,35.7719957,51.4408716,بیمارستان کودکان حضرت علی اصغر,hospital,35.767388599236256,51.42599559885438,CALM,0.0,,0.16971908515400283,0.8302809148459972,
facility_2442,facility_1403,0.24519318912088364,2.718973978370195,2.718973978370195,1.0,Savagenome Genetic Clinic and Laboratory,laboratory,35.7456379,51.4121223,بیمارستان کودکان حضرت علی اصغر,hospital,35.767388599236256,51.42599559885438,CALM,0.0,,0.28519318912088365,0.7148068108791163,
facility_1846,facility_1405,0.11657572017787728,1.2927208574180453,1.2927208574180453,1.0,مطب پوست و زیبایی دکتر حدیث مهرابی,clinic,35.7532391,51.5306493,Turan Hearing Aid Center,hospital,35.7417034,51.5326919,CALM,0.0,,0.15657572017787727,0.8434242798221228,
facility_2578,facility_1410,0.21092425903681258,2.338962080408219,2.338962080408219,1.0,کلینیک زیبایی ستایش,clinic,35.7630617,51.33772,بیمارستان سلامت فردا,hospital,35.74368823718312,51.327500297168406,CALM,0.0,,0.2509242590368126,0.7490757409631874,
facility_2513,facility_1411,0.43931106251005964,4.871568217933335,4.871568217933335,1.0,دکتر سیف الدین زاهدی,doctors,35.6572647,51.3680733,درمانگاه شبانه‌روزی یاس,hospital,35.63380147765345,51.413563736577125,CALM,0.0,,0.4793110625100596,0.5206889374899404,
facility_2442,facility_1412,0.2858029128987376,3.1692996281840213,3.1692996281840213,1.0,رادیولوژی دکتر یاسر صافی,doctors,35.7563958,51.3936348,بیمارستان کودکان حضرت علی اصغر,hospital,35.767388599236256,51.42599559885438,CALM,0.0,,0.3258029128987376,0.6741970871012624,
facility_2513,facility_1414,0.6792219527830347,7.531966209079197,7.531966209079197,1.0,درمانگاه سجاد,clinic,35.6172386,51.4942288,درمانگاه شبانه‌روزی یاس,hospital,35.63380147765345,51.413563736577125,CALM,0.0,,0.7192219527830347,0.2807780472169653,
facility_2513,facility_1416,0.3686711617483516,4.088234664932216,4.088234664932216,1.0,مطب رز دکتر رضوان موسوی,clinic,35.6314194,51.3685068,درمانگاه شبانه‌روزی یاس,hospital,35.63380147765345,51.413563736577125,CALM,0.0,,0.40867116174835155,0.5913288382516484,
facility_2578,facility_1417,0.39201229148253014,4.3470669946577605,4.3470669946577605,1.0,کلینیک درد آزا سلامت,clinic,35.7703992,51.3626893,بیمارستان سلامت فردا,hospital,35.74368823718312,51.327500297168406,CALM,0.0,,0.4320122914825301,0.5679877085174698,
facility_2442,facility_1418,0.21136142327420468,2.3438098422486067,2.3438098422486067,1.0,آزمایشگاه دنا,laboratory,35.750112,51.4110658,بیمارستان کودکان حضرت علی اصغر,hospital,35.767388599236256,51.42599559885438,CALM,0.0,,0.2513614232742047,0.7486385767257953,
facility_2513,facility_142,0.3136295107828781,3.477871802740827,3.477871802740827,1.0,درمانگاه مهزیار,clinic,35.6563352,51.3868483,درمانگاه شبانه‌روزی یاس,hospital,35.63380147765345,51.413563736577125,CALM,0.0,,0.3536295107828781,0.6463704892171219,
facility_2578,facility_1424,0.6321799643539333,7.010312476004014,7.010312476004014,1.0,مطب دکتر بهزاد امیری,clinic,35.7056919,51.3894437,بیمارستان سلامت فردا,hospital,35.74368823718312,51.327500297168406,CALM,0.0,,0.6721799643539333,0.32782003564606665,
facility_2578,facility_1425,0.527062534786793,5.844653851101072,5.844653851101072,1.0,کلینیک دکتر فروغ (مرکز جامع طب فیزیکی و توانبخشی),clinic,35.7100623,51.377259,بیمارستان سلامت فردا,hospital,35.74368823718312,51.327500297168406,CALM,0.0,,0.567062534786793,0.432937465213207,
facility_2442,facility_1426,0.4872723654116923,5.403416329317777,5.403416329317777,1.0,کلینیک زیبایی ملورا,clinic,35.8001922,51.4701995,بیمارستان کودکان حضرت علی اصغر,hospital,35.767388599236256,51.42599559885438,CALM,0.0,,0.5272723654116923,0.4727276345883077,
facility_2578,facility_1427,0.5108568350564455,5.66494708181405,5.66494708181405,1.0,مرکز پرستاری کیانمهر,clinic,35.7093113,51.3738276,بیمارستان سلامت فردا,hospital,35.74368823718312,51.327500297168406,CALM,0.0,,0.5508568350564456,0.44914316494355444,
facility_2513,facility_143,0.30848772973635147,3.4208540327199377,3.4208540327199377,1.0,آزمایشگاه تشخیص طبی جواد,laboratory,35.6558827,51.3871816,درمانگاه شبانه‌روزی یاس,hospital,35.63380147765345,51.413563736577125,CALM,0.0,,0.34848772973635145,0.6515122702636486,
facility_2442,facility_1430,0.39202377987556447,4.34719439069933,4.34719439069933,1.0,کلینیک مشاوره آنید,clinic,35.7717804,51.378205,بیمارستان کودکان حضرت علی اصغر,hospital,35.767388599236256,51.42599559885438,CALM,0.0,,0.43202377987556445,0.5679762201244356,
facility_2442,facility_1431,0.41269317641243847,4.57639958001912,4.57639958001912,1.0,دکتر پدرام اطمینانی,doctors,35.8018591,51.4538271,بیمارستان کودکان حضرت علی اصغر,hospital,35.767388599236256,51.42599559885438,CALM,0.0,,0.45269317641243845,0.5473068235875616,
facility_2442,facility_1432,0.23522169775952928,2.608399024660127,2.608399024660127,1.0,unnamed,clinic,35.747377,51.4108393,بیمارستان کودکان حضرت علی اصغر,hospital,35.767388599236256,51.42599559885438,CALM,0.0,,0.27522169775952926,0.7247783022404708,
facility_2578,facility_1433,0.3335779304697107,3.6990820012482777,3.6990820012482777,1.0,کلینیک پوست، مو و زیبایی دکتر مهسا گرجی,clinic,35.7665917,51.3572429,بیمارستان سلامت فردا,hospital,35.74368823718312,51.327500297168406,CALM,0.0,,0.37357793046971066,0.6264220695302893,
facility_2578,facility_1434,0.2538065287532307,2.814488239639786,2.814488239639786,1.0,کلینیک پوست آرتمیس,clinic,35.7690616,51.3279513,بیمارستان سلامت فردا,hospital,35.74368823718312,51.327500297168406,CALM,0.0,,0.29380652875323066,0.7061934712467693,
facility_2442,facility_1435,0.10051156894325247,1.1145837348162653,1.1145837348162653,1.0,انجمن دنیای بهتر,clinic,35.7723149,51.4367431,بیمارستان کودکان حضرت علی اصغر,hospital,35.767388599236256,51.42599559885438,CALM,0.0,,0.14051156894325248,0.8594884310567475,
facility_2578,facility_1438,0.5874259335450781,6.514030154163244,6.514030154163244,1.0,کلینیک درمان زخم دنیای زخم,clinic,35.7085136,51.3851808,بیمارستان سلامت فردا,hospital,35.74368823718312,51.327500297168406,CALM,0.0,,0.6274259335450781,0.37257406645492186,
facility_2578,facility_1439,0.5886595593792885,6.527709965394091,6.527709965394091,1.0,دکتر عبدالرسول مولودی,doctors,35.7083285,51.3851996,بیمارستان سلامت فردا,hospital,35.74368823718312,51.327500297168406,CALM,0.0,,0.6286595593792885,0.3713404406207115,
facility_2442,facility_1440,0.21065260457725773,2.3359496745200863,2.3359496745200863,1.0,مرکز پوست دکتر رکسانا صدوقی,clinic,35.7881016,51.4213154,بیمارستان کودکان حضرت علی اصغر,hospital,35.767388599236256,51.42599559885438,CALM,0.0,,0.25065260457725774,0.7493473954227423,
facility_2513,facility_1442,0.3265439901713895,3.621081871207488,3.621081871207488,1.0,مطب دکتر چراغچی,doctors,35.6188456,51.4491101,درمانگاه شبانه‌روزی یاس,hospital,35.63380147765345,51.413563736577125,CALM,0.0,,0.3665439901713895,0.6334560098286105,
facility_2442,facility_1443,0.10133904195656475,1.1237596731817083,1.1237596731817083,1.0,دكترمكارچيان,clinic,35.7713893,51.4145736,بیمارستان کودکان حضرت علی اصغر,hospital,35.767388599236256,51.42599559885438,CALM,0.0,,0.14133904195656474,0.8586609580434352,
facility_2442,facility_1444,0.25051561183056903,2.7779949034676967,2.7779949034676967,1.0,دکتر حمید احمدی,doctors,35.7453669,51.4113563,بیمارستان کودکان حضرت علی اصغر,hospital,35.767388599236256,51.42599559885438,CALM,0.0,,0.290515611830569,0.709484388169431,
facility_2442,facility_1445,0.16035472774105936,1.7781910402968961,1.7781910402968961,1.0,کلینیک دندانپزشکی نیلا,doctors,35.760072,51.4084926,بیمارستان کودکان حضرت علی اصغر,hospital,35.767388599236256,51.42599559885438,CALM,0.0,,0.20035472774105936,0.7996452722589407,
facility_2442,facility_1447,0.33027888135868755,3.6624984863537633,3.6624984863537633,1.0,دکتر مهدی آقاعلیخانی,doctors,35.7990008,51.4142828,بیمارستان کودکان حضرت علی اصغر,hospital,35.767388599236256,51.42599559885438,CALM,0.0,,0.37027888135868753,0.6297211186413125,
facility_2578,facility_1448,0.3867198085451775,4.288378074956425,4.288378074956425,1.0,مطب دکتر حسین ملازم,doctors,35.7702249,51.3619999,بیمارستان سلامت فردا,hospital,35.74368823718312,51.327500297168406,CALM,0.0,,0.4267198085451775,0.5732801914548225,
facility_1846,facility_1449,0.02891111191126597,0.320598468718989,0.320598468718989,1.0,مطب زیبایی دکتر اسما ارجمندی,doctors,35.743818,51.5302746,Turan Hearing Aid Center,hospital,35.7417034,51.5326919,CALM,0.0,,0.06891111191126598,0.931088888088734,
facility_2513,facility_1451,0.47826364959185413,5.303517698444324,5.303517698444324,1.0,کلینیک فیزیوتراپی مدیا,clinic,35.6772358,51.3890573,درمانگاه شبانه‌روزی یاس,hospital,35.63380147765345,51.413563736577125,CALM,0.0,,0.5182636495918541,0.4817363504081459,
facility_2442,facility_1456,0.25013387311872975,2.773761761316608,2.773761761316608,1.0,کلینیک زیبایی لیلین,clinic,35.766887,51.4566748,بیمارستان کودکان حضرت علی اصغر,hospital,35.767388599236256,51.42599559885438,CALM,0.0,,0.29013387311872973,0.7098661268812703,
facility_2442,facility_1457,0.3227375472226528,3.5788718107858535,3.5788718107858535,1.0,مطب دکتر سید حسن دیباجی,doctors,35.7808161,51.462,بیمارستان کودکان حضرت علی اصغر,hospital,35.767388599236256,51.42599559885438,CALM,0.0,,0.3627375472226528,0.6372624527773472,
facility_2513,facility_1458,0.03870785894191368,0.4292356635142903,0.4292356635142903,1.0,کلینیک رادیولوژی دهان، فک و صورت دکتر میرزایی,doctors,35.6370043,51.4109025,درمانگاه شبانه‌روزی یاس,hospital,35.63380147765345,51.413563736577125,CALM,0.0,,0.07870785894191368,0.9212921410580863,
facility_2578,facility_1459,0.44990986643457176,4.98909950897743,4.98909950897743,1.0,کلینیک درد افتخار,clinic,35.7756996,51.3662727,بیمارستان سلامت فردا,hospital,35.74368823718312,51.327500297168406,CALM,0.0,,0.48990986643457174,0.5100901335654282,
facility_2442,facility_146,0.44289757233578064,4.911339416000737,4.911339416000737,1.0,۳۴۴ clinic,clinic,35.7236966,51.4171623,بیمارستان کودکان حضرت علی اصغر,hospital,35.767388599236256,51.42599559885438,CALM,0.0,,0.4828975723357806,0.5171024276642193,
facility_2442,facility_1460,0.41627164672849937,4.6160816270883105,4.6160816270883105,1.0,کلینیک دکتر وحید کاوه  فوق تخصص هماتولوژی و آنکولوژی,clinic,35.7557703,51.3769625,بیمارستان کودکان حضرت علی اصغر,hospital,35.767388599236256,51.42599559885438,CALM,0.0,,0.45627164672849935,0.5437283532715007,
facility_2442,facility_1461,0.211310395335568,2.3432439878795663,2.3432439878795663,1.0,آزمایشگاه دنا,laboratory,35.7501035,51.4110915,بیمارستان کودکان حضرت علی اصغر,hospital,35.767388599236256,51.42599559885438,CALM,0.0,,0.251310395335568,0.748689604664432,
facility_2442,facility_1463,0.33109952017973526,3.671598639616867,3.671598639616867,1.0,ساختمان پزشکان مریم,doctors,35.7347898,51.4330611,بیمارستان کودکان حضرت علی اصغر,hospital,35.767388599236256,51.42599559885438,CALM,0.0,,0.37109952017973524,0.6289004798202648,
facility_2442,facility_1466,0.3824421836346163,4.24094302644327,4.24094302644327,1.0,مرکز پزشکی- زیبایی مارین,doctor,35.7463529,51.4651691,بیمارستان کودکان حضرت علی اصغر,hospital,35.767388599236256,51.42599559885438,CALM,0.0,,0.4224421836346163,0.5775578163653837,
facility_2578,facility_1467,0.6058099951908258,6.7178930159774755,6.7178930159774755,1.0,ساختمان پزشکان اندیشه,clinic,35.6972763,51.3752254,بیمارستان سلامت فردا,hospital,35.74368823718312,51.327500297168406,CALM,0.0,,0.6458099951908258,0.3541900048091742,
facility_2578,facility_1469,0.4801952877276919,5.324937844109059,5.324937844109059,1.0,مطب زیبایی لانا,doctors,35.7798577,51.3662364,بیمارستان سلامت فردا,hospital,35.74368823718312,51.327500297168406,CALM,0.0,,0.5201952877276919,0.47980471227230814,
facility_2442,facility_147,0.27762032084636445,3.0785619737418637,3.0785619737418637,1.0,مطب دکتر کشکولی,doctors,35.752491,51.3972619,بیمارستان کودکان حضرت علی اصغر,hospital,35.767388599236256,51.42599559885438,CALM,0.0,,0.31762032084636443,0.6823796791536356,
facility_2442,facility_1471,0.21239849194161528,2.3553100096495956,2.3553100096495956,1.0,دندانپزشکی نسیم پارک وی,clinic,35.7868512,51.415571,بیمارستان کودکان حضرت علی اصغر,hospital,35.767388599236256,51.42599559885438,CALM,0.0,,0.2523984919416153,0.7476015080583847,
facility_2442,facility_1473,0.15034152470730514,1.6671535413087304,1.6671535413087304,1.0,مطب دکتر محمد مهدی سرزعیم,doctors,35.7733069,51.4429498,بیمارستان کودکان حضرت علی اصغر,hospital,35.767388599236256,51.42599559885438,CALM,0.0,,0.19034152470730514,0.8096584752926949,
facility_2442,facility_1474,0.33385515204023897,3.7021561414363138,3.7021561414363138,1.0,کلینیک ارتودنسی دکتر ساغر هرندی,hospital,35.792743,51.4526377,بیمارستان کودکان حضرت علی اصغر,hospital,35.767388599236256,51.42599559885438,CALM,0.0,,0.37385515204023895,0.6261448479597611,
facility_2442,facility_1477,0.45238713914266093,5.016570255839409,5.016570255839409,1.0,ليزر كلينيك تخت طاووس,clinic,35.7235698,51.4122435,بیمارستان کودکان حضرت علی اصغر,hospital,35.767388599236256,51.42599559885438,CALM,0.0,,0.4923871391426609,0.5076128608573391,
facility_2442,facility_1479,0.22913653619954344,2.5409200053810763,2.5409200053810763,1.0,کلینیک طب فیزیکی و توانبخشی لگام,clinic,35.7488545,51.4094752,بیمارستان کودکان حضرت علی اصغر,hospital,35.767388599236256,51.42599559885438,CALM,0.0,,0.2691365361995434,0.7308634638004565,
facility_2578,facility_148,0.5814839373625319,6.448138711346889,6.448138711346889,1.0,آزمایشگاه پاتوبیولوژی آزادی,laboratory,35.7003321,51.3749988,بیمارستان سلامت فردا,hospital,35.74368823718312,51.327500297168406,CALM,0.0,,0.6214839373625319,0.37851606263746806,
facility_1846,facility_1481,0.14970159376981085,1.6600572774474076,1.6600572774474076,1.0,کلینیک روانشناسی روان رشد,clinic,35.7270324,51.5290578,Turan Hearing Aid Center,hospital,35.7417034,51.5326919,CALM,0.0,,0.18970159376981086,0.8102984062301891,
facility_2442,facility_1483,0.09942454387134969,1.102529595405066,1.102529595405066,1.0,کلینیک دندانپزشکی آنیسا,clinic,35.7666394,51.4138333,بیمارستان کودکان حضرت علی اصغر,hospital,35.767388599236256,51.42599559885438,CALM,0.0,,0.1394245438713497,0.8605754561286503,
facility_2442,facility_1484,0.05476635291530006,0.6073100521300602,0.6073100521300602,1.0,کلینت ونتا,clinic,35.7695535,51.4198244,بیمارستان کودکان حضرت علی اصغر,hospital,35.767388599236256,51.42599559885438,CALM,0.0,,0.09476635291530006,0.9052336470847,
facility_2608,facility_1487,0.40333175899782264,4.472589802748133,4.472589802748133,1.0,کلینیک زیبایی روما,clinic,35.6494254,51.3116815,بیمارستان خیریه امام علی,hospital,35.65795459468426,51.263389734065655,CALM,0.0,,0.4433317589978226,0.5566682410021774,
facility_2578,facility_1489,0.391162059027598,4.337638674365444,4.337638674365444,1.0,کلینیک زیبایی آندیا,clinic,35.7703555,51.3625967,بیمارستان سلامت فردا,hospital,35.74368823718312,51.327500297168406,CALM,0.0,,0.43116205902759797,0.568837940972402,
facility_2578,facility_149,0.42991946831653965,4.7674238070745,4.7674238070745,1.0,مرکز جراحی و پلی کلینیک تخصصی ماد,clinic,35.7732109,51.3658294,بیمارستان سلامت فردا,hospital,35.74368823718312,51.327500297168406,CALM,0.0,,0.46991946831653963,0.5300805316834604,
facility_2442,facility_1490,0.4136780622065087,4.587321085854355,4.587321085854355,1.0,کلینیک رزآبی,clinic,35.7830437,51.3790182,بیمارستان کودکان حضرت علی اصغر,hospital,35.767388599236256,51.42599559885438,CALM,0.0,,0.4536780622065087,0.5463219377934914,
facility_2442,facility_1491,0.19368358306012257,2.1477783468053198,2.1477783468053198,1.0,خانه ایمپلنت (دکتر پورشاهی),clinic,35.7867009,51.42425,بیمارستان کودکان حضرت علی اصغر,hospital,35.767388599236256,51.42599559885438,CALM,0.0,,0.23368358306012257,0.7663164169398774,
facility_2442,facility_1493,0.34710423949036107,3.8490767151406384,3.8490767151406384,1.0,کلینیک دکتر خوانساری,clinic,35.7879935,51.4602635,بیمارستان کودکان حضرت علی اصغر,hospital,35.767388599236256,51.42599559885438,CALM,0.0,,0.38710423949036105,0.612895760509639,
facility_1846,facility_1494,0.25140916367042804,2.7879035971374204,2.7879035971374204,1.0,مطب دکتر کاظم خوانساری,doctors,35.7444193,51.5633436,Turan Hearing Aid Center,hospital,35.7417034,51.5326919,CALM,0.0,,0.291409163670428,0.708590836329572,
facility_2442,facility_1496,0.32206020777129685,3.571360719840124,3.571360719840124,1.0,دکتر محسن اسلامی متخصص کلیه و مجاری ادراری و ناباروی و hpv,doctors,35.7755413,51.4642193,بیمارستان کودکان حضرت علی اصغر,hospital,35.767388599236256,51.42599559885438,CALM,0.0,,0.3620602077712968,0.6379397922287031,
facility_2513,facility_1498,0.4515549940143212,5.0073425078815825,5.0073425078815825,1.0,ساختمان پزشکان امام جعفرصادق نعمت آباد,clinic,35.630292,51.3584293,درمانگاه شبانه‌روزی یاس,hospital,35.63380147765345,51.413563736577125,CALM,0.0,,0.4915549940143212,0.5084450059856789,
facility_2442,facility_15,0.2762259783186021,3.0630999575924194,3.0630999575924194,1.0,درمانگاه خیریه شهدای مسجد جامع غدیر خم,clinic,35.7573442,51.4575593,بیمارستان کودکان حضرت علی اصغر,hospital,35.767388599236256,51.42599559885438,CALM,0.0,,0.31622597831860205,0.6837740216813979,
facility_2442,facility_1500,0.2820658985762948,3.1278594693608937,3.1278594693608937,1.0,مطب دکتر یوسف فام,doctors,35.7562304,51.3942187,بیمارستان کودکان حضرت علی اصغر,hospital,35.767388599236256,51.42599559885438,CALM,0.0,,0.3220658985762948,0.6779341014237052,
facility_2513,facility_1501,0.41508822540766777,4.602958539174138,4.602958539174138,1.0,unnamed,clinic,35.6189812,51.4610441,درمانگاه شبانه‌روزی یاس,hospital,35.63380147765345,51.413563736577125,CALM,0.0,,0.45508822540766775,0.5449117745923322,
facility_2442,facility_1503,0.5429381388880261,6.020700154005835,6.020700154005835,1.0,کلینیک زیبایی لومیر,clinic,35.8055418,51.4733856,بیمارستان کودکان حضرت علی اصغر,hospital,35.767388599236256,51.42599559885438,CALM,0.0,,0.5829381388880261,0.41706186111197385,
facility_2578,facility_1504,0.41369637231868855,4.587524128682488,4.587524128682488,1.0,کلینیک فیزیوتراپی پایدار,clinic,35.7709292,51.3656854,بیمارستان سلامت فردا,hospital,35.74368823718312,51.327500297168406,CALM,0.0,,0.45369637231868853,0.5463036276813115,
facility_2578,facility_1506,0.46991704877034507,5.210961332898877,5.210961332898877,1.0,کلینیک روانشناسی حس زندگی,clinic,35.779463,51.3648671,بیمارستان سلامت فردا,hospital,35.74368823718312,51.327500297168406,CALM,0.0,,0.509917048770345,0.49008295122965495,
facility_2442,facility_1507,0.4280237654468004,4.7464021514892725,4.7464021514892725,1.0,مطب زیبایی و لیزر بنیز,doctors,35.7534292,51.4756274,بیمارستان کودکان حضرت علی اصغر,hospital,35.767388599236256,51.42599559885438,CALM,0.0,,0.46802376544680035,0.5319762345531996,
facility_2578,facility_1508,0.2880913159903173,3.194675979298568,3.194675979298568,1.0,ارتوپدی فنی باریش,hospital,35.7723579,51.3240929,بیمارستان سلامت فردا,hospital,35.74368823718312,51.327500297168406,CALM,0.0,,0.32809131599031727,0.6719086840096827,
facility_2442,facility_1510,0.2319962524020699,2.572631709805132,2.572631709805132,1.0,دکتر بنفشه تاج بخش,doctors,35.7479454,51.410478,بیمارستان کودکان حضرت علی اصغر,hospital,35.767388599236256,51.42599559885438,CALM,0.0,,0.27199625240206987,0.7280037475979302,
facility_2442,facility_1516,0.4085435675648663,4.530384115570795,4.530384115570795,1.0,کلینیک اورولوژی و ناتوانایی جنسی دکتر البرز وشتاسبی,clinic,35.7655366,51.476062,بیمارستان کودکان حضرت علی اصغر,hospital,35.767388599236256,51.42599559885438,CALM,0.0,,0.4485435675648663,0.5514564324351336,
facility_2442,facility_1517,0.23088989435478424,2.5603631849243405,2.5603631849243405,1.0,کلینیک دندانپزشکی تبسم مهر,clinic,35.7628227,51.3982312,بیمارستان کودکان حضرت علی اصغر,hospital,35.767388599236256,51.42599559885438,CALM,0.0,,0.2708898943547842,0.7291101056452158,
facility_2513,facility_1518,0.03976320736107139,0.44093853707326697,0.44093853707326697,1.0,کلینیک تخصصی طب کار دانیال,clinic,35.6372183,51.411074,درمانگاه شبانه‌روزی یاس,hospital,35.63380147765345,51.413563736577125,CALM,0.0,,0.0797632073610714,0.9202367926389285,
facility_2442,facility_152,0.1474419378376594,1.6349997067146393,1.6349997067146393,1.0,دکتر ناصر سیگاری طب سوزنی,doctors,35.7602223,51.4101898,بیمارستان کودکان حضرت علی اصغر,hospital,35.767388599236256,51.42599559885438,CALM,0.0,,0.18744193783765942,0.8125580621623406,
facility_2442,facility_1520,0.29805054978693984,3.3051150075383435,3.3051150075383435,1.0,مطب دکتر احیا خان احمدی - متخصص زنان و زایمان,doctors,35.7967109,51.4194786,بیمارستان کودکان حضرت علی اصغر,hospital,35.767388599236256,51.42599559885438,CALM,0.0,,0.3380505497869398,0.6619494502130602,
facility_2442,facility_1522,0.09073120811232054,1.0061282483742477,1.0061282483742477,1.0,کلینیک زیبایی مه رویان,clinic,35.7753678,51.4207004,بیمارستان کودکان حضرت علی اصغر,hospital,35.767388599236256,51.42599559885438,CALM,0.0,,0.13073120811232053,0.8692687918876795,
facility_2442,facility_1523,0.4407582175013063,4.887615877242209,4.887615877242209,1.0,کلینیک سلول های بنیادی دکتر فتحی,clinic,35.8009293,51.4610733,بیمارستان کودکان حضرت علی اصغر,hospital,35.767388599236256,51.42599559885438,CALM,0.0,,0.48075821750130626,0.5192417824986937,
facility_2442,facility_1524,0.2825258379052213,3.132959786671761,3.132959786671761,1.0,مطب پوست، زیبایی و لیزر نیژ,doctors,35.756175,51.3941866,بیمارستان کودکان حضرت علی اصغر,hospital,35.767388599236256,51.42599559885438,CALM,0.0,,0.32252583790522127,0.6774741620947787,
facility_1846,facility_1525,0.29813482201532554,3.306049511457076,3.306049511457076,1.0,کلینیک زیبایی مهر,clinic,35.7396499,51.4962172,Turan Hearing Aid Center,hospital,35.7417034,51.5326919,CALM,0.0,,0.3381348220153255,0.6618651779846745,
facility_2578,facility_1528,0.5877289962995317,6.517390850054214,6.517390850054214,1.0,کلینیک ارتوپدی فنی رادمان,clinic,35.7084784,51.3851949,بیمارستان سلامت فردا,hospital,35.74368823718312,51.327500297168406,CALM,0.0,,0.6277289962995317,0.3722710037004683,
facility_2442,facility_1530,0.3074288167225225,3.4091116309824283,3.4091116309824283,1.0,مرکز دیالیز بیمارستان لبافی نژاد,clinic,35.7672987,51.4637096,بیمارستان کودکان حضرت علی اصغر,hospital,35.767388599236256,51.42599559885438,CALM,0.0,,0.34742881672252246,0.6525711832774775,
facility_2442,facility_1531,0.5229628130490913,5.79919159024735,5.79919159024735,1.0,کلینیک مهر افروز,clinic,35.8119214,51.4596225,بیمارستان کودکان حضرت علی اصغر,hospital,35.767388599236256,51.42599559885438,CALM,0.0,,0.5629628130490913,0.43703718695090865,
facility_2578,facility_1532,0.3177734587376027,3.5238244929318325,3.5238244929318325,1.0,دکتر امیرحسین امامی میبدی,doctors,35.7587796,51.3617984,بیمارستان سلامت فردا,hospital,35.74368823718312,51.327500297168406,CALM,0.0,,0.3577734587376027,0.6422265412623973,
facility_2442,facility_1533,0.498746487922571,5.5306541234978175,5.5306541234978175,1.0,دکتر وهاب آسترکی,doctors,35.7989236,51.4734004,بیمارستان کودکان حضرت علی اصغر,hospital,35.767388599236256,51.42599559885438,CALM,0.0,,0.538746487922571,0.46125351207742904,
facility_2442,facility_1534,0.2958641946250746,3.2808702770305302,3.2808702770305302,1.0,کلینیک لیما,clinic,35.7799847,51.4588386,بیمارستان کودکان حضرت علی اصغر,hospital,35.767388599236256,51.42599559885438,CALM,0.0,,0.33586419462507455,0.6641358053749254,
facility_2442,facility_1535,0.5244726780802592,5.815934648018716,5.815934648018716,1.0,مجموعه پزشکی سانیک,clinic,35.7172373,51.4072106,بیمارستان کودکان حضرت علی اصغر,hospital,35.767388599236256,51.42599559885438,CALM,0.0,,0.5644726780802592,0.43552732191974075,
facility_2578,facility_1536,0.5787982196502397,6.4183564951313725,6.4183564951313725,1.0,رادیولوژی و سونوگرافی دکتر شهریاریان,doctors,35.7083787,51.3837272,بیمارستان سلامت فردا,hospital,35.74368823718312,51.327500297168406,CALM,0.0,,0.6187982196502397,0.38120178034976027,
facility_2578,facility_1537,0.5734654292276785,6.3592206013366335,6.3592206013366335,1.0,تصویربرداری و سونوگرافی معراج,doctors,35.7080553,51.3825872,بیمارستان سلامت فردا,hospital,35.74368823718312,51.327500297168406,CALM,0.0,,0.6134654292276785,0.38653457077232145,
facility_2578,facility_1538,0.6078893077143964,6.74095073901113,6.74095073901113,1.0,مطب دکتر وحید معتمدی,doctors,35.7081545,51.3879699,بیمارستان سلامت فردا,hospital,35.74368823718312,51.327500297168406,CALM,0.0,,0.6478893077143965,0.35211069228560354,
facility_2578,facility_1539,0.5806321675270644,6.4386933428743784,6.4386933428743784,1.0,مطب دكتر سيد محمود اسحق حسينى,doctors,35.7082722,51.3839104,بیمارستان سلامت فردا,hospital,35.74368823718312,51.327500297168406,CALM,0.0,,0.6206321675270644,0.3793678324729356,
facility_2578,facility_1540,0.5795605126383823,6.426809645098894,6.426809645098894,1.0,مطب دکتر فرهاد شاهی,doctors,35.708311,51.3837812,بیمارستان سلامت فردا,hospital,35.74368823718312,51.327500297168406,CALM,0.0,,0.6195605126383823,0.3804394873616177,
facility_2578,facility_1541,0.5892979427733368,6.534789068377597,6.534789068377597,1.0,دکتر عباس علی بخشی,doctors,35.7082696,51.3852432,بیمارستان سلامت فردا,hospital,35.74368823718312,51.327500297168406,CALM,0.0,,0.6292979427733368,0.37070205722666316,
facility_2578,facility_1542,0.5872400604303731,6.511968986950674,6.511968986950674,1.0,مرکز تصویربرداری و ام آر آی تهران ۱۰۱,doctors,35.7085043,51.3851438,بیمارستان سلامت فردا,hospital,35.74368823718312,51.327500297168406,CALM,0.0,,0.6272400604303732,0.37275993956962683,
facility_2578,facility_1543,0.5914018108234989,6.558119090319988,6.558119090319988,1.0,دکتر قره گزلو,doctors,35.7082485,51.3855463,بیمارستان سلامت فردا,hospital,35.74368823718312,51.327500297168406,CALM,0.0,,0.6314018108234989,0.3685981891765011,
facility_2578,facility_1548,0.42136443564271914,4.672556118018273,4.672556118018273,1.0,مطب دکتر شهریار عزیزی,clinic,35.7776036,51.3581622,بیمارستان سلامت فردا,hospital,35.74368823718312,51.327500297168406,CALM,0.0,,0.4613644356427191,0.5386355643572809,
facility_2658,facility_1550,0.14467675979198935,1.604336346208199,1.604336346208199,1.0,آزمایشگاه آناهیت,laboratory,35.7573782,51.1573538,مرکز توانبخشی امید فردا,hospital,35.74719294308631,51.14475321540338,CALM,0.0,,0.18467675979198936,0.8153232402080106,
facility_1846,facility_1551,0.12480146058519967,1.383936988667561,1.383936988667561,1.0,پلی کلینیک تخصصی طاها تب,clinic,35.7412229,51.5479856,Turan Hearing Aid Center,hospital,35.7417034,51.5326919,CALM,0.0,,0.16480146058519968,0.8351985394148003,
facility_2442,facility_1552,0.47554682867258397,5.27339057537915,5.27339057537915,1.0,دکتر امیر رضا معتبر,doctors,35.7996976,51.4688034,بیمارستان کودکان حضرت علی اصغر,hospital,35.767388599236256,51.42599559885438,CALM,0.0,,0.515546828672584,0.48445317132741605,
facility_2442,facility_1553,0.3253841152084795,3.608219891420763,3.608219891420763,1.0,دکتر جواد خالقی,doctors,35.797291,51.4102705,بیمارستان کودکان حضرت علی اصغر,hospital,35.767388599236256,51.42599559885438,CALM,0.0,,0.36538411520847947,0.6346158847915205,
facility_2442,facility_1555,0.21169375469674992,2.347495101587722,2.347495101587722,1.0,آزمایشگاه دنا,hospital,35.7500692,51.4110696,بیمارستان کودکان حضرت علی اصغر,hospital,35.767388599236256,51.42599559885438,CALM,0.0,,0.2516937546967499,0.7483062453032501,
facility_2513,facility_1558,0.05594472976024864,0.6203772013017672,0.6203772013017672,1.0,کلینیک زیبایی آسا,clinic,35.638974,51.4109558,درمانگاه شبانه‌روزی یاس,hospital,35.63380147765345,51.413563736577125,CALM,0.0,,0.09594472976024865,0.9040552702397513,
facility_2442,facility_156,0.29331596468026444,3.252612677642537,3.252612677642537,1.0,unnamed,clinic,35.7965948,51.429244,بیمارستان کودکان حضرت علی اصغر,hospital,35.767388599236256,51.42599559885438,CALM,0.0,,0.3333159646802644,0.6666840353197356,
facility_2578,facility_1561,0.6039362037308743,6.697114338401776,6.697114338401776,1.0,کلینیک زیبایی نیکی,clinic,35.6975561,51.3752764,بیمارستان سلامت فردا,hospital,35.74368823718312,51.327500297168406,CALM,0.0,,0.6439362037308743,0.35606379626912565,
facility_2658,facility_1562,0.17538051371447905,1.9448136174278867,1.9448136174278867,1.0,مجتمع پزشکی شفاء,clinic,35.7565986,51.162908,مرکز توانبخشی امید فردا,hospital,35.74719294308631,51.14475321540338,CALM,0.0,,0.21538051371447905,0.7846194862855209,
facility_2578,facility_1563,0.4300840413760925,4.76924877565568,4.76924877565568,1.0,اورژانس بیمارستان میلاد,hospital,35.745083,51.3802188,بیمارستان سلامت فردا,hospital,35.74368823718312,51.327500297168406,CALM,0.0,,0.4700840413760925,0.5299159586239075,
facility_2578,facility_1564,0.2690137645233741,2.9831229333285054,2.9831229333285054,1.0,مطب پوست و مو شیلر بیوتی,clinic,35.7342708,51.3584021,بیمارستان سلامت فردا,hospital,35.74368823718312,51.327500297168406,CALM,0.0,,0.3090137645233741,0.6909862354766259,
facility_2442,facility_1565,0.2720689847635506,3.017002603318582,3.017002603318582,1.0,مرکز تصویربرداری امید نوین,hospital,35.7562819,51.3955302,بیمارستان کودکان حضرت علی اصغر,hospital,35.767388599236256,51.42599559885438,CALM,0.0,,0.3120689847635506,0.6879310152364494,
facility_2442,facility_1567,0.28651263866282767,3.1771698544788816,3.1771698544788816,1.0,کلینیک زیبایی سام شعبه زعفرانیه,clinic,35.7932284,51.4108218,بیمارستان کودکان حضرت علی اصغر,hospital,35.767388599236256,51.42599559885438,CALM,0.0,,0.32651263866282765,0.6734873613371724,
facility_2442,facility_1568,0.390319376856447,4.328294079992284,4.328294079992284,1.0,دکتر محمد زواره ای بوتاکس معده,doctors,35.772027,51.3784506,بیمارستان کودکان حضرت علی اصغر,hospital,35.767388599236256,51.42599559885438,CALM,0.0,,0.430319376856447,0.5696806231435529,
facility_1846,facility_1570,0.15186054350882122,1.6839981062364335,1.6839981062364335,1.0,مرکز ترک اعتیاد آوای سحر,clinic,35.740709,51.5512753,Turan Hearing Aid Center,hospital,35.7417034,51.5326919,CALM,0.0,,0.19186054350882123,0.8081394564911788,
facility_2442,facility_1572,0.21945511249910454,2.433561643554427,2.433561643554427,1.0,درمان کمردرد از راه دور دکتر محمدی,clinic,35.7892387,51.4235436,بیمارستان کودکان حضرت علی اصغر,hospital,35.767388599236256,51.42599559885438,CALM,0.0,,0.2594551124991045,0.7405448875008955,
facility_2442,facility_1573,0.5149512879374729,5.710350915742275,5.710350915742275,1.0,کلینیک زیبایی دکتر یسری طباطبایی,clinic,35.8122419,51.4570183,بیمارستان کودکان حضرت علی اصغر,hospital,35.767388599236256,51.42599559885438,CALM,0.0,,0.554951287937473,0.44504871206252705,
facility_2578,facility_1574,0.19270581152060987,2.136935731713694,2.136935731713694,1.0,کلینیک زیبایی شاداب,clinic,35.7616439,51.3360714,بیمارستان سلامت فردا,hospital,35.74368823718312,51.327500297168406,CALM,0.0,,0.23270581152060987,0.7672941884793901,
facility_2513,facility_1577,0.3139630380563424,3.481570323001025,3.481570323001025,1.0,کلینیک گفتاردرمانی کاردرمانی و نوروتراپی ماهان,clinic,35.6315757,51.3752093,درمانگاه شبانه‌روزی یاس,hospital,35.63380147765345,51.413563736577125,CALM,0.0,,0.3539630380563424,0.6460369619436577,
facility_2442,facility_1578,0.21302280380905056,2.3622330719419473,2.3622330719419473,1.0,دندانپزشکی دکتر برشوئی,doctors,35.7885518,51.4230579,بیمارستان کودکان حضرت علی اصغر,hospital,35.767388599236256,51.42599559885438,CALM,0.0,,0.25302280380905057,0.7469771961909495,
facility_2513,facility_158,0.0645040717785502,0.7152926771482797,0.7152926771482797,1.0,درمانگاه ۱۳ آبان,clinic,35.6399367,51.4111283,درمانگاه شبانه‌روزی یاس,hospital,35.63380147765345,51.413563736577125,CALM,0.0,,0.1045040717785502,0.8954959282214499,
facility_2578,facility_1580,0.42797209681699183,4.745829192426049,4.745829192426049,1.0,کلینیک زیبایی ماه زر,clinic,35.7712639,51.367641,بیمارستان سلامت فردا,hospital,35.74368823718312,51.327500297168406,CALM,0.0,,0.4679720968169918,0.5320279031830082,
facility_2442,facility_1581,0.46811482998390724,5.190976332494814,5.190976332494814,1.0,رادیولوژی فک دندان و صورت,doctors,35.7814383,51.3712126,بیمارستان کودکان حضرت علی اصغر,hospital,35.767388599236256,51.42599559885438,CALM,0.0,,0.5081148299839072,0.4918851700160928,
facility_2442,facility_1584,0.4725872719583905,5.2405717286475,5.2405717286475,1.0,مرکز زیبایی دکتر الگا,clinic,35.8130301,51.4109952,بیمارستان کودکان حضرت علی اصغر,hospital,35.767388599236256,51.42599559885438,CALM,0.0,,0.5125872719583905,0.4874127280416095,
facility_2442,facility_1586,0.26309729597520404,2.917514569229986,2.917514569229986,1.0,Loveya Skincare,clinic,35.7924421,51.4161584,بیمارستان کودکان حضرت علی اصغر,hospital,35.767388599236256,51.42599559885438,CALM,0.0,,0.303097295975204,0.6969027040247959,
facility_2513,facility_1587,0.31137803599520547,3.4529049536102,3.4529049536102,1.0,بیمارستان نور,hospital,35.6103699,51.4386695,درمانگاه شبانه‌روزی یاس,hospital,35.63380147765345,51.413563736577125,CALM,0.0,,0.35137803599520545,0.6486219640047945,
facility_2442,facility_1588,0.27918743029392495,3.0959398210811484,3.0959398210811484,1.0,سونوگرافی و رادیولوژی دکتر الهی فر,laboratory,35.7562301,51.3946037,بیمارستان کودکان حضرت علی اصغر,hospital,35.767388599236256,51.42599559885438,CALM,0.0,,0.31918743029392493,0.6808125697060751,
facility_2578,facility_159,0.3361726179577302,3.7278547733926524,3.7278547733926524,1.0,درمانگاه شبانه روزی حیان,clinic,35.756358,51.28931,بیمارستان سلامت فردا,hospital,35.74368823718312,51.327500297168406,CALM,0.0,,0.37617261795773016,0.6238273820422698,
facility_2442,facility_1590,0.15012425800395526,1.6647442471725735,1.6647442471725735,1.0,مطب دکتر ناصر امینی صدر,doctors,35.7630359,51.4436204,بیمارستان کودکان حضرت علی اصغر,hospital,35.767388599236256,51.42599559885438,CALM,0.0,,0.19012425800395527,0.8098757419960447,
facility_2578,facility_1591,0.14361009595252452,1.5925079947210643,1.5925079947210643,1.0,مطب دکتر ایوب صالحی,hospital,35.735506,51.3419725,بیمارستان سلامت فردا,hospital,35.74368823718312,51.327500297168406,CALM,0.0,,0.18361009595252453,0.8163899040474755,
facility_2578,facility_1595,0.4263048438134143,4.727340842287368,4.727340842287368,1.0,کلینیک زیبایی سوین,clinic,35.7809074,51.3529843,بیمارستان سلامت فردا,hospital,35.74368823718312,51.327500297168406,CALM,0.0,,0.4663048438134143,0.5336951561865857,
facility_2578,facility_1598,0.5769567691388771,6.397936449856855,6.397936449856855,1.0,محموعه لاغری وندا,clinic,35.7955429,51.3585093,بیمارستان سلامت فردا,hospital,35.74368823718312,51.327500297168406,CALM,0.0,,0.6169567691388771,0.3830432308611229,
facility_2513,facility_16,0.651261529389621,7.221910028875007,7.221910028875007,1.0,آزمایشگاه تشخیص پزشکی دکتر فلاح,laboratory,35.6613018,51.4858747,درمانگاه شبانه‌روزی یاس,hospital,35.63380147765345,51.413563736577125,CALM,0.0,,0.691261529389621,0.30873847061037896,
facility_2578,facility_1600,0.09200470085844543,1.0202501481332564,1.0202501481332564,1.0,چشم پزشکی دکتر بابک صادقی,doctors,35.7345868,51.3291377,بیمارستان سلامت فردا,hospital,35.74368823718312,51.327500297168406,CALM,0.0,,0.13200470085844543,0.8679952991415546,
facility_2442,facility_1602,0.15638583756204608,1.7341795848464518,1.7341795848464518,1.0,دکتر احسان مرادی متخصص جراحی مغز و اعصاب,doctors,35.7641213,51.4447565,بیمارستان کودکان حضرت علی اصغر,hospital,35.767388599236256,51.42599559885438,CALM,0.0,,0.19638583756204608,0.8036141624379539,
facility_2578,facility_1603,0.091745649322023,1.0173774974323344,1.0173774974323344,1.0,رادیولوژی و سونوگرافی مهرگان,doctors,35.734616,51.3291627,بیمارستان سلامت فردا,hospital,35.74368823718312,51.327500297168406,CALM,0.0,,0.131745649322023,0.868254350677977,
facility_2578,facility_1604,0.21086158515572037,2.3382670829149195,2.3382670829149195,1.0,مطب گلها (سانا اسکین سابق),doctors,35.7632134,51.3372555,بیمارستان سلامت فردا,hospital,35.74368823718312,51.327500297168406,CALM,0.0,,0.2508615851557204,0.7491384148442797,
facility_2442,facility_1605,0.24311040273087467,2.695877733253264,2.695877733253264,1.0,متخصص زنان و زایمان الهه سلگی,doctors,35.7570376,51.3990129,بیمارستان کودکان حضرت علی اصغر,hospital,35.767388599236256,51.42599559885438,CALM,0.0,,0.2831104027308747,0.7168895972691254,
facility_2442,facility_1606,0.18680915065390571,2.071547017152222,2.071547017152222,1.0,آزمایشگاه پاتوبیولوژی مدیک,laboratory,35.7526783,51.4118757,بیمارستان کودکان حضرت علی اصغر,hospital,35.767388599236256,51.42599559885438,CALM,0.0,,0.22680915065390572,0.7731908493460943,
facility_2442,facility_1607,0.6326703510025095,7.0157504269585225,7.0157504269585225,1.0,کلینیک زخم بینش,clinic,35.7085566,51.3974926,بیمارستان کودکان حضرت علی اصغر,hospital,35.767388599236256,51.42599559885438,CALM,0.0,,0.6726703510025095,0.3273296489974905,
facility_2442,facility_1608,0.4090302069865551,4.535780513118236,4.535780513118236,1.0,مطب دکتر زینب بهرام نژاد متخصص زنان و زایمان,doctors,35.7656632,51.4761286,بیمارستان کودکان حضرت علی اصغر,hospital,35.767388599236256,51.42599559885438,CALM,0.0,,0.4490302069865551,0.550969793013445,
facility_2442,facility_1610,0.3954582027935576,4.3852790804830155,4.3852790804830155,1.0,فیزیوتراپی شادتن,doctors,35.7829375,51.3813867,بیمارستان کودکان حضرت علی اصغر,hospital,35.767388599236256,51.42599559885438,CALM,0.0,,0.43545820279355757,0.5645417972064424,
facility_2442,facility_1611,0.43244136102850095,4.795389350019021,4.795389350019021,1.0,كلينيك پوست و مو دكتر سارا نجفي,doctors,35.8094323,51.4136212,بیمارستان کودکان حضرت علی اصغر,hospital,35.767388599236256,51.42599559885438,CALM,0.0,,0.47244136102850093,0.527558638971499,
facility_2442,facility_1612,0.49582984897131605,5.498311196513605,5.498311196513605,1.0,مرکز جراحی زیبایی ساوی,clinic,35.8071126,51.4623933,بیمارستان کودکان حضرت علی اصغر,hospital,35.767388599236256,51.42599559885438,CALM,0.0,,0.535829848971316,0.464170151028684,
facility_2442,facility_1613,0.13368908299418114,1.4824928015196328,1.4824928015196328,1.0,دکتر مهران آقاگلی,doctors,35.7589242,51.4133033,بیمارستان کودکان حضرت علی اصغر,hospital,35.767388599236256,51.42599559885438,CALM,0.0,,0.17368908299418115,0.8263109170058188,
facility_2513,facility_162,0.5420988199667313,6.0113928550766245,6.0113928550766245,1.0,درمانگاه اکبر آباد,clinic,35.6791797,51.3772466,درمانگاه شبانه‌روزی یاس,hospital,35.63380147765345,51.413563736577125,CALM,0.0,,0.5820988199667313,0.4179011800332687,
facility_2513,facility_1621,0.46630332119057744,5.170888314192543,5.170888314192543,1.0,مرکز تصویر برداری رازی(دکتر علیزاده),clinic,35.5925692,51.4402131,درمانگاه شبانه‌روزی یاس,hospital,35.63380147765345,51.413563736577125,CALM,0.0,,0.5063033211905774,0.4936966788094226,
facility_2513,facility_1622,0.5255110556470474,5.8274493299474575,5.8274493299474575,1.0,بیمارستان سینا,hospital,35.6863276,51.4119795,درمانگاه شبانه‌روزی یاس,hospital,35.63380147765345,51.413563736577125,CALM,0.0,,0.5655110556470474,0.4344889443529526,
facility_2513,facility_1623,0.7236116133104008,8.024207989184644,8.024207989184644,1.0,آزمایشگاه پاتوبیولوژی دکتر سرخه ای,laboratory,35.6531921,51.4989536,درمانگاه شبانه‌روزی یاس,hospital,35.63380147765345,51.413563736577125,CALM,0.0,,0.7636116133104008,0.23638838668959916,
facility_2442,facility_1624,0.3253145298158206,3.6074482514229618,3.6074482514229618,1.0,کلینیک اورولوژی دکتر آرش رنجبر,clinic,35.7803548,51.4625986,بیمارستان کودکان حضرت علی اصغر,hospital,35.767388599236256,51.42599559885438,CALM,0.0,,0.3653145298158206,0.6346854701841794,
facility_2442,facility_1625,0.42381511740027106,4.6997319949337,4.6997319949337,1.0,مرکز زیبایی و تناسب اندام آرمیتا,clinic,35.7338255,51.3942651,بیمارستان کودکان حضرت علی اصغر,hospital,35.767388599236256,51.42599559885438,CALM,0.0,,0.46381511740027104,0.536184882599729,
facility_2442,facility_1628,0.28975174880066185,3.2130886995716965,3.2130886995716965,1.0,دکتر مجید فرجی قلب و عروق,doctors,35.7677845,51.461538,بیمارستان کودکان حضرت علی اصغر,hospital,35.767388599236256,51.42599559885438,CALM,0.0,,0.3297517488006618,0.6702482511993382,
facility_2578,facility_1629,0.04705065288948886,0.5217498142200746,0.5217498142200746,1.0,دکتر فرشید احمدی پوست و زیبایی,doctors,35.7390491,51.3265438,بیمارستان سلامت فردا,hospital,35.74368823718312,51.327500297168406,CALM,0.0,,0.08705065288948886,0.9129493471105111,
facility_1846,facility_1630,0.118993363547128,1.3195303680473602,1.3195303680473602,1.0,مطب دندانپزشکی و ایمپلنت دکتر اورعی,doctors,35.7534594,51.5304519,Turan Hearing Aid Center,hospital,35.7417034,51.5326919,CALM,0.0,,0.158993363547128,0.841006636452872,
facility_2578,facility_1631,0.6290992600841805,6.9761502108344775,6.9761502108344775,1.0,رادیولوژی و سونوگرافی کوروش,clinic,35.7073991,51.3905033,بیمارستان سلامت فردا,hospital,35.74368823718312,51.327500297168406,CALM,0.0,,0.6690992600841805,0.3309007399158195,
facility_2442,facility_1634,0.23772453403017596,2.6361532486514565,2.6361532486514565,1.0,دکتر آنا دیلمی پزشک زیبایی,doctors,35.7837412,51.4471614,بیمارستان کودکان حضرت علی اصغر,hospital,35.767388599236256,51.42599559885438,CALM,0.0,,0.27772453403017594,0.7222754659698241,
facility_2442,facility_1635,0.4255989325993558,4.719512915953253,4.719512915953253,1.0,مطب دکتر محمد علی قائد,doctors,35.7830761,51.3774575,بیمارستان کودکان حضرت علی اصغر,hospital,35.767388599236256,51.42599559885438,CALM,0.0,,0.46559893259935575,0.5344010674006443,
facility_2442,facility_1637,0.43825029296049123,4.859805228868814,4.859805228868814,1.0,مطب دندانپزشکی دکتر فریور,doctors,35.7706437,51.37238,بیمارستان کودکان حضرت علی اصغر,hospital,35.767388599236256,51.42599559885438,CALM,0.0,,0.4782502929604912,0.5217497070395087,
facility_2513,facility_1638,0.36820482602503013,4.083063417307265,4.083063417307265,1.0,دکتر سلطانی نژاد,doctors,35.6313689,51.3685681,درمانگاه شبانه‌روزی یاس,hospital,35.63380147765345,51.413563736577125,CALM,0.0,,0.4082048260250301,0.5917951739749698,
facility_2513,facility_1639,0.6081773716056845,6.744145110874919,6.744145110874919,1.0,دکتر حمیدرضا آزادی فرد,doctors,35.640659,51.4875762,درمانگاه شبانه‌روزی یاس,hospital,35.63380147765345,51.413563736577125,CALM,0.0,,0.6481773716056846,0.35182262839431544,
facility_2442,facility_1641,0.11984705647851297,1.328997061939946,1.328997061939946,1.0,مطب دکتر لیلا مقدم,doctors,35.7600124,51.4144096,بیمارستان کودکان حضرت علی اصغر,hospital,35.767388599236256,51.42599559885438,CALM,0.0,,0.15984705647851297,0.8401529435214871,
facility_2442,facility_1642,0.21535468380423725,2.3880915431757006,2.3880915431757006,1.0,کلینیک ترک اعتیاد پیام تندرستی,doctors,35.7614311,51.400609,بیمارستان کودکان حضرت علی اصغر,hospital,35.767388599236256,51.42599559885438,CALM,0.0,,0.25535468380423726,0.7446453161957627,
facility_2578,facility_1647,0.3861889490715695,4.2824913164372065,4.2824913164372065,1.0,مطب دکتر پاکنژاد روانشناس,doctors,35.7528651,51.3735083,بیمارستان سلامت فردا,hospital,35.74368823718312,51.327500297168406,CALM,0.0,,0.42618894907156946,0.5738110509284305,
facility_2578,facility_1649,0.35073667808123127,3.8893572222869217,3.8893572222869217,1.0,پزشک متخصص وجراح  زنان و زایمان,doctors,35.7656264,51.3610624,بیمارستان سلامت فردا,hospital,35.74368823718312,51.327500297168406,CALM,0.0,,0.39073667808123125,0.6092633219187688,
facility_2442,facility_165,0.6741771152043153,7.476023455731022,7.476023455731022,1.0,آزمایشگاه,laboratory,35.7011873,51.4104405,بیمارستان کودکان حضرت علی اصغر,hospital,35.767388599236256,51.42599559885438,CALM,0.0,,0.7141771152043154,0.28582288479568463,
facility_2578,facility_1650,0.16925420571590505,1.8768783208100364,1.8768783208100364,1.0,کلینیک زیبایی نیلاز,clinic,35.7577426,51.3159376,بیمارستان سلامت فردا,hospital,35.74368823718312,51.327500297168406,CALM,0.0,,0.20925420571590506,0.790745794284095,
facility_2442,facility_1651,0.3885904166882595,4.309121452384661,4.309121452384661,1.0,پزشک متخصص قلب و عروق  دکتر ترقی,doctors,35.7287872,51.4205941,بیمارستان کودکان حضرت علی اصغر,hospital,35.767388599236256,51.42599559885438,CALM,0.0,,0.4285904166882595,0.5714095833117405,
facility_2442,facility_1652,0.4219590183510749,4.679149510427762,4.679149510427762,1.0,کلینیک زیبایی لیا,doctors,35.7706357,51.3743836,بیمارستان کودکان حضرت علی اصغر,hospital,35.767388599236256,51.42599559885438,CALM,0.0,,0.4619590183510749,0.5380409816489251,
facility_2442,facility_1654,0.3941460130337947,4.370728065325249,4.370728065325249,1.0,کلینیک زیبایی مهرزاد,doctors,35.7836998,51.3819751,بیمارستان کودکان حضرت علی اصغر,hospital,35.767388599236256,51.42599559885438,CALM,0.0,,0.4341460130337947,0.5658539869662054,
facility_2578,facility_1657,0.2416582256033582,2.679774382928329,2.679774382928329,1.0,رادیولوژی و سونوگرافی مرزداران غرب,laboratory,35.7342014,51.3547557,بیمارستان سلامت فردا,hospital,35.74368823718312,51.327500297168406,CALM,0.0,,0.2816582256033582,0.7183417743966418,
facility_2442,facility_1659,0.4015946885382312,4.453327239235832,4.453327239235832,1.0,مطب دکتر فواد فولادی,doctors,35.7973206,51.4588393,بیمارستان کودکان حضرت علی اصغر,hospital,35.767388599236256,51.42599559885438,CALM,0.0,,0.4415946885382312,0.5584053114617689,
facility_1846,facility_1660,0.2097997253750184,2.32649200415862,2.32649200415862,1.0,دکتر مهدی حیدری روانپزشک,doctors,35.738549,51.5581277,Turan Hearing Aid Center,hospital,35.7417034,51.5326919,CALM,0.0,,0.2497997253750184,0.7502002746249816,
facility_2513,facility_1661,0.49980063986696155,5.542343729217793,5.542343729217793,1.0,دندانپزشکی مریم چهارکامه,doctors,35.6459977,51.4729286,درمانگاه شبانه‌روزی یاس,hospital,35.63380147765345,51.413563736577125,CALM,0.0,,0.5398006398669616,0.4601993601330384,
facility_2442,facility_1662,0.15322379128989166,1.6991153093532543,1.6991153093532543,1.0,دکتر آرمان فر متخصص جراحي مغز واعصاب,doctors,35.7630909,51.4440372,بیمارستان کودکان حضرت علی اصغر,hospital,35.767388599236256,51.42599559885438,CALM,0.0,,0.19322379128989167,0.8067762087101084,
facility_2442,facility_1663,0.2879431871130625,3.193033362045842,3.193033362045842,1.0,کلینیک روانشناسی روشان,doctors,35.7804683,51.4574657,بیمارستان کودکان حضرت علی اصغر,hospital,35.767388599236256,51.42599559885438,CALM,0.0,,0.3279431871130625,0.6720568128869375,
facility_2442,facility_1664,0.4680911074343539,5.190713270559173,5.190713270559173,1.0,دکتر محمد نویدی,doctors,35.7814806,51.371232,بیمارستان کودکان حضرت علی اصغر,hospital,35.767388599236256,51.42599559885438,CALM,0.0,,0.5080911074343539,0.49190889256564607,
facility_2442,facility_1665,0.21971587370080828,2.4364532529198546,2.4364532529198546,1.0,دکتر شباهنگ محمدی,doctors,35.7504544,51.4088282,بیمارستان کودکان حضرت علی اصغر,hospital,35.767388599236256,51.42599559885438,CALM,0.0,,0.2597158737008083,0.7402841262991917,
facility_2442,facility_1666,0.4858198953454865,5.387309730563811,5.387309730563811,1.0,دکتر امیرعلی سهراب پور,doctors,35.8116902,51.4504395,بیمارستان کودکان حضرت علی اصغر,hospital,35.767388599236256,51.42599559885438,CALM,0.0,,0.5258198953454865,0.47418010465451355,
facility_2442,facility_1667,0.47721197744318844,5.291855591449219,5.291855591449219,1.0,Unique Smile مطب دندانپزشکی دکتر لیلا عطایی,doctors,35.8048807,51.4622113,بیمارستان کودکان حضرت علی اصغر,hospital,35.767388599236256,51.42599559885438,CALM,0.0,,0.5172119774431885,0.4827880225568115,
facility_2442,facility_1669,0.4005151812042075,4.441356464838737,4.441356464838737,1.0,دکتر شروین قوامی,doctors,35.7715169,51.3771223,بیمارستان کودکان حضرت علی اصغر,hospital,35.767388599236256,51.42599559885438,CALM,0.0,,0.44051518120420746,0.5594848187957926,
facility_2513,facility_167,0.38231388465622423,4.239520305098725,4.239520305098725,1.0,آزمایشگاه پزشکی,laboratory,35.6620327,51.4451367,درمانگاه شبانه‌روزی یاس,hospital,35.63380147765345,51.413563736577125,CALM,0.0,,0.4223138846562242,0.5776861153437758,
facility_2442,facility_1672,0.35392154499076384,3.9246745583134217,3.9246745583134217,1.0,دکتر طاهره فروغی فر,doctors,35.7714757,51.3828672,بیمارستان کودکان حضرت علی اصغر,hospital,35.767388599236256,51.42599559885438,CALM,0.0,,0.3939215449907638,0.6060784550092362,
facility_2442,facility_1675,0.11514470240246598,1.2768521454530883,1.2768521454530883,1.0,مطب تخصصي دندانپزشكي دكتر عليرضا اميني,doctors,35.7704131,51.412366,بیمارستان کودکان حضرت علی اصغر,hospital,35.767388599236256,51.42599559885438,CALM,0.0,,0.15514470240246597,0.8448552975975341,
facility_2442,facility_1676,0.24479972621648208,2.7146108253708907,2.7146108253708907,1.0,مطب نوروتراپی و روانپزشکی دکتر کروندی,doctors,35.756844,51.3988962,بیمارستان کودکان حضرت علی اصغر,hospital,35.767388599236256,51.42599559885438,CALM,0.0,,0.2847997262164821,0.7152002737835179,
facility_2442,facility_1677,0.285042198110521,3.1608639790473623,3.1608639790473623,1.0,دکتر سعید طالب زاده بنکدار,doctors,35.7949304,51.4170088,بیمارستان کودکان حضرت علی اصغر,hospital,35.767388599236256,51.42599559885438,CALM,0.0,,0.325042198110521,0.6749578018894791,
facility_2442,facility_1678,0.3831322506870992,4.248595255144071,4.248595255144071,1.0,مطب دکتر حسن راشکی اگزوزوم تراپی,doctors,35.7305773,51.4129971,بیمارستان کودکان حضرت علی اصغر,hospital,35.767388599236256,51.42599559885438,CALM,0.0,,0.4231322506870992,0.5768677493129009,
facility_2442,facility_1679,0.5410168959004559,5.999395281272383,5.999395281272383,1.0,مطب آلرژي دكتر سپيده داروگر,doctors,35.8120809,51.4633932,بیمارستان کودکان حضرت علی اصغر,hospital,35.767388599236256,51.42599559885438,CALM,0.0,,0.5810168959004559,0.4189831040995441,
facility_2442,facility_168,0.4015410323884001,4.452732240346616,4.452732240346616,1.0,طب سنتی دکتر پرما,doctors,35.7638965,51.4750673,بیمارستان کودکان حضرت علی اصغر,hospital,35.767388599236256,51.42599559885438,CALM,0.0,,0.4415410323884001,0.5584589676115999,
facility_2442,facility_1680,0.3534621489836674,3.9195802659575008,3.9195802659575008,1.0,گروه روانپزشکی ویان مطب دکتر سامرند سلیمی مطب علامه,doctors,35.7715159,51.3829297,بیمارستان کودکان حضرت علی اصغر,hospital,35.767388599236256,51.42599559885438,CALM,0.0,,0.3934621489836674,0.6065378510163326,
facility_2513,facility_1684,0.4066289922960313,4.509153181896585,4.509153181896585,1.0,آزمایشگاه خیریه موسوی کیانی,laboratory,35.6716297,51.4318161,درمانگاه شبانه‌روزی یاس,hospital,35.63380147765345,51.413563736577125,CALM,0.0,,0.44662899229603126,0.5533710077039687,
facility_2442,facility_1686,0.47054893069097475,5.217968340335562,5.217968340335562,1.0,مرکز تخصصی فیزیوتراپی دکتر جمهوری,doctors,35.8099834,51.4505108,بیمارستان کودکان حضرت علی اصغر,hospital,35.767388599236256,51.42599559885438,CALM,0.0,,0.5105489306909747,0.48945106930902527,
facility_2442,facility_169,0.6699161204511367,7.428772820844289,7.428772820844289,1.0,دکتر نفیسه کاشانی زاده,doctors,35.70313,51.4028201,بیمارستان کودکان حضرت علی اصغر,hospital,35.767388599236256,51.42599559885438,CALM,0.0,,0.7099161204511367,0.2900838795488633,
facility_2442,facility_1698,0.3158915255176791,3.5029555304930753,3.5029555304930753,1.0,بهبود طب,doctors,35.7360938,51.4312194,بیمارستان کودکان حضرت علی اصغر,hospital,35.767388599236256,51.42599559885438,CALM,0.0,,0.35589152551767905,0.6441084744823209,
facility_2578,facility_1701,0.12691394640329326,1.4073625739771136,1.4073625739771136,1.0,مرکز روانشناسی دکتر سرافزازنسب,doctors,35.7551919,51.3340697,بیمارستان سلامت فردا,hospital,35.74368823718312,51.327500297168406,CALM,0.0,,0.16691394640329327,0.8330860535967067,
facility_2442,facility_1703,0.3724566176340707,4.130211997526329,4.130211997526329,1.0,مطب دکتر علیرضا رئوف,doctors,35.7713718,51.3805649,بیمارستان کودکان حضرت علی اصغر,hospital,35.767388599236256,51.42599559885438,CALM,0.0,,0.41245661763407065,0.5875433823659293,
facility_2442,facility_1704,0.37231852284839806,4.128680649407979,4.128680649407979,1.0,دکتر علیرضا رئوف,doctors,35.7712214,51.3805625,بیمارستان کودکان حضرت علی اصغر,hospital,35.767388599236256,51.42599559885438,CALM,0.0,,0.41231852284839804,0.5876814771516019,
facility_2442,facility_1705,0.40264357868165956,4.464958496271869,4.464958496271869,1.0,مطب سعادت آباد دکتر بهزاد محمودی نژاد,doctors,35.7833988,51.3806705,بیمارستان کودکان حضرت علی اصغر,hospital,35.767388599236256,51.42599559885438,CALM,0.0,,0.44264357868165954,0.5573564213183404,
facility_2442,facility_1706,0.3143427106133652,3.4857805533363275,3.4857805533363275,1.0,دکتر نیکا مجاهد یزدی,hospital,35.796707,51.4121023,بیمارستان کودکان حضرت علی اصغر,hospital,35.767388599236256,51.42599559885438,CALM,0.0,,0.3543427106133652,0.6456572893866348,
facility_2578,facility_1709,0.3966774201495752,4.398799114529943,4.398799114529943,1.0,دکتر سعیده عادلی متخصص قلب و واریس,doctors,35.7701783,51.3637123,بیمارستان سلامت فردا,hospital,35.74368823718312,51.327500297168406,CALM,0.0,,0.43667742014957517,0.5633225798504249,
facility_2442,facility_171,0.6041279470662975,6.699240601131221,6.699240601131221,1.0,آزمایشگاه پزشکی,laboratory,35.7091389,51.4063969,بیمارستان کودکان حضرت علی اصغر,hospital,35.767388599236256,51.42599559885438,CALM,0.0,,0.6441279470662975,0.3558720529337025,
facility_2442,facility_1710,0.28051582844585277,3.1106705728649025,3.1106705728649025,1.0,کلینیک قلب کودکان و اکو جنین دکتر رضا مسیحی,clinic,35.7470111,51.4496373,بیمارستان کودکان حضرت علی اصغر,hospital,35.767388599236256,51.42599559885438,CALM,0.0,,0.32051582844585275,0.6794841715541473,
facility_2442,facility_1714,0.4152588325240294,4.604850420068446,4.604850420068446,1.0,دکتر فاطمه متقی زاده  کلینیک جامع قلب و عروق آرام,clinic,35.7267018,51.4361358,بیمارستان کودکان حضرت علی اصغر,hospital,35.767388599236256,51.42599559885438,CALM,0.0,,0.4552588325240294,0.5447411674759706,
facility_2578,facility_1715,0.6601950498039612,7.320974809707293,7.320974809707293,1.0,ساختمان پزشکان جمهوری,clinic,35.6959054,51.3833432,بیمارستان سلامت فردا,hospital,35.74368823718312,51.327500297168406,CALM,0.0,,0.7001950498039612,0.2998049501960388,
facility_2578,facility_1717,0.6319164224751649,7.007390031407771,7.007390031407771,1.0,مطب دندانپزشکی دکتر آذر رئوفی,doctors,35.6990229,51.382297,بیمارستان سلامت فردا,hospital,35.74368823718312,51.327500297168406,CALM,0.0,,0.6719164224751649,0.3280835775248351,
facility_2442,facility_1718,0.4241954280836512,4.703949301521678,4.703949301521678,1.0,مطب دکتر سپیده نیازی,doctors,35.7338164,51.3942032,بیمارستان کودکان حضرت علی اصغر,hospital,35.767388599236256,51.42599559885438,CALM,0.0,,0.46419542808365116,0.5358045719163489,
facility_2442,facility_1720,0.2156373073790576,2.3912255867776686,2.3912255867776686,1.0,مطب دکتر ابراهیم محمدنشتایی,doctors,35.7605704,51.4510904,بیمارستان کودکان حضرت علی اصغر,hospital,35.767388599236256,51.42599559885438,CALM,0.0,,0.2556373073790576,0.7443626926209423,
facility_2442,facility_1721,0.32980967385952265,3.657295393293717,3.657295393293717,1.0,دکتر مائده پورنصیر دندانپزشک،متخصص لثه و ایمپلنت,doctors,35.7807126,51.4630084,بیمارستان کودکان حضرت علی اصغر,hospital,35.767388599236256,51.42599559885438,CALM,0.0,,0.3698096738595226,0.6301903261404773,
facility_2442,facility_1725,0.40837908884880647,4.528560193174885,4.528560193174885,1.0,مطب دکتر الهام کفایی,doctors,35.80786,51.4193691,بیمارستان کودکان حضرت علی اصغر,hospital,35.767388599236256,51.42599559885438,CALM,0.0,,0.44837908884880645,0.5516209111511936,
facility_2578,facility_1727,0.3645692107442214,4.042747683500277,4.042747683500277,1.0,مطب تغذیه دکتر حسنی,doctors,35.7696983,51.3588289,بیمارستان سلامت فردا,hospital,35.74368823718312,51.327500297168406,CALM,0.0,,0.40456921074422136,0.5954307892557786,
facility_2442,facility_1728,0.43240496199258965,4.79498571714555,4.79498571714555,1.0,دکتر حمیده طهماسبی بروجنی,doctors,35.7824615,51.3762734,بیمارستان کودکان حضرت علی اصغر,hospital,35.767388599236256,51.42599559885438,CALM,0.0,,0.47240496199258963,0.5275950380074104,
facility_2513,facility_173,0.6826923524040974,7.570449848441477,7.570449848441477,1.0,آزمایشگاه پزشکی ناجا,laboratory,35.6999007,51.3926964,درمانگاه شبانه‌روزی یاس,hospital,35.63380147765345,51.413563736577125,CALM,0.0,,0.7226923524040975,0.27730764759590254,
facility_2513,facility_1731,0.2624609444296149,2.910457997635334,2.910457997635334,1.0,مطب دکتر فروزان بلوری جراح و متخصص زنان و زایمان,doctors,35.6345176,51.3814314,درمانگاه شبانه‌روزی یاس,hospital,35.63380147765345,51.413563736577125,CALM,0.0,,0.30246094442961485,0.6975390555703851,
facility_2442,facility_1734,0.07351080724321524,0.8151693476475355,0.8151693476475355,1.0,مرکز روانشناسی و نوروفیدبک طناز یوسفی,doctors,35.773044,51.4202358,بیمارستان کودکان حضرت علی اصغر,hospital,35.767388599236256,51.42599559885438,CALM,0.0,,0.11351080724321524,0.8864891927567847,
facility_1846,facility_1736,0.17185044299860594,1.9056682787964228,1.9056682787964228,1.0,کلینیک زیبایی ملل,doctors,35.726492,51.5228936,Turan Hearing Aid Center,hospital,35.7417034,51.5326919,CALM,0.0,,0.21185044299860595,0.7881495570013941,
facility_2513,facility_1737,0.3516291974006599,3.89925446622514,3.89925446622514,1.0,آزمایشگاه صدرآزما,laboratory,35.6506693,51.451352,درمانگاه شبانه‌روزی یاس,hospital,35.63380147765345,51.413563736577125,CALM,0.0,,0.3916291974006599,0.6083708025993402,
facility_2578,facility_1740,0.42557460801239705,4.719243177959255,4.719243177959255,1.0,مطب پزشکی دکتر سعید ساعدی,doctors,35.7776835,51.3588952,بیمارستان سلامت فردا,hospital,35.74368823718312,51.327500297168406,CALM,0.0,,0.46557460801239703,0.534425391987603,
facility_2442,facility_1741,0.5170317980318057,5.733421918768539,5.733421918768539,1.0,مرکز سلامت نسیم,clinic,35.7881418,51.3678963,بیمارستان کودکان حضرت علی اصغر,hospital,35.767388599236256,51.42599559885438,CALM,0.0,,0.5570317980318057,0.4429682019681943,
facility_2442,facility_1742,0.45369578819372763,5.031082007692822,5.031082007692822,1.0,ساختمان پزشکان سرو,clinic,35.781747,51.3731949,بیمارستان کودکان حضرت علی اصغر,hospital,35.767388599236256,51.42599559885438,CALM,0.0,,0.4936957881937276,0.5063042118062724,
facility_2442,facility_1743,0.3002893005699381,3.329940758795354,3.329940758795354,1.0,دندانپزشكى دكتر خانبانى,doctors,35.7966517,51.4342333,بیمارستان کودکان حضرت علی اصغر,hospital,35.767388599236256,51.42599559885438,CALM,0.0,,0.34028930056993806,0.6597106994300619,
facility_2442,facility_1744,0.4481339472159179,4.969406147344833,4.969406147344833,1.0,آزمایشگاه پاتوبیولوژی و ژنتیک اوستا,laboratory,35.7236223,51.41423,بیمارستان کودکان حضرت علی اصغر,hospital,35.767388599236256,51.42599559885438,CALM,0.0,,0.4881339472159179,0.5118660527840821,
facility_2442,facility_1745,0.3340717532980995,3.7045580563749656,3.7045580563749656,1.0,مطب دکتر مهسا رکابی,doctors,35.7939108,51.4509105,بیمارستان کودکان حضرت علی اصغر,hospital,35.767388599236256,51.42599559885438,CALM,0.0,,0.3740717532980995,0.6259282467019005,
facility_2578,facility_1746,0.10934363987133723,1.2125235312465121,1.2125235312465121,1.0,کلینیک دامپزشکی دکتر پرکار,hospital,35.7366262,51.3377365,بیمارستان سلامت فردا,hospital,35.74368823718312,51.327500297168406,CALM,0.0,,0.14934363987133722,0.8506563601286627,
facility_2442,facility_1747,0.41268545838804677,4.576313994006064,4.576313994006064,1.0,کلینیک زیبایی لیوسا,clinic,35.7688414,51.4765913,بیمارستان کودکان حضرت علی اصغر,hospital,35.767388599236256,51.42599559885438,CALM,0.0,,0.45268545838804675,0.5473145416119533,
facility_2578,facility_1748,0.1373747076788177,1.523363095052236,1.523363095052236,1.0,مطب دکتر سعدآبادی,doctors,35.7355379,51.3410605,بیمارستان سلامت فردا,hospital,35.74368823718312,51.327500297168406,CALM,0.0,,0.17737470767881772,0.8226252923211823,
facility_2442,facility_175,0.4430524574188138,4.913056953555164,4.913056953555164,1.0,درمانگاه مجیدیه,clinic,35.7345487,51.4624641,بیمارستان کودکان حضرت علی اصغر,hospital,35.767388599236256,51.42599559885438,CALM,0.0,,0.4830524574188138,0.5169475425811862,
facility_2513,facility_1750,0.5357309803153976,5.940779187655894,5.940779187655894,1.0,متخصص اطفال (دکتر فاطمه طبسی ),doctors,35.6499397,51.4761331,درمانگاه شبانه‌روزی یاس,hospital,35.63380147765345,51.413563736577125,CALM,0.0,,0.5757309803153976,0.4242690196846024,
facility_2442,facility_1751,0.23061948644105995,2.557364602118685,2.557364602118685,1.0,مطب پزشکی,doctors,35.7487053,51.4094178,بیمارستان کودکان حضرت علی اصغر,hospital,35.767388599236256,51.42599559885438,CALM,0.0,,0.27061948644105993,0.7293805135589401,
facility_2578,facility_1753,0.3288091564655008,3.646200546944168,3.646200546944168,1.0,سونوگرافي آلستوم (دكتر شهاب مهاجر شيرواني),doctors,35.7202894,51.355822,بیمارستان سلامت فردا,hospital,35.74368823718312,51.327500297168406,CALM,0.0,,0.3688091564655008,0.6311908435344993,
facility_2442,facility_1754,0.32453973055783736,3.5988564180671077,3.5988564180671077,1.0,مطب دکتر سیده غنچه لنگری,doctors,35.7806251,51.4623486,بیمارستان کودکان حضرت علی اصغر,hospital,35.767388599236256,51.42599559885438,CALM,0.0,,0.36453973055783734,0.6354602694421627,
facility_1846,facility_1755,0.30272579708681174,3.356959334031972,3.356959334031972,1.0,فیزیوتراپی کیان,doctors,35.738996,51.4957163,Turan Hearing Aid Center,hospital,35.7417034,51.5326919,CALM,0.0,,0.3427257970868117,0.6572742029131883,
facility_1846,facility_1756,0.016480360991300798,0.1827525179233356,0.1827525179233356,1.0,دکتر سید حسن مهدوی,doctors,35.7431925,51.5318267,Turan Hearing Aid Center,hospital,35.7417034,51.5326919,CALM,0.0,,0.0564803609913008,0.9435196390086992,
facility_2578,facility_1757,0.23445885930983998,2.599939826010107,2.599939826010107,1.0,فیزیوتراپی مریم درستی,doctors,35.7578771,51.3046096,بیمارستان سلامت فردا,hospital,35.74368823718312,51.327500297168406,CALM,0.0,,0.27445885930984,0.72554114069016,
facility_2442,facility_1758,0.18848522884746238,2.0901332307837417,2.0901332307837417,1.0,مطب دکتر عسل پرورش جراح دندانپزشک,doctors,35.7862088,51.4248124,بیمارستان کودکان حضرت علی اصغر,hospital,35.767388599236256,51.42599559885438,CALM,0.0,,0.2284852288474624,0.7715147711525376,
facility_2513,facility_1760,0.06732951760878156,0.7466243536815382,0.7466243536815382,1.0,راضیه فرقانی کارشناس بیماریهای زنان ومامایی,clinic,35.6346734,51.4217403,درمانگاه شبانه‌روزی یاس,hospital,35.63380147765345,51.413563736577125,CALM,0.0,,0.10732951760878157,0.8926704823912184,
facility_2442,facility_1761,0.39052424948816544,4.330565934918271,4.330565934918271,1.0,مطب دکتر نازنین سلطانی جراح و متخصص زنان,doctors,35.7831911,51.3821822,بیمارستان کودکان حضرت علی اصغر,hospital,35.767388599236256,51.42599559885438,CALM,0.0,,0.4305242494881654,0.5694757505118346,
facility_1846,facility_1764,0.5108208862504423,5.664548441589064,5.664548441589064,1.0,دکتر سارا فرهادی متخصص کودکان,doctors,35.7786203,51.4893933,Turan Hearing Aid Center,hospital,35.7417034,51.5326919,CALM,0.0,,0.5508208862504423,0.44917911374955766,
facility_2578,facility_1765,0.3149592272164854,3.4926171730937,3.4926171730937,1.0,دکتر محسن نبیونی,doctors,35.7583906,51.3616618,بیمارستان سلامت فردا,hospital,35.74368823718312,51.327500297168406,CALM,0.0,,0.3549592272164854,0.6450407727835146,
facility_2442,facility_1766,0.14120451828005096,1.5658322819173969,1.5658322819173969,1.0,مرکز درمان در منزل درمان تو,clinic,35.7585306,51.4125079,بیمارستان کودکان حضرت علی اصغر,hospital,35.767388599236256,51.42599559885438,CALM,0.0,,0.18120451828005096,0.818795481719949,
facility_2578,facility_1768,0.5122528201286142,5.680427312317306,5.680427312317306,1.0,دکتر‌قادری پوست‌زیبایی فیزیوتراپی پندار,doctors,35.7838689,51.3664656,بیمارستان سلامت فردا,hospital,35.74368823718312,51.327500297168406,CALM,0.0,,0.5522528201286142,0.4477471798713858,
facility_2442,facility_1771,0.1976851702858104,2.192152383367403,2.192152383367403,1.0,کلینیک قلب عروق و واریس دکتر هومن محمودی,doctors,35.7868526,51.4217809,بیمارستان کودکان حضرت علی اصغر,hospital,35.767388599236256,51.42599559885438,CALM,0.0,,0.2376851702858104,0.7623148297141896,
facility_2578,facility_1772,0.3818008111369633,4.233830776964346,4.233830776964346,1.0,دکتر فراز سلیمانی,doctors,35.7684657,51.2918745,بیمارستان سلامت فردا,hospital,35.74368823718312,51.327500297168406,CALM,0.0,,0.42180081113696327,0.5781991888630367,
facility_2578,facility_1773,0.6330394544127284,7.01984345487382,7.01984345487382,1.0,دکتر سید نوید حسینی فر پزشک متخصص جراح عمومی,doctors,35.7024577,51.3863887,بیمارستان سلامت فردا,hospital,35.74368823718312,51.327500297168406,CALM,0.0,,0.6730394544127284,0.3269605455872716,
facility_2442,facility_1774,0.19202873913531948,2.129427602292652,2.129427602292652,1.0,کلینیک دندان پزشکی سرو بین الملل (شعبه فرشته),clinic,35.7865483,51.4275054,بیمارستان کودکان حضرت علی اصغر,hospital,35.767388599236256,51.42599559885438,CALM,0.0,,0.2320287391353195,0.7679712608646805,
facility_2578,facility_1777,0.1685644487652011,1.8692295308616362,1.8692295308616362,1.0,مرکز کاردرمانی و گفتاردرمانی کورتکس,doctors,35.7576652,51.315948,بیمارستان سلامت فردا,hospital,35.74368823718312,51.327500297168406,CALM,0.0,,0.2085644487652011,0.7914355512347989,
facility_2442,facility_1779,0.24457132090060207,2.712078013947271,2.712078013947271,1.0,دکتر احمدی مقدم,doctors,35.7459735,51.4115149,بیمارستان کودکان حضرت علی اصغر,hospital,35.767388599236256,51.42599559885438,CALM,0.0,,0.28457132090060205,0.715428679099398,
facility_2442,facility_1784,0.06419450840171168,0.7118598951476939,0.7118598951476939,1.0,مطب دکتر مریم موسی وند درمان اسکار,doctors,35.7656809,51.4184044,بیمارستان کودکان حضرت علی اصغر,hospital,35.767388599236256,51.42599559885438,CALM,0.0,,0.10419450840171168,0.8958054915982883,
facility_2442,facility_1786,0.25316134735545054,2.8073337528525215,2.8073337528525215,1.0,کلینیک دکتر سید بهروز امامی,doctors,35.7700057,51.3951046,بیمارستان کودکان حضرت علی اصغر,hospital,35.767388599236256,51.42599559885438,CALM,0.0,,0.2931613473554505,0.7068386526445495,
facility_2442,facility_1789,0.27556406197393335,3.055759895156489,3.055759895156489,1.0,دکتر مهدی نیکوبخت,doctors,35.7542022,51.3963162,بیمارستان کودکان حضرت علی اصغر,hospital,35.767388599236256,51.42599559885438,CALM,0.0,,0.31556406197393333,0.6844359380260667,
facility_2442,facility_179,0.5433238065628421,6.0249768648552795,6.0249768648552795,1.0,کلینیک ویژه بیمارستان شریعتی,clinic,35.722021,51.389346,بیمارستان کودکان حضرت علی اصغر,hospital,35.767388599236256,51.42599559885438,CALM,0.0,,0.5833238065628421,0.4166761934371579,
facility_2578,facility_1790,0.3609139712290417,4.002214334421057,4.002214334421057,1.0,گروه تخصصی فک و صورت دکتر بهاری,clinic,35.7714447,51.3557894,بیمارستان سلامت فردا,hospital,35.74368823718312,51.327500297168406,CALM,0.0,,0.40091397122904165,0.5990860287709583,
facility_2442,facility_1791,0.24901950185140234,2.761404376966046,2.761404376966046,1.0,کلینیک ساختمانی ذوالفقاری,clinic,35.7547717,51.3996619,بیمارستان کودکان حضرت علی اصغر,hospital,35.767388599236256,51.42599559885438,CALM,0.0,,0.28901950185140235,0.7109804981485977,
facility_2442,facility_1792,0.49498623253587765,5.48895624198201,5.48895624198201,1.0,کلینیک شنوایی و تعادل و سمعک فرمانیه,clinic,35.7990554,51.4726691,بیمارستان کودکان حضرت علی اصغر,hospital,35.767388599236256,51.42599559885438,CALM,0.0,,0.5349862325358776,0.4650137674641224,
facility_2442,facility_1795,0.17916262068642866,1.9867538135524765,1.9867538135524765,1.0,دکترساناز گودرزی,doctors,35.7779853,51.4437174,بیمارستان کودکان حضرت علی اصغر,hospital,35.767388599236256,51.42599559885438,CALM,0.0,,0.21916262068642867,0.7808373793135713,
facility_2442,facility_1796,0.19305024284689418,2.1407551682031833,2.1407551682031833,1.0,کلینیک فوق تخصصی زیبایی ساباط,clinic,35.7866419,51.4243263,بیمارستان کودکان حضرت علی اصغر,hospital,35.767388599236256,51.42599559885438,CALM,0.0,,0.23305024284689418,0.7669497571531059,
facility_2513,facility_1799,0.6560620396395428,7.275143409864238,7.275143409864238,1.0,مرکز درمان در منزل جهاد دانشگاهی علوم پزشکی تهران,clinic,35.698495,51.4002843,درمانگاه شبانه‌روزی یاس,hospital,35.63380147765345,51.413563736577125,CALM,0.0,,0.6960620396395428,0.30393796036045717,
facility_2513,facility_1800,0.6634631939099416,7.357215615634997,7.357215615634997,1.0,کلینیک دندانپزشکی جهاد دانشگاهی علوم پزشکی تهران,clinic,35.6992131,51.400049,درمانگاه شبانه‌روزی یاس,hospital,35.63380147765345,51.413563736577125,CALM,0.0,,0.7034631939099416,0.2965368060900584,
facility_2578,facility_1801,0.35406754571569066,3.926293576253204,3.926293576253204,1.0,دکتر مهریار خسروشاهی دیابتولوژیست,doctors,35.7722542,51.3531519,بیمارستان سلامت فردا,hospital,35.74368823718312,51.327500297168406,CALM,0.0,,0.39406754571569064,0.6059324542843094,
facility_2578,facility_1803,0.17399149982368198,1.9294106911140976,1.9294106911140976,1.0,مطب دکتر ناصر علیزاده,doctors,35.7266301,51.3233154,بیمارستان سلامت فردا,hospital,35.74368823718312,51.327500297168406,CALM,0.0,,0.21399149982368199,0.786008500176318,
facility_1846,facility_1804,0.44055760368954183,4.885391248834524,4.885391248834524,1.0,دکتر شیارکار جراح و متخصص بیماری‌های چشم,doctors,35.7535331,51.4806448,Turan Hearing Aid Center,hospital,35.7417034,51.5326919,CALM,0.0,,0.4805576036895418,0.5194423963104582,
facility_2578,facility_1806,0.4223972076301155,4.6840086390666285,4.6840086390666285,1.0,کلینیک لاغری دکتر کاظمی,clinic,35.7710223,51.366996,بیمارستان سلامت فردا,hospital,35.74368823718312,51.327500297168406,CALM,0.0,,0.4623972076301155,0.5376027923698845,
facility_2578,facility_1807,0.5538511557931182,6.141715787012797,6.141715787012797,1.0,مطب دکتر علیرضا نجف,doctors,35.7206305,51.3892475,بیمارستان سلامت فردا,hospital,35.74368823718312,51.327500297168406,CALM,0.0,,0.5938511557931182,0.4061488442068818,
facility_2578,facility_1809,0.36453770559063603,4.042398319420915,4.042398319420915,1.0,كلينيك زيبايي درناز,clinic,35.7699693,51.3584811,بیمارستان سلامت فردا,hospital,35.74368823718312,51.327500297168406,CALM,0.0,,0.404537705590636,0.5954622944093639,
facility_2442,facility_1810,0.42275716630352017,4.688000259999432,4.688000259999432,1.0,دندانپزشکی نیکان,clinic,35.7258686,51.4357051,بیمارستان کودکان حضرت علی اصغر,hospital,35.767388599236256,51.42599559885438,CALM,0.0,,0.46275716630352015,0.5372428336964798,
facility_2442,facility_1811,0.349036920995401,3.8705084308400908,3.8705084308400908,1.0,کلینیک روانشناسی سبک زندگی,clinic,35.7617721,51.4682544,بیمارستان کودکان حضرت علی اصغر,hospital,35.767388599236256,51.42599559885438,CALM,0.0,,0.389036920995401,0.610963079004599,
facility_2442,facility_1814,0.3481696083006099,3.860890705907754,3.860890705907754,1.0,ساختمان پزشکان کالج,clinic,35.7890787,51.4594072,بیمارستان کودکان حضرت علی اصغر,hospital,35.767388599236256,51.42599559885438,CALM,0.0,,0.38816960830060987,0.6118303916993901,
facility_2442,facility_1816,0.3387551275472472,3.756492503494227,3.756492503494227,1.0,درمانگاه شبانه روزی دکتر صفائیان,clinic,35.7356843,51.4406116,بیمارستان کودکان حضرت علی اصغر,hospital,35.767388599236256,51.42599559885438,CALM,0.0,,0.37875512754724716,0.6212448724527528,
facility_1846,facility_1817,0.010179529533743055,0.11288191166130915,0.11288191166130915,1.0,دکتر انوشه اسدی,doctors,35.7407517,51.5331343,Turan Hearing Aid Center,hospital,35.7417034,51.5326919,CALM,0.0,,0.05017952953374306,0.949820470466257,
facility_2442,facility_1818,0.19348913656703937,2.1456221084661795,2.1456221084661795,1.0,مطب تغذیه و رژیم درمانی بهاره آقایی,clinic,35.786679,51.4242104,بیمارستان کودکان حضرت علی اصغر,hospital,35.767388599236256,51.42599559885438,CALM,0.0,,0.23348913656703937,0.7665108634329606,
facility_1846,facility_1819,0.2169249629311895,2.405504539434973,2.405504539434973,1.0,مرکز دندانپزشکی دکتر علی ستوده,doctors,35.7525429,51.5096484,Turan Hearing Aid Center,hospital,35.7417034,51.5326919,CALM,0.0,,0.2569249629311895,0.7430750370688105,
facility_1846,facility_1820,0.16338275417562062,1.8117691552148032,1.8117691552148032,1.0,دکتر رضا پیرهادی,doctors,35.7288701,51.5202963,Turan Hearing Aid Center,hospital,35.7417034,51.5326919,CALM,0.0,,0.20338275417562063,0.7966172458243794,
facility_2578,facility_1821,0.12368289402381184,1.3715330822442504,1.3715330822442504,1.0,پزشک متخصص زنان  فلوشیپ لاپاراسکوپی دکتر اتوسا قاسمی,doctors,35.7356871,51.3390653,بیمارستان سلامت فردا,hospital,35.74368823718312,51.327500297168406,CALM,0.0,,0.16368289402381184,0.8363171059761881,
facility_2578,facility_1823,0.12882327607981284,1.4285353387068358,1.4285353387068358,1.0,دکتر شادی احدی فر ( روانشناس و بازیگر),doctors,35.7557014,51.3331987,بیمارستان سلامت فردا,hospital,35.74368823718312,51.327500297168406,CALM,0.0,,0.16882327607981285,0.8311767239201872,
facility_2578,facility_1824,0.3929615155163969,4.357593043350144,4.357593043350144,1.0,مطب دکتر سعید انتظاری,doctors,35.7703469,51.3629076,بیمارستان سلامت فردا,hospital,35.74368823718312,51.327500297168406,CALM,0.0,,0.4329615155163969,0.5670384844836032,
facility_2442,facility_1826,0.4432451933388101,4.915194223163043,4.915194223163043,1.0,مطب دکتر سیامک فائز,hospital,35.7231339,51.4231328,بیمارستان کودکان حضرت علی اصغر,hospital,35.767388599236256,51.42599559885438,CALM,0.0,,0.48324519333881005,0.51675480666119,
facility_2442,facility_1827,0.44459919327872083,4.9302088759620535,4.9302088759620535,1.0,unnamed,doctors,35.7229965,51.423176,بیمارستان کودکان حضرت علی اصغر,hospital,35.767388599236256,51.42599559885438,CALM,0.0,,0.4845991932787208,0.5154008067212792,
facility_2442,facility_1828,0.4464198974162398,4.9503988624375115,4.9503988624375115,1.0,unnamed,hospital,35.7228031,51.4234543,بیمارستان کودکان حضرت علی اصغر,hospital,35.767388599236256,51.42599559885438,CALM,0.0,,0.48641989741623975,0.5135801025837603,
facility_2442,facility_1829,0.74230174256678,8.231464868067265,8.231464868067265,1.0,کلینیک زیبایی یروشا,clinic,35.8190189,51.4914316,بیمارستان کودکان حضرت علی اصغر,hospital,35.767388599236256,51.42599559885438,CALM,0.0,,0.7823017425667801,0.2176982574332199,
facility_2442,facility_1830,0.40670439770991496,4.509989360743612,4.509989360743612,1.0,مطب دکتر محمد مجیدی,doctors,35.8077081,51.419527,بیمارستان کودکان حضرت علی اصغر,hospital,35.767388599236256,51.42599559885438,CALM,0.0,,0.44670439770991494,0.553295602290085,
facility_2442,facility_1832,0.0738967550345247,0.8194491647392839,0.8194491647392839,1.0,مطب دندانپزشکی دکتر مجید بهنام تقی پور,doctors,35.7652217,51.4346622,بیمارستان کودکان حضرت علی اصغر,hospital,35.767388599236256,51.42599559885438,CALM,0.0,,0.1138967550345247,0.8861032449654753,
facility_2442,facility_1833,0.1195431014754834,1.325626471807341,1.325626471807341,1.0,مرکز چکاپ هوشمند و جوانسازی ریترن,clinic,35.7699891,51.4403096,بیمارستان کودکان حضرت علی اصغر,hospital,35.767388599236256,51.42599559885438,CALM,0.0,,0.1595431014754834,0.8404568985245167,
facility_2442,facility_1835,0.236176231236369,2.6189839503438943,2.6189839503438943,1.0,کلینیک زیبایی دیورا,clinic,35.7906977,51.4213611,بیمارستان کودکان حضرت علی اصغر,hospital,35.767388599236256,51.42599559885438,CALM,0.0,,0.276176231236369,0.7238237687636311,
facility_2578,facility_1836,0.6303386969534436,6.98989446126591,6.98989446126591,1.0,کلینیک تخصصی ارتوپدی فنی رجبی راد,clinic,35.7074732,51.3907532,بیمارستان سلامت فردا,hospital,35.74368823718312,51.327500297168406,CALM,0.0,,0.6703386969534436,0.3296613030465564,
facility_2442,facility_1837,0.05220834418971029,0.5789440147769855,0.5789440147769855,1.0,مطب دندانپزشکی دکتر امید شهباز زاده,doctors,35.7685956,51.4197644,بیمارستان کودکان حضرت علی اصغر,hospital,35.767388599236256,51.42599559885438,CALM,0.0,,0.0922083441897103,0.9077916558102896,
facility_2442,facility_184,0.4589717032028589,5.089587203833684,5.089587203833684,1.0,دکتر پریسا عبدلی,doctors,35.7412915,51.472301,بیمارستان کودکان حضرت علی اصغر,hospital,35.767388599236256,51.42599559885438,CALM,0.0,,0.4989717032028589,0.5010282967971411,
facility_2442,facility_1840,0.15291102379641477,1.6956469965543028,1.6956469965543028,1.0,مرکز مشاوره و رواندرمانی خانه نیکان,clinic,35.7631494,51.4440181,بیمارستان کودکان حضرت علی اصغر,hospital,35.767388599236256,51.42599559885438,CALM,0.0,,0.19291102379641478,0.8070889762035852,
facility_2442,facility_1842,0.4508735048927442,4.999785400790827,4.999785400790827,1.0,ساختمان پزشکی پارس,clinic,35.7316113,51.4596373,بیمارستان کودکان حضرت علی اصغر,hospital,35.767388599236256,51.42599559885438,CALM,0.0,,0.4908735048927442,0.5091264951072558,
facility_2578,facility_1843,0.42267211969025975,4.687057168842485,4.687057168842485,1.0,کلینیک تغذیه دکتر یگانه کیان,doctors,35.7711217,51.3669365,بیمارستان سلامت فردا,hospital,35.74368823718312,51.327500297168406,CALM,0.0,,0.46267211969025973,0.5373278803097403,
facility_2578,facility_1844,0.6139290524389682,6.807926126055887,6.807926126055887,1.0,شفا کلینیک,clinic,35.7080863,51.3888209,بیمارستان سلامت فردا,hospital,35.74368823718312,51.327500297168406,CALM,0.0,,0.6539290524389683,0.34607094756103174,
facility_1846,facility_1845,0.19635583379727495,2.1774112262668117,2.1774112262668117,1.0,دکتر حمیدرضا بدیهی,doctors,35.7374273,51.5561933,Turan Hearing Aid Center,hospital,35.7417034,51.5326919,CALM,0.0,,0.23635583379727496,0.763644166202725,
facility_1846,facility_1846,0.0,0.0,0.0,1.0,Turan Hearing Aid Center,hospital,35.7417034,51.5326919,Turan Hearing Aid Center,hospital,35.7417034,51.5326919,CALM,0.0,,0.04,0.96,
facility_2513,facility_1848,0.4646358859075103,5.152397942736749,5.152397942736749,1.0,ازمایشگاه تشخیص طبی رایت,laboratory,35.6791524,51.4012244,درمانگاه شبانه‌روزی یاس,hospital,35.63380147765345,51.413563736577125,CALM,0.0,,0.5046358859075103,0.4953641140924897,
facility_2442,facility_1850,0.19676842288111984,2.1819864715530124,2.1819864715530124,1.0,کلینیک اریتمی دکتر امیر طاووسی,doctors,35.7520179,51.4109308,بیمارستان کودکان حضرت علی اصغر,hospital,35.767388599236256,51.42599559885438,CALM,0.0,,0.23676842288111985,0.7632315771188801,
facility_2442,facility_1851,0.38202040338202997,4.2362658592858775,4.2362658592858775,1.0,دکتر مریم شاه حسینی,doctors,35.7999922,51.4504124,بیمارستان کودکان حضرت علی اصغر,hospital,35.767388599236256,51.42599559885438,CALM,0.0,,0.42202040338202995,0.57797959661797,
facility_1846,facility_1852,0.4940343188582049,5.478400367536531,5.478400367536531,1.0,مطب آقای دکتر سالار باغبانی,doctors,35.7391696,51.5931972,Turan Hearing Aid Center,hospital,35.7417034,51.5326919,CALM,0.0,,0.534034318858205,0.46596568114179504,
facility_2442,facility_1856,0.397403202657399,4.406847395804821,4.406847395804821,1.0,مطب زیبایی دکتر رعنا هاشمی,doctors,35.7289611,51.4136049,بیمارستان کودکان حضرت علی اصغر,hospital,35.767388599236256,51.42599559885438,CALM,0.0,,0.43740320265739896,0.562596797342601,
facility_2578,facility_1857,0.3295199600722712,3.654082725553899,3.654082725553899,1.0,كلینیك رادیولوژی و سونوگرافی مهر,clinic,35.751728,51.2883074,بیمارستان سلامت فردا,hospital,35.74368823718312,51.327500297168406,CALM,0.0,,0.36951996007227117,0.6304800399277288,
facility_2578,facility_1859,0.453360720665895,5.027366407384183,5.027366407384183,1.0,مطب ارتوپدی دکتر سالار باغبانی,doctors,35.7270797,51.3792286,بیمارستان سلامت فردا,hospital,35.74368823718312,51.327500297168406,CALM,0.0,,0.493360720665895,0.506639279334105,
facility_2442,facility_186,0.11934471168395976,1.3234265058023262,1.3234265058023262,1.0,مطب دکتر مجید حاتمی,doctors,35.7675956,51.411357,بیمارستان کودکان حضرت علی اصغر,hospital,35.767388599236256,51.42599559885438,CALM,0.0,,0.15934471168395975,0.8406552883160403,
facility_2513,facility_1860,0.5893920001220224,6.5358320805610415,6.5358320805610415,1.0,درمانگاه کریمهٔ اهل بیت,clinic,35.689719,51.3907752,درمانگاه شبانه‌روزی یاس,hospital,35.63380147765345,51.413563736577125,CALM,0.0,,0.6293920001220225,0.37060799987797755,
facility_2442,facility_1861,0.17111061708981104,1.8974642687186971,1.8974642687186971,1.0,Moukaran Hair Clinic,clinic,35.7584869,51.4080708,بیمارستان کودکان حضرت علی اصغر,hospital,35.767388599236256,51.42599559885438,CALM,0.0,,0.21111061708981105,0.788889382910189,
facility_2442,facility_1862,0.43478445588197967,4.821372184037795,4.821372184037795,1.0,دکتر مریم علی اکبر متخصص زنان,doctors,35.7828379,51.3761351,بیمارستان کودکان حضرت علی اصغر,hospital,35.767388599236256,51.42599559885438,CALM,0.0,,0.47478445588197965,0.5252155441180204,
facility_2513,facility_1863,0.3142580241058246,3.4848414554309266,3.4848414554309266,1.0,درمانگاه شبانه روزی سهند ( فتح الله زاده),clinic,35.6316371,51.3751678,درمانگاه شبانه‌روزی یاس,hospital,35.63380147765345,51.413563736577125,CALM,0.0,,0.3542580241058246,0.6457419758941754,
facility_2442,facility_1866,0.42303361856399074,4.6910658692244525,4.6910658692244525,1.0,کلینیک زیبایی استارلت,clinic,35.8088005,51.4154426,بیمارستان کودکان حضرت علی اصغر,hospital,35.767388599236256,51.42599559885438,CALM,0.0,,0.4630336185639907,0.5369663814360093,
facility_2442,facility_187,0.41594421550729116,4.6124507066155065,4.6124507066155065,1.0,آزمایشگاه پاتوبیولوژی شمس,laboratory,35.7488785,51.4716835,بیمارستان کودکان حضرت علی اصغر,hospital,35.767388599236256,51.42599559885438,CALM,0.0,,0.45594421550729114,0.5440557844927089,
facility_2442,facility_1870,0.2288775262263409,2.538047815579226,2.538047815579226,1.0,مطب پوست و مو زیبایی دکتر ملیحه عسگری,doctors,35.7564022,51.4506241,بیمارستان کودکان حضرت علی اصغر,hospital,35.767388599236256,51.42599559885438,CALM,0.0,,0.26887752622634087,0.7311224737736591,
facility_2442,facility_1871,0.11499458222410458,1.2751874464455164,1.2751874464455164,1.0,مطب دکتر محدثه داوری دهان و دندانپزشکی,doctors,35.7773072,51.4188608,بیمارستان کودکان حضرت علی اصغر,hospital,35.767388599236256,51.42599559885438,CALM,0.0,,0.1549945822241046,0.8450054177758954,
facility_2442,facility_1873,0.5885095604750329,6.526046611208287,6.526046611208287,1.0,مطب دکتر مهدی حسن آبادی,doctors,35.7118017,51.4023307,بیمارستان کودکان حضرت علی اصغر,hospital,35.767388599236256,51.42599559885438,CALM,0.0,,0.6285095604750329,0.3714904395249671,
facility_2442,facility_1874,0.4227321181069493,4.687722497819636,4.687722497819636,1.0,کلینیک دکتر عاطفه لارتی متخصص طب فیزیکی ستون فقرات و مفاصل,doctors,35.8077854,51.4412471,بیمارستان کودکان حضرت علی اصغر,hospital,35.767388599236256,51.42599559885438,CALM,0.0,,0.46273211810694925,0.5372678818930507,
facility_2442,facility_1875,0.4613661840137655,5.116139862330866,5.116139862330866,1.0,مرکز تغذیه و رژیم درمانی کیمیا,doctors,35.721286,51.4278713,بیمارستان کودکان حضرت علی اصغر,hospital,35.767388599236256,51.42599559885438,CALM,0.0,,0.5013661840137655,0.49863381598623446,
facility_2442,facility_1876,0.39211963214252915,4.3482573069270565,4.3482573069270565,1.0,دکتر ثریا موحد,doctors,35.7712793,51.378128,بیمارستان کودکان حضرت علی اصغر,hospital,35.767388599236256,51.42599559885438,CALM,0.0,,0.43211963214252913,0.5678803678574709,
facility_2578,facility_1877,0.27351879388761435,3.033079694595328,3.033079694595328,1.0,کلینیک روانشناسی روان الماس,doctors,35.7635574,51.3044488,بیمارستان سلامت فردا,hospital,35.74368823718312,51.327500297168406,CALM,0.0,,0.31351879388761433,0.6864812061123857,
facility_2442,facility_1878,0.13532221529581204,1.500602783478312,1.500602783478312,1.0,دکترغلامرضا موسوی مجد,doctors,35.7587465,51.4132234,بیمارستان کودکان حضرت علی اصغر,hospital,35.767388599236256,51.42599559885438,CALM,0.0,,0.17532221529581204,0.824677784704188,
facility_2513,facility_1881,0.3706563874347524,4.110249048781413,4.110249048781413,1.0,درمانگاه لرزاده,hospital,35.6642259,51.4394881,درمانگاه شبانه‌روزی یاس,hospital,35.63380147765345,51.413563736577125,CALM,0.0,,0.41065638743475236,0.5893436125652476,
facility_1846,facility_1882,0.11575304116523183,1.2835980802481155,1.2835980802481155,1.0,فیزیوتراپی شمس,doctors,35.741613,51.5468869,Turan Hearing Aid Center,hospital,35.7417034,51.5326919,CALM,0.0,,0.15575304116523184,0.8442469588347682,
facility_2442,facility_1883,0.6698190715042148,7.427696634502186,7.427696634502186,1.0,کلینیک دکتر محمدپور,clinic,35.8172136,51.4809171,بیمارستان کودکان حضرت علی اصغر,hospital,35.767388599236256,51.42599559885438,CALM,0.0,,0.7098190715042149,0.29018092849578514,
facility_2442,facility_1884,0.3148007750904459,3.490860080210886,3.490860080210886,1.0,مطب دکتر علیرضا جلیل زاده خویی,doctors,35.7390338,51.4092364,بیمارستان کودکان حضرت علی اصغر,hospital,35.767388599236256,51.42599559885438,CALM,0.0,,0.3548007750904459,0.6451992249095542,
facility_2442,facility_1885,0.42244404648202066,4.684528040196666,4.684528040196666,1.0,دکتر شهاب آفرینگاه,doctors,35.7987515,51.4607129,بیمارستان کودکان حضرت علی اصغر,hospital,35.767388599236256,51.42599559885438,CALM,0.0,,0.46244404648202064,0.5375559535179794,
facility_2578,facility_1886,0.3421128987385802,3.7937271939327712,3.7937271939327712,1.0,مطب دادمان,doctors,35.765879,51.3594338,بیمارستان سلامت فردا,hospital,35.74368823718312,51.327500297168406,CALM,0.0,,0.3821128987385802,0.6178871012614198,
facility_1846,facility_1887,0.30776760604445363,3.4128685026711696,3.4128685026711696,1.0,کلینیک زیبایی فارال اسکین,doctors,35.7393739,51.4950574,Turan Hearing Aid Center,hospital,35.7417034,51.5326919,CALM,0.0,,0.3477676060444536,0.6522323939555463,
facility_2442,facility_189,0.270232044982917,2.9966325780283865,2.9966325780283865,1.0,یاریگر,clinic,35.74609,51.4056011,بیمارستان کودکان حضرت علی اصغر,hospital,35.767388599236256,51.42599559885438,CALM,0.0,,0.31023204498291695,0.689767955017083,
facility_2578,facility_1891,0.1231447703459879,1.3655657701733315,1.3655657701733315,1.0,پزشکی هسته ای دکتر نقشینه,clinic,35.7559859,51.3267654,بیمارستان سلامت فردا,hospital,35.74368823718312,51.327500297168406,CALM,0.0,,0.1631447703459879,0.8368552296540122,
facility_2442,facility_1892,0.2607099780106044,2.891041340315614,2.891041340315614,1.0,رادیولوژی فک و صورت نورا پرتو,doctors,35.7499662,51.4497821,بیمارستان کودکان حضرت علی اصغر,hospital,35.767388599236256,51.42599559885438,CALM,0.0,,0.3007099780106044,0.6992900219893956,
facility_2442,facility_1894,0.08683106378763977,0.962879123189669,0.962879123189669,1.0,دکتر علی فرهودی,doctors,35.7607523,51.4191283,بیمارستان کودکان حضرت علی اصغر,hospital,35.767388599236256,51.42599559885438,CALM,0.0,,0.12683106378763978,0.8731689362123602,
facility_2442,facility_1895,0.2353175837931998,2.609462315330533,2.609462315330533,1.0,طبابت داخلی کلیه و فشارخون دکتر حمید پیراسته,doctors,35.7472466,51.4110788,بیمارستان کودکان حضرت علی اصغر,hospital,35.767388599236256,51.42599559885438,CALM,0.0,,0.2753175837931998,0.7246824162068002,
facility_2442,facility_1897,0.29999723429441316,3.3267020040568593,3.3267020040568593,1.0,مطب دکتر علی یوسفی اودرجی,doctors,35.7614937,51.462079,بیمارستان کودکان حضرت علی اصغر,hospital,35.767388599236256,51.42599559885438,CALM,0.0,,0.33999723429441314,0.6600027657055869,
facility_2578,facility_1899,0.5102787148634812,5.6585362440306834,5.6585362440306834,1.0,کلینیک لاغری ماهسان,clinic,35.7836029,51.3664873,بیمارستان سلامت فردا,hospital,35.74368823718312,51.327500297168406,CALM,0.0,,0.5502787148634812,0.44972128513651877,
facility_2442,facility_1900,0.0653891008222747,0.7251068606034423,0.7251068606034423,1.0,شرکت داروسازی پارس حیان,laboratory,35.7720714,51.4203978,بیمارستان کودکان حضرت علی اصغر,hospital,35.767388599236256,51.42599559885438,CALM,0.0,,0.1053891008222747,0.8946108991777253,
facility_2578,facility_1901,0.31664140726575507,3.5112710508677796,3.5112710508677796,1.0,دکتر یلدا پورحسن متخصص زنان و زایمان و نازایی,doctors,35.7583175,51.3619418,بیمارستان سلامت فردا,hospital,35.74368823718312,51.327500297168406,CALM,0.0,,0.35664140726575505,0.6433585927342449,
facility_2442,facility_1903,0.22239914016466059,2.4662082869744544,2.4662082869744544,1.0,دکتر سمیرا نوردی فلوشیپ ام اس,doctors,35.7579809,51.450715,بیمارستان کودکان حضرت علی اصغر,hospital,35.767388599236256,51.42599559885438,CALM,0.0,,0.2623991401646606,0.7376008598353394,
facility_2442,facility_1904,0.3636199149735397,4.03222083931054,4.03222083931054,1.0,مشاوره‌ روانشناسی وتحصیلی,doctors,35.7997069,51.4464287,بیمارستان کودکان حضرت علی اصغر,hospital,35.767388599236256,51.42599559885438,CALM,0.0,,0.40361991497353966,0.5963800850264603,
facility_2442,facility_1905,0.14378977646280308,1.5945004914687078,1.5945004914687078,1.0,مطب زیبایی دکتر نغمه دهقانیان,doctors,35.7628916,51.4427495,بیمارستان کودکان حضرت علی اصغر,hospital,35.767388599236256,51.42599559885438,CALM,0.0,,0.1837897764628031,0.8162102235371969,
facility_2442,facility_1907,0.33501885707340723,3.715060593289269,3.715060593289269,1.0,مرکز تخصصی ارتوپدی فنی طارمی,clinic,35.742062,51.4528878,بیمارستان کودکان حضرت علی اصغر,hospital,35.767388599236256,51.42599559885438,CALM,0.0,,0.3750188570734072,0.6249811429265928,
facility_2578,facility_1909,0.25926731301648337,2.8750434710738757,2.8750434710738757,1.0,کلینیک مدرن,clinic,35.7324023,51.3561232,بیمارستان سلامت فردا,hospital,35.74368823718312,51.327500297168406,CALM,0.0,,0.29926731301648335,0.7007326869835167,
facility_2442,facility_1911,0.44196182128454076,4.9009627706800565,4.9009627706800565,1.0,مطب دکترفرید عاملی,doctors,35.723248,51.4234888,بیمارستان کودکان حضرت علی اصغر,hospital,35.767388599236256,51.42599559885438,CALM,0.0,,0.48196182128454074,0.5180381787154593,
facility_2578,facility_1914,0.3527027195054449,3.91115886976335,3.91115886976335,1.0,مطب دکتر فضلی فوق تخصص گوارش و کبد,doctors,35.7654305,51.3615605,بیمارستان سلامت فردا,hospital,35.74368823718312,51.327500297168406,CALM,0.0,,0.3927027195054449,0.6072972804945551,
facility_2578,facility_1915,0.48011682668051664,5.324067781011671,5.324067781011671,1.0,دکتر سجاد محمدی,doctors,35.7797748,51.366338,بیمارستان سلامت فردا,hospital,35.74368823718312,51.327500297168406,CALM,0.0,,0.5201168266805166,0.4798831733194834,
facility_2442,facility_1916,0.21471781369125487,2.3810292211307473,2.3810292211307473,1.0,دکتر هاجر تندگویان,doctors,35.7603928,51.4508974,بیمارستان کودکان حضرت علی اصغر,hospital,35.767388599236256,51.42599559885438,CALM,0.0,,0.25471781369125485,0.7452821863087451,
facility_2578,facility_1917,0.2072358608278885,2.2980610309627245,2.2980610309627245,1.0,آزمایشگاه دکتر ناجی,laboratory,35.751928,51.3041796,بیمارستان سلامت فردا,hospital,35.74368823718312,51.327500297168406,CALM,0.0,,0.2472358608278885,0.7527641391721115,
facility_2442,facility_1918,0.5376896700794515,5.962499311772135,5.962499311772135,1.0,دکتر پریسا پورفرزانه,doctors,35.8207619,51.4338795,بیمارستان کودکان حضرت علی اصغر,hospital,35.767388599236256,51.42599559885438,CALM,0.0,,0.5776896700794515,0.4223103299205485,
facility_2442,facility_1919,0.32768840219282686,3.63377238075214,3.63377238075214,1.0,گروه پزشكى باور | Bavar Medical Group,doctors,35.7975159,51.4101968,بیمارستان کودکان حضرت علی اصغر,hospital,35.767388599236256,51.42599559885438,CALM,0.0,,0.36768840219282684,0.6323115978071732,
facility_1846,facility_192,0.020706711028661024,0.22961897378317178,0.22961897378317178,1.0,unnamed,clinic,35.7432773,51.5310422,Turan Hearing Aid Center,hospital,35.7417034,51.5326919,CALM,0.0,,0.06070671102866103,0.939293288971339,
facility_2442,facility_1920,0.12042702793218162,1.3354284285548854,1.3354284285548854,1.0,مطب دکتر هادی آمالی,doctors,35.7602417,51.4141067,بیمارستان کودکان حضرت علی اصغر,hospital,35.767388599236256,51.42599559885438,CALM,0.0,,0.1604270279321816,0.8395729720678184,
facility_2578,facility_1922,0.24743986202415266,2.743887578881693,2.743887578881693,1.0,مرکز مشاوره ساجد,doctors,35.7661663,51.3401773,بیمارستان سلامت فردا,hospital,35.74368823718312,51.327500297168406,CALM,0.0,,0.28743986202415267,0.7125601379758473,
facility_2513,facility_1924,0.0809492283255361,0.8976548091544598,0.8976548091544598,1.0,کلینیک تخصصی زیبائی دکتر اکرم کریمیار,doctors,35.6372973,51.404622,درمانگاه شبانه‌روزی یاس,hospital,35.63380147765345,51.413563736577125,CALM,0.0,,0.12094922832553609,0.8790507716744639,
facility_2442,facility_1925,0.25799082603748863,2.8608883679404684,2.8608883679404684,1.0,طب سوزنی هستیا,clinic,35.7920542,51.4167351,بیمارستان کودکان حضرت علی اصغر,hospital,35.767388599236256,51.42599559885438,CALM,0.0,,0.2979908260374886,0.7020091739625114,
facility_2578,facility_1927,0.19912634401894178,2.208133715853612,2.208133715853612,1.0,آزمایشگاه تشخیص پزشکی پورسینا,laboratory,35.7591694,51.3121437,بیمارستان سلامت فردا,hospital,35.74368823718312,51.327500297168406,CALM,0.0,,0.23912634401894178,0.7608736559810583,
facility_2442,facility_1928,0.17688804021281637,1.9615307429540036,1.9615307429540036,1.0,دکتر مانا رضایی مشاوره کودک و فرزندپروری,clinic,35.7823772,51.4144767,بیمارستان کودکان حضرت علی اصغر,hospital,35.767388599236256,51.42599559885438,CALM,0.0,,0.21688804021281638,0.7831119597871836,
facility_2442,facility_193,0.5360808078364558,5.944658463136937,5.944658463136937,1.0,unnamed,clinic,35.7950376,51.4823437,بیمارستان کودکان حضرت علی اصغر,hospital,35.767388599236256,51.42599559885438,CALM,0.0,,0.5760808078364559,0.4239191921635441,
facility_2578,facility_1931,0.07353974488081937,0.8154902402625515,0.8154902402625515,1.0,کلینیک آفتاب مرکز تخصصی پوست و مو و زیبایی,clinic,35.7510368,51.3278008,بیمارستان سلامت فردا,hospital,35.74368823718312,51.327500297168406,CALM,0.0,,0.11353974488081936,0.8864602551191807,
facility_2442,facility_1935,0.4217943681059306,4.677323685927152,4.677323685927152,1.0,مطب پوست و مو دکتر ویدا شکیبا,doctors,35.8087242,51.4157432,بیمارستان کودکان حضرت علی اصغر,hospital,35.767388599236256,51.42599559885438,CALM,0.0,,0.46179436810593055,0.5382056318940694,
facility_2442,facility_1938,0.31856581906485526,3.5326110628974057,3.5326110628974057,1.0,دکتر علی حاجب,doctors,35.7752547,51.4638673,بیمارستان کودکان حضرت علی اصغر,hospital,35.767388599236256,51.42599559885438,CALM,0.0,,0.35856581906485524,0.6414341809351447,
facility_2442,facility_1939,0.260648007522553,2.890354142824351,2.890354142824351,1.0,مطب روانشناسی سارا رشیدی,doctors,35.7926387,51.4180858,بیمارستان کودکان حضرت علی اصغر,hospital,35.767388599236256,51.42599559885438,CALM,0.0,,0.300648007522553,0.699351992477447,
facility_2442,facility_194,0.2967759949580088,3.2909813302274253,3.2909813302274253,1.0,آزمایشگاه نیلو,laboratory,35.7405977,51.4103486,بیمارستان کودکان حضرت علی اصغر,hospital,35.767388599236256,51.42599559885438,CALM,0.0,,0.3367759949580088,0.6632240050419912,
facility_2578,facility_1941,0.3313234355258371,3.67408166127661,3.67408166127661,1.0,مطب دکتر مهرناز میرزایی,doctors,35.7537427,51.3662196,بیمارستان سلامت فردا,hospital,35.74368823718312,51.327500297168406,CALM,0.0,,0.3713234355258371,0.628676564474163,
facility_2442,facility_1942,0.1398648507336733,1.550976562591229,1.550976562591229,1.0,درمانگر زهرا نوشاد,doctors,35.7666536,51.4431299,بیمارستان کودکان حضرت علی اصغر,hospital,35.767388599236256,51.42599559885438,CALM,0.0,,0.1798648507336733,0.8201351492663267,
facility_2442,facility_1944,0.12214351195343545,1.3544627068103736,1.3544627068103736,1.0,دکتر صالحیان جراح عمومی و عروق,doctors,35.7668199,51.4409634,بیمارستان کودکان حضرت علی اصغر,hospital,35.767388599236256,51.42599559885438,CALM,0.0,,0.16214351195343546,0.8378564880465645,
facility_2513,facility_1945,0.6764254046409888,7.5009549821575,7.5009549821575,1.0,مرکز مشاوره و ارائه خدمات پرستاری نشاط زندگی در منزل,doctors,35.6990235,51.3916419,درمانگاه شبانه‌روزی یاس,hospital,35.63380147765345,51.413563736577125,CALM,0.0,,0.7164254046409888,0.2835745953590112,
facility_2442,facility_1946,0.08128296202460246,0.9013556184906413,0.9013556184906413,1.0,آزمایشگاه پاتوبیولوژی و ژنتیک جردن,laboratory,35.7612197,51.4195045,بیمارستان کودکان حضرت علی اصغر,hospital,35.767388599236256,51.42599559885438,CALM,0.0,,0.12128296202460245,0.8787170379753976,
facility_2442,facility_1947,0.2808101154018134,3.1139339529706045,3.1139339529706045,1.0,fasdekhooncenter.com,hospital,35.7618688,51.4597708,بیمارستان کودکان حضرت علی اصغر,hospital,35.767388599236256,51.42599559885438,CALM,0.0,,0.32081011540181337,0.6791898845981866,
facility_2578,facility_1948,0.42511741664284153,4.714173333069135,4.714173333069135,1.0,دکتر علی شهابی,doctors,35.7775823,51.3589666,بیمارستان سلامت فردا,hospital,35.74368823718312,51.327500297168406,CALM,0.0,,0.4651174166428415,0.5348825833571584,
facility_2442,facility_1950,0.13455108300608418,1.4920516135328148,1.4920516135328148,1.0,دکتر علی اصغر باباجانی,doctors,35.7588395,51.4132518,بیمارستان کودکان حضرت علی اصغر,hospital,35.767388599236256,51.42599559885438,CALM,0.0,,0.17455108300608418,0.8254489169939159,
facility_2578,facility_1951,0.4376587601721709,4.853245657354767,4.853245657354767,1.0,کلینیک آسمان,clinic,35.7755123,51.364347,بیمارستان سلامت فردا,hospital,35.74368823718312,51.327500297168406,CALM,0.0,,0.4776587601721709,0.5223412398278291,
facility_2442,facility_1952,0.4726856873787187,5.24166306796203,5.24166306796203,1.0,مطب دکتر مهتاب آروان,doctors,35.7895391,51.3747648,بیمارستان کودکان حضرت علی اصغر,hospital,35.767388599236256,51.42599559885438,CALM,0.0,,0.5126856873787187,0.48731431262128133,
facility_2442,facility_1953,0.1933604018420444,2.1441945550800967,2.1441945550800967,1.0,مطب دکتر وحدت زنبوری- فوق تخصص غدد,doctors,35.7792735,51.4447057,بیمارستان کودکان حضرت علی اصغر,hospital,35.767388599236256,51.42599559885438,CALM,0.0,,0.2333604018420444,0.7666395981579556,
facility_2442,facility_1955,0.42071188399277115,4.665319901702017,4.665319901702017,1.0,دکتر مائده عابدین زاده,doctors,35.7706698,51.3745403,بیمارستان کودکان حضرت علی اصغر,hospital,35.767388599236256,51.42599559885438,CALM,0.0,,0.46071188399277113,0.5392881160072289,
facility_2578,facility_1956,0.11911353223535183,1.3208629317187532,1.3208629317187532,1.0,کلینیک نسیمی,clinic,35.7437515,51.3128923,بیمارستان سلامت فردا,hospital,35.74368823718312,51.327500297168406,CALM,0.0,,0.15911353223535182,0.8408864677646481,
facility_2442,facility_1959,0.22744698834984406,2.522184425265598,2.522184425265598,1.0,مطب دکتر باقر افشار,doctors,35.7797111,51.4494481,بیمارستان کودکان حضرت علی اصغر,hospital,35.767388599236256,51.42599559885438,CALM,0.0,,0.26744698834984404,0.732553011650156,
facility_2442,facility_196,0.08928184413006292,0.9900560933234701,0.9900560933234701,1.0,فرهاد علی همتی,doctors,35.772903,51.4346088,بیمارستان کودکان حضرت علی اصغر,hospital,35.767388599236256,51.42599559885438,CALM,0.0,,0.1292818441300629,0.8707181558699371,
facility_2442,facility_1961,0.3580135048833758,3.9700507472215936,3.9700507472215936,1.0,مرکز پزشکی تخصصی کودکان رویش,clinic,35.7716858,51.3823922,بیمارستان کودکان حضرت علی اصغر,hospital,35.767388599236256,51.42599559885438,CALM,0.0,,0.3980135048833758,0.6019864951166243,
facility_2578,facility_1962,0.6741119658588642,7.475301007543842,7.475301007543842,1.0,درمان درمنزل همراز,clinic,35.6997787,51.3902043,بیمارستان سلامت فردا,hospital,35.74368823718312,51.327500297168406,CALM,0.0,,0.7141119658588643,0.2858880341411357,
facility_2442,facility_1963,0.1323879774014628,1.4680646998974096,1.4680646998974096,1.0,مطب دکتر دامون طاهرزاده,doctors,35.7653988,51.4420517,بیمارستان کودکان حضرت علی اصغر,hospital,35.767388599236256,51.42599559885438,CALM,0.0,,0.1723879774014628,0.8276120225985372,
facility_2442,facility_1965,0.4223966884589165,4.684002881920659,4.684002881920659,1.0,مرکز اکوکاردیوگرافی قلب جنین و کودک,doctors,35.7255041,51.4193661,بیمارستان کودکان حضرت علی اصغر,hospital,35.767388599236256,51.42599559885438,CALM,0.0,,0.46239668845891646,0.5376033115410835,
facility_2442,facility_1966,0.21896025271002958,2.428074089457754,2.428074089457754,1.0,مطب پوست و مو  دکتر شعله,doctors,35.7572092,51.4497748,بیمارستان کودکان حضرت علی اصغر,hospital,35.767388599236256,51.42599559885438,CALM,0.0,,0.2589602527100296,0.7410397472899704,
facility_2442,facility_1968,0.11463998788685395,1.271255311220559,1.271255311220559,1.0,مطب چشم پزشکی دکتر علی ایزدی,doctors,35.7680591,51.411956,بیمارستان کودکان حضرت علی اصغر,hospital,35.767388599236256,51.42599559885438,CALM,0.0,,0.15463998788685396,0.845360012113146,
facility_2442,facility_197,0.5471410817064027,6.0673070446650605,6.0673070446650605,1.0,مطب خانم دکتر رزیتا داوری,doctors,35.7216972,51.389098,بیمارستان کودکان حضرت علی اصغر,hospital,35.767388599236256,51.42599559885438,CALM,0.0,,0.5871410817064028,0.4128589182935972,
facility_2578,facility_1970,0.45086935687643404,4.9997394029862,4.9997394029862,1.0,دکتر مستان شقاقی متخصص زیبایی,doctors,35.7765814,51.3653179,بیمارستان سلامت فردا,hospital,35.74368823718312,51.327500297168406,CALM,0.0,,0.490869356876434,0.509130643123566,
facility_2442,facility_1972,0.34500518334166896,3.8258000528977156,3.8258000528977156,1.0,کلینیک روانشناسی و مشاوره بلوم,doctors,35.7911112,51.4567257,بیمارستان کودکان حضرت علی اصغر,hospital,35.767388599236256,51.42599559885438,CALM,0.0,,0.38500518334166894,0.614994816658331,
facility_2442,facility_1973,0.3115840792929844,3.4551897901796296,3.4551897901796296,1.0,مرکز درمان اعتیاد نیلوپر,clinic,35.7367038,51.432593,بیمارستان کودکان حضرت علی اصغر,hospital,35.767388599236256,51.42599559885438,CALM,0.0,,0.35158407929298435,0.6484159207070157,
facility_2442,facility_1974,0.22205431196412892,2.462384449503212,2.462384449503212,1.0,کلینیک زیبایی سپید,doctors,35.7564501,51.4496989,بیمارستان کودکان حضرت علی اصغر,hospital,35.767388599236256,51.42599559885438,CALM,0.0,,0.2620543119641289,0.737945688035871,
facility_2578,facility_1975,0.24038511372578136,2.6656567066621304,2.6656567066621304,1.0,مطب دکتر مرتضی رضیعی,doctors,35.734154,51.3545608,بیمارستان سلامت فردا,hospital,35.74368823718312,51.327500297168406,CALM,0.0,,0.28038511372578134,0.7196148862742187,
facility_2442,facility_1980,0.3089506998786005,3.425987959049828,3.425987959049828,1.0,كلينيك دكتر مهدوي نيا,doctors,35.7980644,51.4215486,بیمارستان کودکان حضرت علی اصغر,hospital,35.767388599236256,51.42599559885438,CALM,0.0,,0.3489506998786005,0.6510493001213995,
facility_2442,facility_1981,0.14358006492383993,1.5921749773732747,1.5921749773732747,1.0,دکتر فربد امامی یگانه جراح چاقی,doctors,35.7629258,51.4427362,بیمارستان کودکان حضرت علی اصغر,hospital,35.767388599236256,51.42599559885438,CALM,0.0,,0.18358006492383994,0.8164199350761601,
facility_2442,facility_1982,0.30097446625412483,3.3375386356893055,3.3375386356893055,1.0,مطب دکتر سید امیر حامد همراهیان پزشک عمومی,doctors,35.7377427,51.4323267,بیمارستان کودکان حضرت علی اصغر,hospital,35.767388599236256,51.42599559885438,CALM,0.0,,0.3409744662541248,0.6590255337458752,
facility_1846,facility_1983,0.0492804264560516,0.5464760161463149,0.5464760161463149,1.0,دکتر محمدتقی جعفری,doctors,35.7460302,51.5355829,Turan Hearing Aid Center,hospital,35.7417034,51.5326919,CALM,0.0,,0.08928042645605161,0.9107195735439484,
facility_1846,facility_1986,0.46853213816671074,5.195603908383328,5.195603908383328,1.0,درمانگاه شبانه‌روزی شهید مهدوی,clinic,35.7395393,51.4752951,Turan Hearing Aid Center,hospital,35.7417034,51.5326919,CALM,0.0,,0.5085321381667107,0.4914678618332893,
facility_2513,facility_1987,0.3706282264674428,4.109936768747882,4.109936768747882,1.0,کلینیک زیبایی بلوط,doctors,35.6023381,51.4375391,درمانگاه شبانه‌روزی یاس,hospital,35.63380147765345,51.413563736577125,CALM,0.0,,0.4106282264674428,0.5893717735325572,
facility_2442,facility_1988,0.43970346895935086,4.875919655786862,4.875919655786862,1.0,آزمایشگاه پاتوبیولوژی عماد,laboratory,35.7234511,51.4241923,بیمارستان کودکان حضرت علی اصغر,hospital,35.767388599236256,51.42599559885438,CALM,0.0,,0.47970346895935084,0.5202965310406491,
facility_2442,facility_1989,0.16364019837939203,1.814623982028902,1.814623982028902,1.0,موسسه پزشکی نسل امید,clinic,35.7539352,51.4145726,بیمارستان کودکان حضرت علی اصغر,hospital,35.767388599236256,51.42599559885438,CALM,0.0,,0.20364019837939204,0.7963598016206079,
facility_2442,facility_199,0.4374746332715794,4.851203854100683,4.851203854100683,1.0,unnamed,doctors,35.8098017,51.4128784,بیمارستان کودکان حضرت علی اصغر,hospital,35.767388599236256,51.42599559885438,CALM,0.0,,0.4774746332715794,0.5225253667284206,
facility_2578,facility_1990,0.49097919218728725,5.444521735146156,5.444521735146156,1.0,بیمارستان فوق‌تخصصی چشم آفتاب,hospital,35.7573581,51.2696629,بیمارستان سلامت فردا,hospital,35.74368823718312,51.327500297168406,CALM,0.0,,0.5309791921872873,0.4690208078127127,
facility_2578,facility_1991,0.4054743215959996,4.496348912747719,4.496348912747719,1.0,درمانگاه شبانه روزی ماهان,clinic,35.7770778,51.3557088,بیمارستان سلامت فردا,hospital,35.74368823718312,51.327500297168406,CALM,0.0,,0.4454743215959996,0.5545256784040005,
facility_2442,facility_1992,0.2591575964682125,2.873826812320773,2.873826812320773,1.0,کلینیک فیزیوتراپی فرشته,hospital,35.7923509,51.4174712,بیمارستان کودکان حضرت علی اصغر,hospital,35.767388599236256,51.42599559885438,CALM,0.0,,0.2991575964682125,0.7008424035317875,
facility_2442,facility_1993,0.334950435060446,3.714301854135639,3.714301854135639,1.0,مطب دکتر نیما رضائی پزشک زیبایی,doctors,35.7975327,51.4080924,بیمارستان کودکان حضرت علی اصغر,hospital,35.767388599236256,51.42599559885438,CALM,0.0,,0.37495043506044595,0.625049564939554,
facility_2442,facility_1994,0.3979771468763479,4.413211925757522,4.413211925757522,1.0,مطب دکتر لیلا فرد ( مجموعه پوست، مو و لیزر ),doctors,35.8008787,51.4523646,بیمارستان کودکان حضرت علی اصغر,hospital,35.767388599236256,51.42599559885438,CALM,0.0,,0.43797714687634787,0.5620228531236522,
facility_2513,facility_20,0.5193202880085952,5.758799233362641,5.758799233362641,1.0,درمانگاه خیریه حضرت ولیعصر(عج),clinic,35.6837091,51.4311174,درمانگاه شبانه‌روزی یاس,hospital,35.63380147765345,51.413563736577125,CALM,0.0,,0.5593202880085952,0.44067971199140477,
facility_2442,facility_2002,0.3095498866997711,3.4326324069677594,3.4326324069677594,1.0,دکتر سید مجتبی علوی,doctors,35.7801984,51.4605673,بیمارستان کودکان حضرت علی اصغر,hospital,35.767388599236256,51.42599559885438,CALM,0.0,,0.3495498866997711,0.650450113300229,
facility_2442,facility_2004,0.1737853316397783,1.927124469668829,1.927124469668829,1.0,مطب دكتر ایفا اعتصامی  متخصص پوست مو لیزر و زیبایی,doctors,35.7557854,51.4101279,بیمارستان کودکان حضرت علی اصغر,hospital,35.767388599236256,51.42599559885438,CALM,0.0,,0.2137853316397783,0.7862146683602217,
facility_2578,facility_2006,0.4871401841748025,5.40195055718593,5.40195055718593,1.0,کلینیک نورسا,hospital,35.7836876,51.3615958,بیمارستان سلامت فردا,hospital,35.74368823718312,51.327500297168406,CALM,0.0,,0.5271401841748025,0.47285981582519754,
facility_2578,facility_2007,0.3964607513866796,4.396396451020606,4.396396451020606,1.0,کلینیک دندانپزشکی ژاو,clinic,35.7694698,51.3644388,بیمارستان سلامت فردا,hospital,35.74368823718312,51.327500297168406,CALM,0.0,,0.43646075138667956,0.5635392486133204,
facility_2578,facility_2008,0.33220241446066495,3.6838287544152952,3.6838287544152952,1.0,کلینیک تخصصی دندانپزشکی دکتر بغدادی,clinic,35.7652202,51.3585253,بیمارستان سلامت فردا,hospital,35.74368823718312,51.327500297168406,CALM,0.0,,0.37220241446066493,0.6277975855393351,
facility_2578,facility_2009,0.4678568256232929,5.188115294040476,5.188115294040476,1.0,دکتر فرزانه گلفام,doctors,35.7798821,51.363857,بیمارستان سلامت فردا,hospital,35.74368823718312,51.327500297168406,CALM,0.0,,0.5078568256232929,0.49214317437670707,
facility_2608,facility_201,0.38086914365646374,4.223499414804351,4.223499414804351,1.0,درمانگاه خیریه محمدولی فرمانفرمائیان,clinic,35.6446272,51.3070955,بیمارستان خیریه امام علی,hospital,35.65795459468426,51.263389734065655,CALM,0.0,,0.4208691436564637,0.5791308563435362,
facility_2442,facility_2012,0.5024497348708541,5.571719832231254,5.571719832231254,1.0,مشاور خانواده و زوج درمانگر حمیلا بخشی,doctors,35.718112,51.414013,بیمارستان کودکان حضرت علی اصغر,hospital,35.767388599236256,51.42599559885438,CALM,0.0,,0.5424497348708541,0.45755026512914587,
facility_2578,facility_2016,0.6111980832518406,6.77764211130754,6.77764211130754,1.0,کلینیک فوق تخصصی قلب جنین و کودک دکتر همتیان,doctors,35.7080148,51.3883464,بیمارستان سلامت فردا,hospital,35.74368823718312,51.327500297168406,CALM,0.0,,0.6511980832518406,0.3488019167481594,
facility_2442,facility_202,0.270878080908855,3.0037965407714617,3.0037965407714617,1.0,درمانگاه خیریه المهدی,clinic,35.7500585,51.451529,بیمارستان کودکان حضرت علی اصغر,hospital,35.767388599236256,51.42599559885438,CALM,0.0,,0.310878080908855,0.6891219190911451,
facility_2658,facility_2022,0.2224428780509325,2.466693301158856,2.466693301158856,1.0,مرکز مشاوره تخصصی تفکر,doctors,35.7329929,51.1657487,مرکز توانبخشی امید فردا,hospital,35.74719294308631,51.14475321540338,CALM,0.0,,0.26244287805093247,0.7375571219490675,
facility_2442,facility_2028,0.24483339285654615,2.714984158409225,2.714984158409225,1.0,دندانپزشکی دکتر میلاد پناهگاهی,clinic,35.7459901,51.4114117,بیمارستان کودکان حضرت علی اصغر,hospital,35.767388599236256,51.42599559885438,CALM,0.0,,0.28483339285654613,0.7151666071434539,
facility_2578,facility_2029,0.12429726710903687,1.3783459322982308,1.3783459322982308,1.0,مطب دکتر نوشین پیروی,doctors,35.7550048,51.3338006,بیمارستان سلامت فردا,hospital,35.74368823718312,51.327500297168406,CALM,0.0,,0.16429726710903686,0.8357027328909632,
facility_2442,facility_2030,0.29921077954980735,3.3179809217404386,3.3179809217404386,1.0,مطب چشم پزشکی دکتر سیامک مرادیان,doctors,35.7687698,51.4626628,بیمارستان کودکان حضرت علی اصغر,hospital,35.767388599236256,51.42599559885438,CALM,0.0,,0.33921077954980733,0.6607892204501926,
facility_2442,facility_2031,0.4661442366930333,5.169124208873241,5.169124208873241,1.0,مطب دکتر حنانه عظیمی کلینیک حنان,clinic,35.7856951,51.3734008,بیمارستان کودکان حضرت علی اصغر,hospital,35.767388599236256,51.42599559885438,CALM,0.0,,0.5061442366930333,0.4938557633069667,
facility_2442,facility_2035,0.37525574669062045,4.1612518444900495,4.1612518444900495,1.0,مطب دندانپزشکی آرمان,doctors,35.7712186,51.3801999,بیمارستان کودکان حضرت علی اصغر,hospital,35.767388599236256,51.42599559885438,CALM,0.0,,0.41525574669062043,0.5847442533093796,
facility_2578,facility_2036,0.1637667183608801,1.8160269758830272,1.8160269758830272,1.0,کلینیک فوق تخصصی قلب و عروق دکتر الهام هوشمند,doctors,35.7599168,51.3301688,بیمارستان سلامت فردا,hospital,35.74368823718312,51.327500297168406,CALM,0.0,,0.20376671836088012,0.7962332816391199,
facility_2578,facility_2039,0.055524089054665646,0.6157126707052033,0.6157126707052033,1.0,مطب دکتر سلطانی متخصص زنان زایمان و نازایی,doctors,35.7381769,51.3266836,بیمارستان سلامت فردا,hospital,35.74368823718312,51.327500297168406,CALM,0.0,,0.09552408905466564,0.9044759109453344,
facility_2442,facility_204,0.45386700146411857,5.032980610295177,5.032980610295177,1.0,مطب دکتر اصغری,doctors,35.7817361,51.3731683,بیمارستان کودکان حضرت علی اصغر,hospital,35.767388599236256,51.42599559885438,CALM,0.0,,0.49386700146411855,0.5061329985358815,
facility_2442,facility_2041,0.47812315281241613,5.301959714355506,5.301959714355506,1.0,مطب روان‌شناسی روان‌نما,clinic,35.7220258,51.4074989,بیمارستان کودکان حضرت علی اصغر,hospital,35.767388599236256,51.42599559885438,CALM,0.0,,0.5181231528124162,0.48187684718758383,
facility_2442,facility_2042,0.11829119751156901,1.311743972405518,1.311743972405518,1.0,دندانپزشکی دکتر مهدی ملائی,clinic,35.770205,51.4400899,بیمارستان کودکان حضرت علی اصغر,hospital,35.767388599236256,51.42599559885438,CALM,0.0,,0.158291197511569,0.8417088024884309,
facility_2442,facility_2044,0.037516268273834516,0.41602198481875907,0.41602198481875907,1.0,آزمایشگاه دنیا,laboratory,35.7675628,51.4213982,بیمارستان کودکان حضرت علی اصغر,hospital,35.767388599236256,51.42599559885438,CALM,0.0,,0.07751626827383451,0.9224837317261655,
facility_2442,facility_2045,0.17646153408945164,1.95680117010085,1.95680117010085,1.0,مطب دکتر کیانیان,clinic,35.7823376,51.4144977,بیمارستان کودکان حضرت علی اصغر,hospital,35.767388599236256,51.42599559885438,CALM,0.0,,0.21646153408945165,0.7835384659105483,
facility_2442,facility_2048,0.3787283093794737,4.19975947034664,4.19975947034664,1.0,کلینیک جامع توانبخشی وحدت,clinic,35.7645236,51.4723225,بیمارستان کودکان حضرت علی اصغر,hospital,35.767388599236256,51.42599559885438,CALM,0.0,,0.4187283093794737,0.5812716906205263,
facility_2442,facility_2049,0.3878599687248617,4.301021435364804,4.301021435364804,1.0,مطب دندانپزشکی دکتر ابوالفضل صبوری,doctors,35.729699,51.4371902,بیمارستان کودکان حضرت علی اصغر,hospital,35.767388599236256,51.42599559885438,CALM,0.0,,0.4278599687248617,0.5721400312751383,
facility_2578,facility_205,0.3373791016641922,3.7412336026128252,3.7412336026128252,1.0,آزمایشگاه پاتولوژی و ژنتیک کریمی نژاد - نجم آبادی,laboratory,35.7545488,51.3666761,بیمارستان سلامت فردا,hospital,35.74368823718312,51.327500297168406,CALM,0.0,,0.3773791016641922,0.6226208983358078,
facility_2442,facility_2050,0.053095211043307534,0.5887785779059846,0.5887785779059846,1.0,مطب دکتر غزاله بزرگی نامی,doctors,35.7694177,51.4199766,بیمارستان کودکان حضرت علی اصغر,hospital,35.767388599236256,51.42599559885438,CALM,0.0,,0.09309521104330754,0.9069047889566925,
facility_2442,facility_2051,0.09621891567035173,1.066982035156376,1.066982035156376,1.0,دکتر فرزاد نوری  جراح  فک و صورت,doctors,35.7711253,51.4151184,بیمارستان کودکان حضرت علی اصغر,hospital,35.767388599236256,51.42599559885438,CALM,0.0,,0.13621891567035174,0.8637810843296483,
facility_2578,facility_2052,0.34835777597552214,3.862977317748365,3.862977317748365,1.0,کلینیک چشم پزشکی دکتر محمدرضا زرین,doctors,35.720206,51.3590484,بیمارستان سلامت فردا,hospital,35.74368823718312,51.327500297168406,CALM,0.0,,0.3883577759755221,0.6116422240244779,
facility_2578,facility_2055,0.5129010789355734,5.687615924830121,5.687615924830121,1.0,مطب دکتر آیسان رحیمی نیا,doctor,35.7839881,51.3664086,بیمارستان سلامت فردا,hospital,35.74368823718312,51.327500297168406,CALM,0.0,,0.5529010789355734,0.4470989210644266,
facility_2442,facility_2056,0.28152755992947914,3.121889773475413,3.121889773475413,1.0,مطب تخصصی کودکان دکتر اکرم نوری,doctors,35.7472996,51.4501836,بیمارستان کودکان حضرت علی اصغر,hospital,35.767388599236256,51.42599559885438,CALM,0.0,,0.3215275599294791,0.6784724400705209,
facility_2578,facility_2057,0.28169709847289465,3.123769804847941,3.123769804847941,1.0,مطب دندانپزشکی دکتر سمیرا سلطانپور نمین,doctors,35.7272215,51.3555251,بیمارستان سلامت فردا,hospital,35.74368823718312,51.327500297168406,CALM,0.0,,0.3216970984728946,0.6783029015271054,
facility_2442,facility_2058,0.1761128626797219,1.952934714864243,1.952934714864243,1.0,کلینیک مشاوره و روانشناسی و روانپزشکی پیروز,clinic,35.7575909,51.4080454,بیمارستان کودکان حضرت علی اصغر,hospital,35.767388599236256,51.42599559885438,CALM,0.0,,0.2161128626797219,0.783887137320278,
facility_2442,facility_2060,0.3601883295255333,3.9941676145405682,3.9941676145405682,1.0,دکترمسعودحیدری جراح پلاستیک و زیبایی,doctors,35.7821107,51.3856663,بیمارستان کودکان حضرت علی اصغر,hospital,35.767388599236256,51.42599559885438,CALM,0.0,,0.4001883295255333,0.5998116704744667,
facility_2442,facility_2062,0.10373553591048325,1.1503346556410026,1.1503346556410026,1.0,مطب دکتر سعید سجادی,doctors,35.7651064,51.4384094,بیمارستان کودکان حضرت علی اصغر,hospital,35.767388599236256,51.42599559885438,CALM,0.0,,0.14373553591048324,0.8562644640895167,
facility_2578,facility_2064,0.07928402644112083,0.8791892040995578,0.8791892040995578,1.0,کلینیک فیزیوتراپی یونیک پاور,doctors,35.7482867,51.3354207,بیمارستان سلامت فردا,hospital,35.74368823718312,51.327500297168406,CALM,0.0,,0.11928402644112082,0.8807159735588792,
facility_2513,facility_2066,0.5359893690119788,5.943644488053627,5.943644488053627,1.0,درمانگاه تخصصی ولیعصر عج,clinic,35.6828667,51.3871566,درمانگاه شبانه‌روزی یاس,hospital,35.63380147765345,51.413563736577125,CALM,0.0,,0.5759893690119788,0.42401063098802116,
facility_2578,facility_2068,0.38971748505804943,4.321619636287282,4.321619636287282,1.0,مطب دکتر حسن هشیار متخصص اورولوژی,doctors,35.7743334,51.3570246,بیمارستان سلامت فردا,hospital,35.74368823718312,51.327500297168406,CALM,0.0,,0.4297174850580494,0.5702825149419506,
facility_2578,facility_207,0.4183383951486038,4.639000025410261,4.639000025410261,1.0,دکتر محمود ارشد فوق تخصص غدد,doctors,35.7230132,51.3720936,بیمارستان سلامت فردا,hospital,35.74368823718312,51.327500297168406,CALM,0.0,,0.4583383951486038,0.5416616048513963,
facility_2442,facility_2071,0.1185182921319064,1.3142622493835168,1.3142622493835168,1.0,دکتر علیرضا پیمان‌فر,doctors,35.7704562,51.4400396,بیمارستان کودکان حضرت علی اصغر,hospital,35.767388599236256,51.42599559885438,CALM,0.0,,0.1585182921319064,0.8414817078680936,
facility_2442,facility_2072,0.11868868771709157,1.3161517845855701,1.3161517845855701,1.0,دکتر الهام عبدی,doctors,35.7704548,51.4400617,بیمارستان کودکان حضرت علی اصغر,hospital,35.767388599236256,51.42599559885438,CALM,0.0,,0.15868868771709158,0.8413113122829085,
facility_2442,facility_2073,0.42847409139235837,4.751395864944965,4.751395864944965,1.0,مرکز لیزر و زیبایی دکترعمرانی,doctors,35.7824535,51.3767846,بیمارستان کودکان حضرت علی اصغر,hospital,35.767388599236256,51.42599559885438,CALM,0.0,,0.46847409139235835,0.5315259086076416,
facility_2442,facility_2076,0.32792148185991377,3.6363570265653813,3.6363570265653813,1.0,فیزیوتراپی زعفرانیه,hospital,35.7986371,51.4138193,بیمارستان کودکان حضرت علی اصغر,hospital,35.767388599236256,51.42599559885438,CALM,0.0,,0.36792148185991375,0.6320785181400863,
facility_2442,facility_2078,0.4167754060892989,4.621667869505098,4.621667869505098,1.0,کلینیک لیزر مو زائد و زیبایی آیرین,doctors,35.7692832,51.4770717,بیمارستان کودکان حضرت علی اصغر,hospital,35.767388599236256,51.42599559885438,CALM,0.0,,0.4567754060892989,0.5432245939107011,
facility_2513,facility_208,0.6384519373160809,7.079863067267432,7.079863067267432,1.0,مجتمع پزشکان قائم,clinic,35.6350592,51.4917414,درمانگاه شبانه‌روزی یاس,hospital,35.63380147765345,51.413563736577125,CALM,0.0,,0.6784519373160809,0.3215480626839191,
facility_2442,facility_2082,0.18629045310973313,2.0657951235930807,2.0657951235930807,1.0,دکتر مسعود صابری | جراح مغز و اعصاب,doctors,35.7860122,51.4263174,بیمارستان کودکان حضرت علی اصغر,hospital,35.767388599236256,51.42599559885438,CALM,0.0,,0.22629045310973314,0.7737095468902668,
facility_2442,facility_2083,0.24852320324585675,2.7559008676768277,2.7559008676768277,1.0,دندانپزشکی دیجتال و ایمپلنت دکتر رضا بهرامی,doctors,35.7565123,51.3985854,بیمارستان کودکان حضرت علی اصغر,hospital,35.767388599236256,51.42599559885438,CALM,0.0,,0.28852320324585673,0.7114767967541433,
facility_2442,facility_2084,0.5949084868535127,6.597005002732024,6.597005002732024,1.0,مطب دندانپزشکی دکتر فوزیه رضایی,doctors,35.711015,51.4027277,بیمارستان کودکان حضرت علی اصغر,hospital,35.767388599236256,51.42599559885438,CALM,0.0,,0.6349084868535128,0.36509151314648725,
facility_2442,facility_2086,0.6652477848755342,7.377005139213845,7.377005139213845,1.0,مطب کایروپراکتیک دکتر رستگار آریا,doctors,35.816887,51.4805238,بیمارستان کودکان حضرت علی اصغر,hospital,35.767388599236256,51.42599559885438,CALM,0.0,,0.7052477848755342,0.2947522151244658,
facility_2442,facility_2088,0.12520457361847087,1.388407152996905,1.388407152996905,1.0,مجموعه آر تی ام اس دکتر ذاکری iran.rtms,clinic,35.7653664,51.4411533,بیمارستان کودکان حضرت علی اصغر,hospital,35.767388599236256,51.42599559885438,CALM,0.0,,0.16520457361847088,0.8347954263815291,
facility_2442,facility_2091,0.27612799441675123,3.0620134034332813,3.0620134034332813,1.0,دکتر سامه کشاورزیان | دندانپزشک زیبایی,hospital,35.7643708,51.4596663,بیمارستان کودکان حضرت علی اصغر,hospital,35.767388599236256,51.42599559885438,CALM,0.0,,0.3161279944167512,0.6838720055832488,
facility_2442,facility_2093,0.4764893233924768,5.283842001975981,5.283842001975981,1.0,کلینیک دکتر محمد گلشنی,doctors,35.8053731,51.4612834,بیمارستان کودکان حضرت علی اصغر,hospital,35.767388599236256,51.42599559885438,CALM,0.0,,0.5164893233924768,0.4835106766075232,
facility_2442,facility_2094,0.39765850546697423,4.409678476465458,4.409678476465458,1.0,مطب ارتوپدی دکتر شایان توابی,doctors,35.7873675,51.3838136,بیمارستان کودکان حضرت علی اصغر,hospital,35.767388599236256,51.42599559885438,CALM,0.0,,0.4376585054669742,0.5623414945330258,
facility_2442,facility_2096,0.07317978179733169,0.8114985704258565,0.8114985704258565,1.0,ساختمان پزشکان فوق تخصصی سینا,doctors,35.7680356,51.4170533,بیمارستان کودکان حضرت علی اصغر,hospital,35.767388599236256,51.42599559885438,CALM,0.0,,0.11317978179733168,0.8868202182026683,
facility_2442,facility_2098,0.13162991039315333,1.4596584122805125,1.4596584122805125,1.0,مطب دکتر اسماعیل محبوبی متخصص اعصاب و روان - روانپزشک,clinic,35.7588059,51.4137548,بیمارستان کودکان حضرت علی اصغر,hospital,35.767388599236256,51.42599559885438,CALM,0.0,,0.17162991039315334,0.8283700896068467,
facility_1846,facility_21,0.13818236732236341,1.532319320802446,1.532319320802446,1.0,آزمایشگاه تشخیص طبی مهرآگین,laboratory,35.7450518,51.5162507,Turan Hearing Aid Center,hospital,35.7417034,51.5326919,CALM,0.0,,0.17818236732236342,0.8218176326776365,
facility_2442,facility_2100,0.36946602599302975,4.097049001110825,4.097049001110825,1.0,مطب دکتر سبز,doctors,35.7953358,51.3963518,بیمارستان کودکان حضرت علی اصغر,hospital,35.767388599236256,51.42599559885438,CALM,0.0,,0.4094660259930297,0.5905339740069703,
facility_2513,facility_2101,0.3153861149476545,3.4973509776373577,3.4973509776373577,1.0,کلینیک زیبایی محیا,clinic,35.6322542,51.3749846,درمانگاه شبانه‌روزی یاس,hospital,35.63380147765345,51.413563736577125,CALM,0.0,,0.3553861149476545,0.6446138850523455,
facility_2442,facility_2103,0.4355849966185686,4.830249467453434,4.830249467453434,1.0,کلینیک پوست و زیبایی الیزه,clinic,35.7828938,51.3760561,بیمارستان کودکان حضرت علی اصغر,hospital,35.767388599236256,51.42599559885438,CALM,0.0,,0.47558499661856857,0.5244150033814314,
facility_2578,facility_2105,0.38168243240862515,4.232518062353072,4.232518062353072,1.0,مطب دکتر سهیلا انصاری پور,doctors,35.7684355,51.291862,بیمارستان سلامت فردا,hospital,35.74368823718312,51.327500297168406,CALM,0.0,,0.42168243240862513,0.5783175675913749,
facility_2513,facility_2106,0.47440607415869124,5.2607406243340025,5.2607406243340025,1.0,کلینیک دندانپزشکی دکتر آیین آقایی,clinic,35.5911299,51.438928,درمانگاه شبانه‌روزی یاس,hospital,35.63380147765345,51.413563736577125,CALM,0.0,,0.5144060741586912,0.4855939258413088,
facility_1846,facility_2107,0.4735155682198858,5.250865706992793,5.250865706992793,1.0,دندانپزشکی دکتر حبیبی,clinic,35.7743423,51.4906199,Turan Hearing Aid Center,hospital,35.7417034,51.5326919,CALM,0.0,,0.5135155682198858,0.48648443178011425,
facility_2442,facility_2108,0.3117520412649272,3.4570523387793917,3.4570523387793917,1.0,مطب تخصصى جراحى لثه و ايمپلنت دكتر وطنى,doctors,35.7704054,51.4640613,بیمارستان کودکان حضرت علی اصغر,hospital,35.767388599236256,51.42599559885438,CALM,0.0,,0.3517520412649272,0.6482479587350728,
facility_2513,facility_211,0.6811881827950719,7.553769947826541,7.553769947826541,1.0,درمانگاه رازی,clinic,35.6337727,51.4969899,درمانگاه شبانه‌روزی یاس,hospital,35.63380147765345,51.413563736577125,CALM,0.0,,0.7211881827950719,0.2788118172049281,
facility_2578,facility_2110,0.32002596242441955,3.5488027516371283,3.5488027516371283,1.0,مطب دکتر مانی قربان زاده,doctors,35.7585015,51.3622923,بیمارستان سلامت فردا,hospital,35.74368823718312,51.327500297168406,CALM,0.0,,0.36002596242441953,0.6399740375755805,
facility_2442,facility_2111,0.18062669950514956,2.0029891430274014,2.0029891430274014,1.0,مطب دکتر آریا رضایی,doctors,35.7854068,51.4274877,بیمارستان کودکان حضرت علی اصغر,hospital,35.767388599236256,51.42599559885438,CALM,0.0,,0.22062669950514957,0.7793733004948504,
facility_2578,facility_2113,0.3938126679447596,4.367031565328028,4.367031565328028,1.0,مطب دکتر سعید‌رضا انتظاری,doctors,35.7704095,51.3629788,بیمارستان سلامت فردا,hospital,35.74368823718312,51.327500297168406,CALM,0.0,,0.4338126679447596,0.5661873320552404,
facility_2442,facility_2114,0.3209240384633107,3.5587616146426537,3.5587616146426537,1.0,دکتر لیلا اصغری فوق تخصص غدد,doctors,35.7401333,51.405224,بیمارستان کودکان حضرت علی اصغر,hospital,35.767388599236256,51.42599559885438,CALM,0.0,,0.36092403846331067,0.6390759615366893,
facility_2442,facility_2115,0.4370270421416077,4.846240467312878,4.846240467312878,1.0,دکتر سیف اله همت,doctors,35.8013113,51.4597939,بیمارستان کودکان حضرت علی اصغر,hospital,35.767388599236256,51.42599559885438,CALM,0.0,,0.4770270421416077,0.5229729578583924,
facility_2442,facility_2116,0.27919895694189606,3.0960676413358774,3.0960676413358774,1.0,مطب دکتر شکیبا محبی تبار,doctors,35.75398,51.3959571,بیمارستان کودکان حضرت علی اصغر,hospital,35.767388599236256,51.42599559885438,CALM,0.0,,0.31919895694189604,0.680801043058104,
facility_2578,facility_2117,0.34279035736158026,3.801239606385841,3.801239606385841,1.0,درمانگاه مرکزی شهران,clinic,35.7584517,51.289557,بیمارستان سلامت فردا,hospital,35.74368823718312,51.327500297168406,CALM,0.0,,0.38279035736158024,0.6172096426384197,
facility_2578,facility_2118,0.5068116014997696,5.62008904633408,5.62008904633408,1.0,مطب فيزيوتراپي و ليزرتراپي ١٢١,doctors,35.7096885,51.3735777,بیمارستان سلامت فردا,hospital,35.74368823718312,51.327500297168406,CALM,0.0,,0.5468116014997696,0.4531883985002304,
facility_2442,facility_2119,0.42419446947519174,4.703938671408068,4.703938671408068,1.0,مطب دکتر محبوبه رهنما,doctors,35.8088939,51.4152947,بیمارستان کودکان حضرت علی اصغر,hospital,35.767388599236256,51.42599559885438,CALM,0.0,,0.4641944694751917,0.5358055305248083,
facility_2442,facility_212,0.512166473936452,5.67946980998838,5.67946980998838,1.0,درمانگاه شهرداری منطقه یک,clinic,35.8124656,51.4558123,بیمارستان کودکان حضرت علی اصغر,hospital,35.767388599236256,51.42599559885438,CALM,0.0,,0.552166473936452,0.447833526063548,
facility_2578,facility_2121,0.44848523988556555,4.973301670018153,4.973301670018153,1.0,دکتر مریم خدادوست,doctors,35.7275779,51.3788251,بیمارستان سلامت فردا,hospital,35.74368823718312,51.327500297168406,CALM,0.0,,0.4884852398855655,0.5115147601144345,
facility_2578,facility_2123,0.33756142597469174,3.7432554167490575,3.7432554167490575,1.0,کلینیک پزشکی دکتر شاهین سیف الو زخم,doctors,35.7675702,51.356757,بیمارستان سلامت فردا,hospital,35.74368823718312,51.327500297168406,CALM,0.0,,0.3775614259746917,0.6224385740253082,
facility_2578,facility_2125,0.42159583220650987,4.675122099715754,4.675122099715754,1.0,فیزیوتراپی توان گستر نوین,clinic,35.7271723,51.375066,بیمارستان سلامت فردا,hospital,35.74368823718312,51.327500297168406,CALM,0.0,,0.46159583220650985,0.5384041677934901,
facility_2578,facility_2128,0.6362135840944576,7.055041724611809,7.055041724611809,1.0,کلینیک تخصصی قلب و عروق ایران زمین,clinic,35.705742,51.3901072,بیمارستان سلامت فردا,hospital,35.74368823718312,51.327500297168406,CALM,0.0,,0.6762135840944576,0.32378641590554236,
facility_2578,facility_2129,0.4484897798119469,4.9733520137562435,4.9733520137562435,1.0,مطب دکتر آزاده مولوی مقدم,doctors,35.7756942,51.3660311,بیمارستان سلامت فردا,hospital,35.74368823718312,51.327500297168406,CALM,0.0,,0.48848977981194686,0.5115102201880531,
facility_2442,facility_213,0.40476038498976386,4.488431991965699,4.488431991965699,1.0,رادیولوژی تخصصی دهان و فک دکتر ساندرا مهر علی زاده,doctors,35.7409807,51.4636145,بیمارستان کودکان حضرت علی اصغر,hospital,35.767388599236256,51.42599559885438,CALM,0.0,,0.44476038498976384,0.5552396150102361,
facility_2513,facility_2130,0.3106593918555386,3.44493583047726,3.44493583047726,1.0,كلينيك ارتوپدى دكتر محمد ربانى,clinic,35.6603485,51.3938083,درمانگاه شبانه‌روزی یاس,hospital,35.63380147765345,51.413563736577125,CALM,0.0,,0.35065939185553857,0.6493406081444615,
facility_2442,facility_2131,0.22108166500710266,2.4515986614649012,2.4515986614649012,1.0,دکتر حدیث یگانه فرد متخصص بیماری های دهان و زیبایی,doctors,35.756464,51.4495714,بیمارستان کودکان حضرت علی اصغر,hospital,35.767388599236256,51.42599559885438,CALM,0.0,,0.26108166500710267,0.7389183349928974,
facility_2442,facility_2132,0.2208116517904415,2.4486044554979656,2.4486044554979656,1.0,دکتر علیرضا تسلیمی متخصص جراحی لثه,doctors,35.756452,51.4495249,بیمارستان کودکان حضرت علی اصغر,hospital,35.767388599236256,51.42599559885438,CALM,0.0,,0.26081165179044147,0.7391883482095585,
facility_2658,facility_2134,0.1263667920421027,1.4012951196748022,1.4012951196748022,1.0,دکتر محمد آزادگان متخصص کودکان و نوزادان,doctors,35.7387403,51.1332345,مرکز توانبخشی امید فردا,hospital,35.74719294308631,51.14475321540338,CALM,0.0,,0.1663667920421027,0.8336332079578973,
facility_2578,facility_2135,0.3668933961070628,4.068520828117925,4.068520828117925,1.0,دندانپزشکی دکتر فرهاد مهردادی,clinic,35.769226,51.3598066,بیمارستان سلامت فردا,hospital,35.74368823718312,51.327500297168406,CALM,0.0,,0.40689339610706277,0.5931066038929372,
facility_2442,facility_2136,0.28931890729986776,3.2082888730282373,3.2082888730282373,1.0,کلینیک روانشناسی و مشاوره آسنا,doctors,35.756746,51.3929947,بیمارستان کودکان حضرت علی اصغر,hospital,35.767388599236256,51.42599559885438,CALM,0.0,,0.32931890729986774,0.6706810927001323,
facility_2442,facility_2137,0.43573822504956133,4.831948634212958,4.831948634212958,1.0,دکتر علی زینلی متخصص جراحی مغز و اعصاب,doctors,35.7238837,51.4231747,بیمارستان کودکان حضرت علی اصغر,hospital,35.767388599236256,51.42599559885438,CALM,0.0,,0.4757382250495613,0.5242617749504387,
facility_2578,facility_2139,0.2379359493747309,2.63849765643266,2.63849765643266,1.0,کلینیک ارتوپدی و ارتوپدفنی نویان,doctors,35.7342598,51.3542897,بیمارستان سلامت فردا,hospital,35.74368823718312,51.327500297168406,CALM,0.0,,0.2779359493747309,0.7220640506252691,
facility_2578,facility_214,0.3100005410302361,3.4376297619194505,3.4376297619194505,1.0,لاله,clinic,35.7292646,51.3611484,بیمارستان سلامت فردا,hospital,35.74368823718312,51.327500297168406,CALM,0.0,,0.3500005410302361,0.649999458969764,
facility_2442,facility_2143,0.1328901774218815,1.473633650618884,1.473633650618884,1.0,دکتر منصور عظمتی,clinic,35.7580052,51.4144545,بیمارستان کودکان حضرت علی اصغر,hospital,35.767388599236256,51.42599559885438,CALM,0.0,,0.1728901774218815,0.8271098225781185,
facility_2578,facility_2146,0.36684269836364464,4.067958635319624,4.067958635319624,1.0,مطب دکتر کامران دلیر,doctors,35.7697674,51.3591402,بیمارستان سلامت فردا,hospital,35.74368823718312,51.327500297168406,CALM,0.0,,0.4068426983636446,0.5931573016363554,
facility_1846,facility_2147,0.21076640016321913,2.3372115661663906,2.3372115661663906,1.0,مطب مامایی لیلا شجاع,clinic,35.7383117,51.5582018,Turan Hearing Aid Center,hospital,35.7417034,51.5326919,CALM,0.0,,0.2507664001632191,0.749233599836781,
facility_2513,facility_2149,0.47228477126576085,5.237217265521309,5.237217265521309,1.0,رقیه عزیززاده کارشناس مامایی,doctors,35.628372,51.3561075,درمانگاه شبانه‌روزی یاس,hospital,35.63380147765345,51.413563736577125,CALM,0.0,,0.5122847712657609,0.4877152287342391,
facility_2442,facility_215,0.382212516988531,4.238396227991632,4.238396227991632,1.0,درمانگاه ستاره,clinic,35.771175,51.3793367,بیمارستان کودکان حضرت علی اصغر,hospital,35.767388599236256,51.42599559885438,CALM,0.0,,0.42221251698853096,0.5777874830114691,
facility_2578,facility_2151,0.4498379850592553,4.988302408577882,4.988302408577882,1.0,دکتر امیرحسین خیراندیش جراحی عمومی,doctors,35.7761134,51.365739,بیمارستان سلامت فردا,hospital,35.74368823718312,51.327500297168406,CALM,0.0,,0.4898379850592553,0.5101620149407446,
facility_2442,facility_2154,0.22453848638970783,2.489931730262107,2.489931730262107,1.0,مطب دکتر سمیه حجازی نیا,doctors,35.7800091,51.4487781,بیمارستان کودکان حضرت علی اصغر,hospital,35.767388599236256,51.42599559885438,CALM,0.0,,0.26453848638970784,0.7354615136102922,
facility_2442,facility_2155,0.5865653177159659,6.5044866915037804,6.5044866915037804,1.0,دکتر ندا پژوهی  - دکتر لیپ,doctors,35.7105663,51.4081985,بیمارستان کودکان حضرت علی اصغر,hospital,35.767388599236256,51.42599559885438,CALM,0.0,,0.6265653177159659,0.3734346822840341,
facility_2578,facility_2156,0.43697086026522275,4.845617460366827,4.845617460366827,1.0,دکتر سمیرا عبدالهی مقدم متخصص زنان و زایمان,doctors,35.775494,51.3642478,بیمارستان سلامت فردا,hospital,35.74368823718312,51.327500297168406,CALM,0.0,,0.47697086026522273,0.5230291397347773,
facility_1846,facility_2161,0.005037193131838576,0.05585798324415056,0.05585798324415056,1.0,دکتر رحمت اله آزادی متخصص و جراح استخوان و مفاصل,doctors,35.7417091,51.5333096,Turan Hearing Aid Center,hospital,35.7417034,51.5326919,CALM,0.0,,0.04503719313183858,0.9549628068681614,
facility_2578,facility_2162,0.6022009055105885,6.677871427444151,6.677871427444151,1.0,دکتر محمودرضا اشرفی,doctors,35.7042051,51.383244,بیمارستان سلامت فردا,hospital,35.74368823718312,51.327500297168406,CALM,0.0,,0.6422009055105885,0.3577990944894115,
facility_1846,facility_2165,0.02782007081785059,0.3084997952078482,0.3084997952078482,1.0,دفتر روانشناسی حال خوش روانشناس مریم عالمی,doctors,35.7389786,51.5320068,Turan Hearing Aid Center,hospital,35.7417034,51.5326919,CALM,0.0,,0.06782007081785059,0.9321799291821494,
facility_2442,facility_2166,0.3950281330516792,4.380509990276048,4.380509990276048,1.0,دکتر مهشید طالبی,doctors,35.7681929,51.4744463,بیمارستان کودکان حضرت علی اصغر,hospital,35.767388599236256,51.42599559885438,CALM,0.0,,0.4350281330516792,0.5649718669483208,
facility_2442,facility_2167,0.12547444174751698,1.3913997500714756,1.3913997500714756,1.0,مطب دکتر حسین حاجی عباسی,doctors,35.7747039,51.4134902,بیمارستان کودکان حضرت علی اصغر,hospital,35.767388599236256,51.42599559885438,CALM,0.0,,0.165474441747517,0.834525558252483,
facility_2578,facility_2168,0.587631137039705,6.516305678064057,6.516305678064057,1.0,دکتر عزیزاله یوسفی فوق تخصص گوارش,doctors,35.7085198,51.3852179,بیمارستان سلامت فردا,hospital,35.74368823718312,51.327500297168406,CALM,0.0,,0.6276311370397051,0.3723688629602949,
facility_2442,facility_2169,0.4755186004792157,5.273077549868531,5.273077549868531,1.0,مطب دکتر زهراسادات سبزپوشان,doctors,35.7812506,51.3701904,بیمارستان کودکان حضرت علی اصغر,hospital,35.767388599236256,51.42599559885438,CALM,0.0,,0.5155186004792157,0.4844813995207843,
facility_2578,facility_2171,0.38673357917907875,4.288530779015527,4.288530779015527,1.0,کلینیک زیبایی دکتر معروفی,clinic,35.7702484,51.361975,بیمارستان سلامت فردا,hospital,35.74368823718312,51.327500297168406,CALM,0.0,,0.4267335791790787,0.5732664208209213,
facility_2442,facility_2172,0.3115158512400925,3.454433201870333,3.454433201870333,1.0,دکتر رامین نوری نیا فوق تخصص شبکیه,doctors,35.7703834,51.4640348,بیمارستان کودکان حضرت علی اصغر,hospital,35.767388599236256,51.42599559885438,CALM,0.0,,0.3515158512400925,0.6484841487599076,
facility_2442,facility_2173,0.28232171379413695,3.1306962321726086,3.1306962321726086,1.0,دکتر علی ابراهیمی فوق تخصص جراحی پلاستیک,doctors,35.7563044,51.3941456,بیمارستان کودکان حضرت علی اصغر,hospital,35.767388599236256,51.42599559885438,CALM,0.0,,0.32232171379413693,0.677678286205863,
facility_2442,facility_2174,0.4379716811177808,4.856715671801134,4.856715671801134,1.0,دفتر مشاوره و روانشناسی «کیمیای جان و خرد »,doctors,35.7242713,51.4166238,بیمارستان کودکان حضرت علی اصغر,hospital,35.767388599236256,51.42599559885438,CALM,0.0,,0.47797168111778077,0.5220283188822192,
facility_2578,facility_2175,0.3901250239318625,4.326138879244416,4.326138879244416,1.0,مطب دكترمريم السادات تهرانی فوق تخصص ریه,clinic,35.7271054,51.3708018,بیمارستان سلامت فردا,hospital,35.74368823718312,51.327500297168406,CALM,0.0,,0.43012502393186247,0.5698749760681375,
facility_2578,facility_2177,0.17672436788930942,1.9597157627329365,1.9597157627329365,1.0,دکتر فرهاد مرادی فوق تخصص گوارش و کبد,clinic,35.726268,51.3238746,بیمارستان سلامت فردا,hospital,35.74368823718312,51.327500297168406,CALM,0.0,,0.21672436788930943,0.7832756321106906,
facility_2442,facility_2179,0.40040630098456786,4.440149080224912,4.440149080224912,1.0,کلینیک درد و توانبخشی سدار,doctors,35.8009681,51.4527443,بیمارستان کودکان حضرت علی اصغر,hospital,35.767388599236256,51.42599559885438,CALM,0.0,,0.44040630098456784,0.5595936990154322,
facility_2578,facility_218,0.19122336987930066,2.120496774899176,2.120496774899176,1.0,درمانگاه سحر,clinic,35.7445133,51.3040702,بیمارستان سلامت فردا,hospital,35.74368823718312,51.327500297168406,CALM,0.0,,0.23122336987930067,0.7687766301206993,
facility_2578,facility_2180,0.48870349603047153,5.419286292615131,5.419286292615131,1.0,کاردرمانی پیشگام,doctors,35.7248937,51.3828175,بیمارستان سلامت فردا,hospital,35.74368823718312,51.327500297168406,CALM,0.0,,0.5287034960304715,0.4712965039695285,
facility_2442,facility_2182,0.4386625798120928,4.864377122668753,4.864377122668753,1.0,پردیس مارال دکتر مالکی دکتر تیمور زاده,clinic,35.7706041,51.3723257,بیمارستان کودکان حضرت علی اصغر,hospital,35.767388599236256,51.42599559885438,CALM,0.0,,0.47866257981209276,0.5213374201879073,
facility_2442,facility_2186,0.11693380548326865,1.29669170436892,1.29669170436892,1.0,مرکز تصویر برداری جام‌جم,doctors,35.7697352,51.4119423,بیمارستان کودکان حضرت علی اصغر,hospital,35.767388599236256,51.42599559885438,CALM,0.0,,0.15693380548326866,0.8430661945167314,
facility_2442,facility_2187,0.3381443739487839,3.7497197903231485,3.7497197903231485,1.0,کلینیک زیبایی و درمان بیماری های پوستی دکتر پارسا شیری,clinic,35.7363398,51.4424064,بیمارستان کودکان حضرت علی اصغر,hospital,35.767388599236256,51.42599559885438,CALM,0.0,,0.37814437394878386,0.6218556260512161,
facility_2442,facility_2188,0.4868684827284129,5.398937630255668,5.398937630255668,1.0,دکتر شیرین کاویانپور متخصص  بیماریهای زنان و زایمان,doctors,35.8120724,51.4496944,بیمارستان کودکان حضرت علی اصغر,hospital,35.767388599236256,51.42599559885438,CALM,0.0,,0.5268684827284129,0.4731315172715871,
facility_2442,facility_2189,0.4210677790469214,4.669266460718337,4.669266460718337,1.0,خانه لیزر سعادت آباد شعبه دریا,clinic,35.7706477,51.3744944,بیمارستان کودکان حضرت علی اصغر,hospital,35.767388599236256,51.42599559885438,CALM,0.0,,0.46106777904692137,0.5389322209530787,
facility_2578,facility_2190,0.4738690444529026,5.254785443438129,5.254785443438129,1.0,خانه لیزر سعادت آباد شعبه سرو,clinic,35.7799827,51.3648638,بیمارستان سلامت فردا,hospital,35.74368823718312,51.327500297168406,CALM,0.0,,0.5138690444529026,0.4861309555470974,
facility_2442,facility_2191,0.23610156504636123,2.618155968830937,2.618155968830937,1.0,مطب زیبایی دکتر رکسانا احسانی پور,doctors,35.7829062,51.4478241,بیمارستان کودکان حضرت علی اصغر,hospital,35.767388599236256,51.42599559885438,CALM,0.0,,0.27610156504636124,0.7238984349536388,
facility_1846,facility_2192,0.6942920262725987,7.699079895300105,7.699079895300105,1.0,کمپ ترک اعتیاداوای رهایی,doctors,35.8093299,51.5134796,Turan Hearing Aid Center,hospital,35.7417034,51.5326919,CALM,0.0,,0.7342920262725987,0.2657079737274013,
facility_2578,facility_2195,0.6113825618948712,6.77968781507184,6.77968781507184,1.0,مطب دکتر مریم تزنگ/متخصص رادیوانکولوژی,doctors,35.7008923,51.3810245,بیمارستان سلامت فردا,hospital,35.74368823718312,51.327500297168406,CALM,0.0,,0.6513825618948712,0.3486174381051288,
facility_2578,facility_2196,0.44854471591963124,4.973961206237496,4.973961206237496,1.0,کلینیک زیبایی دکتر علی اکبری,doctors,35.775607,51.3661494,بیمارستان سلامت فردا,hospital,35.74368823718312,51.327500297168406,CALM,0.0,,0.4885447159196312,0.5114552840803688,
facility_2442,facility_2198,0.10008069864595481,1.1098057671630635,1.1098057671630635,1.0,مطب دکتر پیمان صدری,doctors,35.7665878,51.4137575,بیمارستان کودکان حضرت علی اصغر,hospital,35.767388599236256,51.42599559885438,CALM,0.0,,0.14008069864595482,0.8599193013540452,
facility_2578,facility_2203,0.21855688394767034,2.423601089320701,2.423601089320701,1.0,ریمالند,clinic,35.730166,51.348554,بیمارستان سلامت فردا,hospital,35.74368823718312,51.327500297168406,CALM,0.0,,0.25855688394767035,0.7414431160523296,
facility_2442,facility_2204,0.49416024070476106,5.479796728607252,5.479796728607252,1.0,کلینیک شنوایی و تعادل و سمعک فرمانیه,clinic,35.7990052,51.4725885,بیمارستان کودکان حضرت علی اصغر,hospital,35.767388599236256,51.42599559885438,CALM,0.0,,0.5341602407047611,0.4658397592952389,
facility_2442,facility_2205,0.12974023438365193,1.4387035892048532,1.4387035892048532,1.0,دکتر وقردوست,doctors,35.7589604,51.4138976,بیمارستان کودکان حضرت علی اصغر,hospital,35.767388599236256,51.42599559885438,CALM,0.0,,0.16974023438365193,0.8302597656163481,
facility_2442,facility_2210,0.2275966854781119,2.5238444330246077,2.5238444330246077,1.0,مطب دکتر رضا راست منش,doctors,35.7799669,51.4492648,بیمارستان کودکان حضرت علی اصغر,hospital,35.767388599236256,51.42599559885438,CALM,0.0,,0.2675966854781119,0.7324033145218881,
facility_2442,facility_2211,0.43976097479290266,4.87655734423813,4.87655734423813,1.0,روان‌شناس و مشاور، حمیده حیدری,clinic,35.724125,51.4356098,بیمارستان کودکان حضرت علی اصغر,hospital,35.767388599236256,51.42599559885438,CALM,0.0,,0.47976097479290264,0.5202390252070974,
facility_2442,facility_2214,0.2083690242261412,2.310626803299784,2.310626803299784,1.0,مطب دندانپزشکی سیب,clinic,35.7881581,51.424003,بیمارستان کودکان حضرت علی اصغر,hospital,35.767388599236256,51.42599559885438,CALM,0.0,,0.2483690242261412,0.7516309757738588,
facility_2442,facility_2217,0.17864708532188728,1.9810369857476613,1.9810369857476613,1.0,مطب دکترمحمدحسین طاهریان,doctors,35.759824,51.4061433,بیمارستان کودکان حضرت علی اصغر,hospital,35.767388599236256,51.42599559885438,CALM,0.0,,0.21864708532188729,0.7813529146781127,
facility_2442,facility_222,0.2786329246725754,3.089790847854302,3.089790847854302,1.0,مطب دکتر شهریار یحیوی,doctors,35.7562941,51.3946437,بیمارستان کودکان حضرت علی اصغر,hospital,35.767388599236256,51.42599559885438,CALM,0.0,,0.31863292467257537,0.6813670753274246,
facility_2442,facility_2221,0.3519482535181519,3.9027925142606947,3.9027925142606947,1.0,کلینیک راز دکتر رضا امیرزرگر متخصص جراحی فک، صورت و زیبایی,doctors,35.8023747,51.4306148,بیمارستان کودکان حضرت علی اصغر,hospital,35.767388599236256,51.42599559885438,CALM,0.0,,0.3919482535181519,0.6080517464818481,
facility_2578,facility_2222,0.286532650693737,3.177391770069163,3.177391770069163,1.0,دکتر بیتا هرمز جراح زنان و زایمان,doctors,35.7697719,51.3129659,بیمارستان سلامت فردا,hospital,35.74368823718312,51.327500297168406,CALM,0.0,,0.326532650693737,0.6734673493062631,
facility_1846,facility_2223,0.24589441821430183,2.726749984158595,2.726749984158595,1.0,کلینیک رومینا,clinic,35.7337633,51.5041539,Turan Hearing Aid Center,hospital,35.7417034,51.5326919,CALM,0.0,,0.28589441821430184,0.7141055817856982,
facility_2442,facility_2224,0.4619583291831145,5.122706224604835,5.122706224604835,1.0,پوست و مو زیبایی دکتر علیخانی,clinic,35.7238042,51.4072451,بیمارستان کودکان حضرت علی اصغر,hospital,35.767388599236256,51.42599559885438,CALM,0.0,,0.5019583291831146,0.49804167081688544,
facility_2578,facility_2227,0.31565105813472993,3.500288961494036,3.500288961494036,1.0,دکتر خشایار سنجری,doctors,35.7584421,51.3617244,بیمارستان سلامت فردا,hospital,35.74368823718312,51.327500297168406,CALM,0.0,,0.3556510581347299,0.6443489418652701,
facility_1846,facility_2228,0.12365930485441322,1.3712714993756716,1.3712714993756716,1.0,فيزيوتراپي كيان پارس,doctors,35.730133,51.5273482,Turan Hearing Aid Center,hospital,35.7417034,51.5326919,CALM,0.0,,0.1636593048544132,0.8363406951455867,
facility_2513,facility_2229,0.4085928332389484,4.53093042799626,4.53093042799626,1.0,کلینیک تخصصی سونوگرافی دکتر دلیری,doctors,35.6574055,51.3727147,درمانگاه شبانه‌روزی یاس,hospital,35.63380147765345,51.413563736577125,CALM,0.0,,0.4485928332389484,0.5514071667610516,
facility_2658,facility_223,0.5972580958608245,6.623060072912114,6.623060072912114,1.0,درمانگاه شهرک دانشگاه,clinic,35.7158924,51.2071239,مرکز توانبخشی امید فردا,hospital,35.74719294308631,51.14475321540338,CALM,0.0,,0.6372580958608245,0.3627419041391755,
facility_2578,facility_2230,0.31783242449872307,3.52447837067891,3.52447837067891,1.0,کلینیک دکتر سحرناز سجادیان,doctors,35.7584296,51.3620348,بیمارستان سلامت فردا,hospital,35.74368823718312,51.327500297168406,CALM,0.0,,0.35783242449872305,0.642167575501277,
facility_2442,facility_2231,0.13559043472266913,1.5035770979147471,1.5035770979147471,1.0,مطب دکتر مرتضی حسن‌زاده فوق تخصص گوارش و کبد,doctors,35.7664736,51.4425913,بیمارستان کودکان حضرت علی اصغر,hospital,35.767388599236256,51.42599559885438,CALM,0.0,,0.17559043472266914,0.8244095652773309,
facility_2578,facility_2233,0.179857106935613,1.994455047206798,1.994455047206798,1.0,درمانگاه شبانه روزی دکتر نوتاش,doctors,35.7267036,51.3202554,بیمارستان سلامت فردا,hospital,35.74368823718312,51.327500297168406,CALM,0.0,,0.219857106935613,0.780142893064387,
facility_2442,facility_2234,0.4353099542949855,4.827199493172117,4.827199493172117,1.0,کلینیک نازایی نوید,clinic,35.7675809,51.3725937,بیمارستان کودکان حضرت علی اصغر,hospital,35.767388599236256,51.42599559885438,CALM,0.0,,0.47530995429498546,0.5246900457050145,
facility_2578,facility_2235,0.6378450550586718,7.073133283818937,7.073133283818937,1.0,درمانگاه شبانه روزی ایران زمین,clinic,35.7056071,51.3902334,بیمارستان سلامت فردا,hospital,35.74368823718312,51.327500297168406,CALM,0.0,,0.6778450550586719,0.3221549449413281,
facility_2442,facility_2236,0.31810853347489443,3.5275401731869485,3.5275401731869485,1.0,مطب دندانپزشكى كودكان دكتر مژده بقايی,doctors,35.775312,51.4637914,بیمارستان کودکان حضرت علی اصغر,hospital,35.767388599236256,51.42599559885438,CALM,0.0,,0.3581085334748944,0.6418914665251056,
facility_1846,facility_2237,0.028202493263208825,0.31274051935439495,0.31274051935439495,1.0,مطب سیدحسین حسنپور اونجی,doctors,35.7390945,51.5313798,Turan Hearing Aid Center,hospital,35.7417034,51.5326919,CALM,0.0,,0.06820249326320882,0.9317975067367912,
facility_2442,facility_2239,0.3935702824751954,4.364343726457613,4.364343726457613,1.0,مطب دکتر عبدالرضا نوروزی متخصص تغذیه,clinic,35.7280466,51.4269452,بیمارستان کودکان حضرت علی اصغر,hospital,35.767388599236256,51.42599559885438,CALM,0.0,,0.43357028247519536,0.5664297175248046,
facility_2442,facility_224,0.43805373691138916,4.857625597433227,4.857625597433227,1.0,unnamed,doctors,35.7236403,51.423459,بیمارستان کودکان حضرت علی اصغر,hospital,35.767388599236256,51.42599559885438,CALM,0.0,,0.47805373691138914,0.5219462630886109,
facility_2442,facility_2240,0.27966383470376616,3.1012227214675065,3.1012227214675065,1.0,مطب دکتر جوراستی فرد,doctors,35.7421561,51.4112156,بیمارستان کودکان حضرت علی اصغر,hospital,35.767388599236256,51.42599559885438,CALM,0.0,,0.31966383470376614,0.6803361652962339,
facility_2578,facility_2241,0.4995066968274694,5.5390841628392655,5.5390841628392655,1.0,مطب دکتر امیر بابک رحیمی,doctors,35.7243129,51.3839552,بیمارستان سلامت فردا,hospital,35.74368823718312,51.327500297168406,CALM,0.0,,0.5395066968274694,0.46049330317253057,
facility_1846,facility_2242,0.17239668131651475,1.9117255749950153,1.9117255749950153,1.0,مرکز دندانپزشکی دکتر مریم سالارکیا,clinic,35.7265432,51.5226334,Turan Hearing Aid Center,hospital,35.7417034,51.5326919,CALM,0.0,,0.21239668131651476,0.7876033186834852,
facility_1846,facility_2244,0.7333185497350486,8.13184926438866,8.13184926438866,1.0,بیمارستان محک ،کودکان سرطانی,hospital,35.8113149,51.5044509,Turan Hearing Aid Center,hospital,35.7417034,51.5326919,CALM,0.0,,0.7733185497350487,0.22668145026495135,
facility_2442,facility_2245,0.12961550614090458,1.4373204641367638,1.4373204641367638,1.0,Maryam Beauty & Care Clinic,clinic,35.7648296,51.441583,بیمارستان کودکان حضرت علی اصغر,hospital,35.767388599236256,51.42599559885438,CALM,0.0,,0.1696155061409046,0.8303844938590954,
facility_2442,facility_2246,0.22915731302859088,2.541150401901206,2.541150401901206,1.0,دکتر کامران هداوند جراح چاقی و لاپاراسکوپی,doctors,35.7487869,51.4095856,بیمارستان کودکان حضرت علی اصغر,hospital,35.767388599236256,51.42599559885438,CALM,0.0,,0.26915731302859086,0.7308426869714091,
facility_2442,facility_2249,0.21727552230158584,2.4093919304730314,2.4093919304730314,1.0,شعبه مرکزی دندانپزشکی سرو,clinic,35.7854332,51.4408382,بیمارستان کودکان حضرت علی اصغر,hospital,35.767388599236256,51.42599559885438,CALM,0.0,,0.25727552230158585,0.7427244776984141,
facility_2578,facility_2250,0.46614417559947335,5.169123531400102,5.169123531400102,1.0,دکتر فاطمه خوشدل  روانشناس و هیپنوتراپیست,doctors,35.7812101,51.3614178,بیمارستان سلامت فردا,hospital,35.74368823718312,51.327500297168406,CALM,0.0,,0.5061441755994733,0.49385582440052667,
facility_2513,facility_2252,0.42819073239433947,4.748253666155052,4.748253666155052,1.0,درمانگاه تامین اجتماعی شهیدنیکپور,hospital,35.6673003,51.4462252,درمانگاه شبانه‌روزی یاس,hospital,35.63380147765345,51.413563736577125,CALM,0.0,,0.46819073239433945,0.5318092676056605,
facility_2442,facility_2253,0.27483690987497583,3.0476964263363664,3.0476964263363664,1.0,دکتر محمدرضا عباسی فوق تخصص کبد و گوارش,hospital,35.7566875,51.3949434,بیمارستان کودکان حضرت علی اصغر,hospital,35.767388599236256,51.42599559885438,CALM,0.0,,0.3148369098749758,0.6851630901250242,
facility_2442,facility_2254,0.2752950541543862,3.0527768381476497,3.0527768381476497,1.0,محمدرضا عباسی فوق تخصص گوارش,hospital,35.7567132,51.3948691,بیمارستان کودکان حضرت علی اصغر,hospital,35.767388599236256,51.42599559885438,CALM,0.0,,0.3152950541543862,0.6847049458456138,
facility_2442,facility_2256,0.27581750569373775,3.0585703601681815,3.0585703601681815,1.0,دکتر عطیه بهمن متخصص زنان و زایمان,doctors,35.7566301,51.3948426,بیمارستان کودکان حضرت علی اصغر,hospital,35.767388599236256,51.42599559885438,CALM,0.0,,0.31581750569373773,0.6841824943062622,
facility_2578,facility_2258,0.4462869495262671,4.948924588806131,4.948924588806131,1.0,کلینیک زیبایی سپند,doctors,35.7764444,51.3646735,بیمارستان سلامت فردا,hospital,35.74368823718312,51.327500297168406,CALM,0.0,,0.48628694952626705,0.513713050473733,
facility_2442,facility_2259,0.2190098770936475,2.4286243796523292,2.4286243796523292,1.0,کلینیک دندانپزشکی سرو قیطریه (شعبه مرکز),clinic,35.7856193,51.4408794,بیمارستان کودکان حضرت علی اصغر,hospital,35.767388599236256,51.42599559885438,CALM,0.0,,0.2590098770936475,0.7409901229063525,
facility_2578,facility_226,0.4894067538403613,5.427084795061433,5.427084795061433,1.0,مطب دکتر محمد میر,doctors,35.7249921,51.382961,بیمارستان سلامت فردا,hospital,35.74368823718312,51.327500297168406,CALM,0.0,,0.5294067538403613,0.4705932461596387,
facility_2442,facility_2260,0.45557340271185554,5.051903079577013,5.051903079577013,1.0,دکتر الهام اسلامی متخصص کلیه و‌مجاری ادراری,doctors,35.7816375,51.3729077,بیمارستان کودکان حضرت علی اصغر,hospital,35.767388599236256,51.42599559885438,CALM,0.0,,0.4955734027118555,0.5044265972881445,
facility_2513,facility_2265,0.4278581207916873,4.744565299868216,4.744565299868216,1.0,مطب پوست و زیبایی و لیزر دکتر قدیرزاده,doctors,35.6684925,51.444231,درمانگاه شبانه‌روزی یاس,hospital,35.63380147765345,51.413563736577125,CALM,0.0,,0.46785812079168726,0.5321418792083128,
facility_2442,facility_2266,0.542980151869342,6.021166040531318,6.021166040531318,1.0,مطب دندانپزشکی دکتر فرشاد صدر,doctors,35.8119444,51.464061,بیمارستان کودکان حضرت علی اصغر,hospital,35.767388599236256,51.42599559885438,CALM,0.0,,0.582980151869342,0.41701984813065796,
facility_2442,facility_2267,0.37836576057806737,4.195739127202332,4.195739127202332,1.0,بیمارستان مادران,hospital,35.7300893,51.4337373,بیمارستان کودکان حضرت علی اصغر,hospital,35.767388599236256,51.42599559885438,CALM,0.0,,0.41836576057806735,0.5816342394219327,
facility_2578,facility_2268,0.3168800809076947,3.513917728877407,3.513917728877407,1.0,مطب دکتر بابک میرزاشاهی,doctors,35.7585015,51.3618564,بیمارستان سلامت فردا,hospital,35.74368823718312,51.327500297168406,CALM,0.0,,0.3568800809076947,0.6431199190923054,
facility_2442,facility_2270,0.3950071623916414,4.380277444342955,4.380277444342955,1.0,مطب پزشکی جراحی مغز و اعصاب,doctors,35.7712899,51.3777733,بیمارستان کودکان حضرت علی اصغر,hospital,35.767388599236256,51.42599559885438,CALM,0.0,,0.4350071623916414,0.5649928376083586,
facility_2442,facility_2271,0.33329820237837854,3.6959800659780595,3.6959800659780595,1.0,مطب دکتر سید فرنوش مدنی گاوگانی,doctors,35.7922112,51.4532791,بیمارستان کودکان حضرت علی اصغر,hospital,35.767388599236256,51.42599559885438,CALM,0.0,,0.3732982023783785,0.6267017976216215,
facility_2578,facility_2273,0.14698944792907556,1.629981996837274,1.629981996837274,1.0,کلینیک پوست و مو و زیبایی دکتر دمشقی,clinic,35.7382096,51.3107734,بیمارستان سلامت فردا,hospital,35.74368823718312,51.327500297168406,CALM,0.0,,0.18698944792907557,0.8130105520709244,
facility_2442,facility_2275,0.45105760796147004,5.0018269397707575,5.0018269397707575,1.0,پزشك فوق تخصص جراح سرطان سينه دکتر على حجت,doctors,35.7818029,51.3735593,بیمارستان کودکان حضرت علی اصغر,hospital,35.767388599236256,51.42599559885438,CALM,0.0,,0.49105760796147,0.50894239203853,
facility_2442,facility_2276,0.041357004842146404,0.4586123309228117,0.4586123309228117,1.0,دندانپزشکی دکتر پورفرید,doctors,35.770234,51.4223143,بیمارستان کودکان حضرت علی اصغر,hospital,35.767388599236256,51.42599559885438,CALM,0.0,,0.0813570048421464,0.9186429951578536,
facility_1846,facility_2277,0.15418426558857024,1.709766113457413,1.709766113457413,1.0,مطب زنان و زایمان دکتر آرزو صفری فر,doctors,35.7269624,51.5271608,Turan Hearing Aid Center,hospital,35.7417034,51.5326919,CALM,0.0,,0.19418426558857024,0.8058157344114297,
facility_2442,facility_2278,0.22854739996323065,2.5343870094932512,2.5343870094932512,1.0,مطب دکتر نجمه باقرحسینی,clinic,35.780009,51.4493705,بیمارستان کودکان حضرت علی اصغر,hospital,35.767388599236256,51.42599559885438,CALM,0.0,,0.2685473999632306,0.7314526000367694,
facility_2578,facility_2279,0.4355337961629117,4.829681700024368,4.829681700024368,1.0,دکتر مسعودی متخصص پوست مو زیبایی لیزر,doctors,35.7307968,51.378516,بیمارستان سلامت فردا,hospital,35.74368823718312,51.327500297168406,CALM,0.0,,0.4755337961629117,0.5244662038370883,
facility_2578,facility_228,0.4116462525260281,4.564790127021302,4.564790127021302,1.0,مجتمع پرشکی حضرت زهرا(ع),clinic,35.7598027,51.2810414,بیمارستان سلامت فردا,hospital,35.74368823718312,51.327500297168406,CALM,0.0,,0.4516462525260281,0.5483537474739719,
facility_2442,facility_2281,0.351460984650279,3.897389136715965,3.897389136715965,1.0,مطب دکتر مهرناز چاوشی حسینی,doctors,35.7711645,51.3831282,بیمارستان کودکان حضرت علی اصغر,hospital,35.767388599236256,51.42599559885438,CALM,0.0,,0.39146098465027895,0.608539015349721,
facility_2442,facility_2286,0.2836138361076581,3.145024717233437,3.145024717233437,1.0,مطب دکتر پرویز چگینی,doctors,35.742072,51.4103264,بیمارستان کودکان حضرت علی اصغر,hospital,35.767388599236256,51.42599559885438,CALM,0.0,,0.3236138361076581,0.6763861638923419,
facility_2442,facility_2288,0.5332089156900766,5.912811738345405,5.912811738345405,1.0,دکتر حاتمی کلینیک تخصصی آرمان الهیه,doctors,35.794933,51.4820096,بیمارستان کودکان حضرت علی اصغر,hospital,35.767388599236256,51.42599559885438,CALM,0.0,,0.5732089156900766,0.4267910843099234,
facility_2442,facility_2289,0.5528458689289476,6.1305680514893215,6.1305680514893215,1.0,کلینیک ارتوپدی بهین,doctors,35.801418,51.4794511,بیمارستان کودکان حضرت علی اصغر,hospital,35.767388599236256,51.42599559885438,CALM,0.0,,0.5928458689289476,0.40715413107105236,
facility_2442,facility_2290,0.33149102153313725,3.675940040763503,3.675940040763503,1.0,متخصص زنان و زایمان دکتر مریم نادری فر,doctors,35.7808045,51.4631841,بیمارستان کودکان حضرت علی اصغر,hospital,35.767388599236256,51.42599559885438,CALM,0.0,,0.37149102153313723,0.6285089784668627,
facility_2442,facility_2291,0.2059439767081997,2.2837351872592446,2.2837351872592446,1.0,مطب دکتر سادات,doctors,35.7630631,51.4506956,بیمارستان کودکان حضرت علی اصغر,hospital,35.767388599236256,51.42599559885438,CALM,0.0,,0.2459439767081997,0.7540560232918003,
facility_1846,facility_2292,0.012367003793642197,0.13713905196910162,0.13713905196910162,1.0,ازمایشگاه تخصصی پاتوبیولوژی رها,laboratory,35.7404676,51.5326425,Turan Hearing Aid Center,hospital,35.7417034,51.5326919,CALM,0.0,,0.052367003793642196,0.9476329962063578,
facility_2578,facility_2294,0.4501095882065272,4.99131424545852,4.99131424545852,1.0,دکتر زهره کریمی متخصص زنان فلوشیپ پریناتولوژی,doctors,35.7135902,51.3685318,بیمارستان سلامت فردا,hospital,35.74368823718312,51.327500297168406,CALM,0.0,,0.49010958820652717,0.5098904117934728,
facility_2442,facility_2295,0.13762082413939644,1.5260923072883568,1.5260923072883568,1.0,فوق تخصص بیماری های ریوی و اسم ‌آلرژی دکتر زحمتکش,doctors,35.7664634,51.4428401,بیمارستان کودکان حضرت علی اصغر,hospital,35.767388599236256,51.42599559885438,CALM,0.0,,0.17762082413939645,0.8223791758606036,
facility_2442,facility_2296,0.3536806515173477,3.9220032643507867,3.9220032643507867,1.0,مطب روانشناسی دکتر مریم باباخانی,doctors,35.7338578,51.4397718,بیمارستان کودکان حضرت علی اصغر,hospital,35.767388599236256,51.42599559885438,CALM,0.0,,0.39368065151734766,0.6063193484826523,
facility_2442,facility_230,0.2908370230561652,3.2251234239891593,3.2251234239891593,1.0,مطب دکتر رضوانی,doctors,35.7413788,51.4100457,بیمارستان کودکان حضرت علی اصغر,hospital,35.767388599236256,51.42599559885438,CALM,0.0,,0.3308370230561652,0.6691629769438348,
facility_2578,facility_2300,0.33926909769754726,3.7621919744678514,3.7621919744678514,1.0,کلینیک پرسیس,doctors,35.7677056,51.3568871,بیمارستان سلامت فردا,hospital,35.74368823718312,51.327500297168406,CALM,0.0,,0.37926909769754724,0.6207309023024528,
facility_2442,facility_2301,0.4391311499072585,4.869573147486432,4.869573147486432,1.0,مطب دکتر وازریک تروسیان,doctors,35.7241563,51.4166049,بیمارستان کودکان حضرت علی اصغر,hospital,35.767388599236256,51.42599559885438,CALM,0.0,,0.47913114990725847,0.5208688500927415,
facility_2442,facility_2303,0.47635297220767187,5.28232998883755,5.28232998883755,1.0,مطب لیزر پوست و مو هفت تیر,clinic,35.7197645,51.4254264,بیمارستان کودکان حضرت علی اصغر,hospital,35.767388599236256,51.42599559885438,CALM,0.0,,0.5163529722076718,0.48364702779232815,
facility_2442,facility_2305,0.2781505643623969,3.084441901840441,3.084441901840441,1.0,دکتر آمنه لاهوتی . فلوشیپ ناباروری و آی وی اف,doctors,35.7478481,51.4017191,بیمارستان کودکان حضرت علی اصغر,hospital,35.767388599236256,51.42599559885438,CALM,0.0,,0.31815056436239686,0.6818494356376031,
facility_2578,facility_2307,0.31491634017577314,3.492141594028376,3.492141594028376,1.0,مطب دکتر ملیحه عرب,doctors,35.7581469,51.361812,بیمارستان سلامت فردا,hospital,35.74368823718312,51.327500297168406,CALM,0.0,,0.3549163401757731,0.6450836598242269,
facility_2578,facility_2309,0.41380426567601325,4.588720569872623,4.588720569872623,1.0,دکتر سعید شیرنگی,doctors,35.7728542,51.3635009,بیمارستان سلامت فردا,hospital,35.74368823718312,51.327500297168406,CALM,0.0,,0.45380426567601323,0.5461957343239867,
facility_2442,facility_2310,0.4518697889678238,5.010833303405572,5.010833303405572,1.0,مطب عروق و واریس دکتر احمد صادقپور,doctors,35.7236389,51.4121685,بیمارستان کودکان حضرت علی اصغر,hospital,35.767388599236256,51.42599559885438,CALM,0.0,,0.4918697889678238,0.5081302110321761,
facility_2442,facility_2313,0.41653212488164626,4.618970097697464,4.618970097697464,1.0,کلینیک صدیق,hospital,35.770173,51.3750103,بیمارستان کودکان حضرت علی اصغر,hospital,35.767388599236256,51.42599559885438,CALM,0.0,,0.45653212488164624,0.5434678751183537,
facility_2442,facility_2314,0.3540432911139205,3.9260246143325848,3.9260246143325848,1.0,متخصص پوست دکتر سیامک داودی,doctors,35.7323814,51.4324273,بیمارستان کودکان حضرت علی اصغر,hospital,35.767388599236256,51.42599559885438,CALM,0.0,,0.3940432911139205,0.6059567088860796,
facility_2442,facility_2315,0.4408190402893854,4.8882903477634825,4.8882903477634825,1.0,فیزیوتراپی بیمارستان توس,clinic,35.7243269,51.414477,بیمارستان کودکان حضرت علی اصغر,hospital,35.767388599236256,51.42599559885438,CALM,0.0,,0.4808190402893854,0.5191809597106146,
facility_2442,facility_2318,0.5479420783561411,6.076189383751268,6.076189383751268,1.0,سونوگرافی و رادیولوژی نیاوران,clinic,35.811789,51.4653822,بیمارستان کودکان حضرت علی اصغر,hospital,35.767388599236256,51.42599559885438,CALM,0.0,,0.5879420783561411,0.4120579216438589,
facility_2442,facility_2319,0.16643891330658347,1.8456592366670646,1.8456592366670646,1.0,مطب دکتر فراهینی متخصص ارتوپدی، فلوشیپ جراحی زانو,doctors,35.7566552,51.4103936,بیمارستان کودکان حضرت علی اصغر,hospital,35.767388599236256,51.42599559885438,CALM,0.0,,0.20643891330658348,0.7935610866934165,
facility_2578,facility_2320,0.2560913850730616,2.8398252602161294,2.8398252602161294,1.0,فیزیوتراپی شفاگستر,doctors,35.7585383,51.353088,بیمارستان سلامت فردا,hospital,35.74368823718312,51.327500297168406,CALM,0.0,,0.2960913850730616,0.7039086149269385,
facility_2442,facility_2322,0.4568666525338203,5.066244067701771,5.066244067701771,1.0,هیرمن اسپا,doctors,35.7824874,51.3730942,بیمارستان کودکان حضرت علی اصغر,hospital,35.767388599236256,51.42599559885438,CALM,0.0,,0.4968666525338203,0.5031333474661797,
facility_2442,facility_2323,0.3812561017057979,4.227790434757363,4.227790434757363,1.0,کلینیک اندومتریوز,clinic,35.799899,51.4504197,بیمارستان کودکان حضرت علی اصغر,hospital,35.767388599236256,51.42599559885438,CALM,0.0,,0.42125610170579786,0.5787438982942021,
facility_2442,facility_2324,0.3202855081693903,3.551680882670467,3.551680882670467,1.0,مطب پوست و مو و زیبایی دکتر سیمین ایرانپور,doctors,35.7538874,51.461621,بیمارستان کودکان حضرت علی اصغر,hospital,35.767388599236256,51.42599559885438,CALM,0.0,,0.36028550816939026,0.6397144918306097,
facility_2578,facility_2325,0.3291671153964421,3.650169992515002,3.650169992515002,1.0,کلینیک مهرافرا,clinic,35.7676291,51.3552043,بیمارستان سلامت فردا,hospital,35.74368823718312,51.327500297168406,CALM,0.0,,0.3691671153964421,0.6308328846035579,
facility_2442,facility_2327,0.16282589896615518,1.8055941271494438,1.8055941271494438,1.0,مطب دكتر آرزو آستركی,doctors,35.7637468,51.4454638,بیمارستان کودکان حضرت علی اصغر,hospital,35.767388599236256,51.42599559885438,CALM,0.0,,0.2028258989661552,0.7971741010338448,
facility_2442,facility_2328,0.4128464231183807,4.578098949431549,4.578098949431549,1.0,کلینیک سوان,clinic,35.8019458,51.4536991,بیمارستان کودکان حضرت علی اصغر,hospital,35.767388599236256,51.42599559885438,CALM,0.0,,0.4528464231183807,0.5471535768816194,
facility_2442,facility_2330,0.16231416537794835,1.7999194576564572,1.7999194576564572,1.0,دفتر مشاوره و روانشناسی ماه تاب,clinic,35.7637092,51.4453887,بیمارستان کودکان حضرت علی اصغر,hospital,35.767388599236256,51.42599559885438,CALM,0.0,,0.20231416537794836,0.7976858346220517,
facility_2442,facility_2331,0.24652719285801497,2.7337668910987802,2.7337668910987802,1.0,پارس کلینیک,doctors,35.745702,51.4116245,بیمارستان کودکان حضرت علی اصغر,hospital,35.767388599236256,51.42599559885438,CALM,0.0,,0.286527192858015,0.713472807141985,
facility_2578,facility_2332,0.6208447564144588,6.8846151206355835,6.8846151206355835,1.0,آزمایشگاه آنلاین نمونت,laboratory,35.6952184,51.3750528,بیمارستان سلامت فردا,hospital,35.74368823718312,51.327500297168406,CALM,0.0,,0.6608447564144588,0.33915524358554117,
facility_2442,facility_2333,0.4080375822076711,4.524773188837542,4.524773188837542,1.0,کلینیک سرنا شعبه زعفرانیه,doctors,35.8078176,51.4192964,بیمارستان کودکان حضرت علی اصغر,hospital,35.767388599236256,51.42599559885438,CALM,0.0,,0.4480375822076711,0.5519624177923289,
facility_2442,facility_2337,0.4351108646911753,4.82499176687244,4.82499176687244,1.0,مطب دکتر کمال کوچک زاده,doctors,35.7239442,51.4232288,بیمارستان کودکان حضرت علی اصغر,hospital,35.767388599236256,51.42599559885438,CALM,0.0,,0.4751108646911753,0.5248891353088248,
facility_2578,facility_234,0.4576941654230315,5.075420448255399,5.075420448255399,1.0,کلینیک ترک اعتیاد فانوس,clinic,35.7831609,51.3559053,بیمارستان سلامت فردا,hospital,35.74368823718312,51.327500297168406,CALM,0.0,,0.49769416542303146,0.5023058345769685,
facility_2442,facility_2341,0.19480520617065336,2.1602161476349684,2.1602161476349684,1.0,رادیولوژی و سونوگرافی دولت,doctors,35.7793088,51.4448965,بیمارستان کودکان حضرت علی اصغر,hospital,35.767388599236256,51.42599559885438,CALM,0.0,,0.23480520617065337,0.7651947938293466,
facility_2442,facility_2342,0.4503988031071109,4.994521380989745,4.994521380989745,1.0,مطب دکتر کتایون قویمی متخصص زنان وزیبایی,doctors,35.7817152,51.3736084,بیمارستان کودکان حضرت علی اصغر,hospital,35.767388599236256,51.42599559885438,CALM,0.0,,0.49039880310711087,0.5096011968928891,
facility_2578,facility_2343,0.41816000749486637,4.637021865289608,4.637021865289608,1.0,سونوگرافی ماموگرافی و تراکم استخوان دریا,clinic,35.7709947,51.3663409,بیمارستان سلامت فردا,hospital,35.74368823718312,51.327500297168406,CALM,0.0,,0.45816000749486635,0.5418399925051336,
facility_2578,facility_2344,0.3159851014640813,3.5039932043541695,3.5039932043541695,1.0,کلینیک قلب دکتر آرسیس احمدیه,clinic,35.758237,51.3619024,بیمارستان سلامت فردا,hospital,35.74368823718312,51.327500297168406,CALM,0.0,,0.3559851014640813,0.6440148985359186,
facility_2442,facility_2345,0.28272464357467275,3.135164364392411,3.135164364392411,1.0,مطب دکتر سید فرامرز مدنی,doctors,35.783891,51.4541579,بیمارستان کودکان حضرت علی اصغر,hospital,35.767388599236256,51.42599559885438,CALM,0.0,,0.32272464357467273,0.6772753564253273,
facility_2442,facility_2346,0.2267104063817123,2.5140163875991863,2.5140163875991863,1.0,دکترحسین صالحی فوق تخصص اعصاب روان کودک نوجوان,doctors,35.7797703,51.4492933,بیمارستان کودکان حضرت علی اصغر,hospital,35.767388599236256,51.42599559885438,CALM,0.0,,0.2667104063817123,0.7332895936182877,
facility_2578,facility_2348,0.34567823428574757,3.8332635881191814,3.8332635881191814,1.0,آتیناطب,doctors,35.7516953,51.2862573,بیمارستان سلامت فردا,hospital,35.74368823718312,51.327500297168406,CALM,0.0,,0.38567823428574755,0.6143217657142525,
facility_2442,facility_2349,0.08780227406133725,0.9736489796900766,0.9736489796900766,1.0,وانیا مطب دکتر ایین فرد,doctors,35.7620493,51.417446,بیمارستان کودکان حضرت علی اصغر,hospital,35.767388599236256,51.42599559885438,CALM,0.0,,0.12780227406133726,0.8721977259386627,
facility_2442,facility_235,0.3467764617356083,3.845441951919617,3.845441951919617,1.0,دکترفریده صمدی,doctors,35.7341851,51.4137519,بیمارستان کودکان حضرت علی اصغر,hospital,35.767388599236256,51.42599559885438,CALM,0.0,,0.38677646173560826,0.6132235382643918,
facility_2442,facility_2351,0.44082993942287624,4.888411209441797,4.888411209441797,1.0,کلینیک پوست مو دکتر هدیه دهقانپور,doctors,35.7828767,51.3753602,بیمارستان کودکان حضرت علی اصغر,hospital,35.767388599236256,51.42599559885438,CALM,0.0,,0.4808299394228762,0.5191700605771238,
facility_1846,facility_2352,0.04128798464142765,0.45784695839998985,0.45784695839998985,1.0,کلینیک زیبایی آفتاب,clinic,35.7440294,51.5285088,Turan Hearing Aid Center,hospital,35.7417034,51.5326919,CALM,0.0,,0.08128798464142764,0.9187120153585724,
facility_2442,facility_2356,0.3453595467504252,3.8297296273314485,3.8297296273314485,1.0,کلینیک زیبایی دکتر ریحانه احمدخانی,doctors,35.8013346,51.4182397,بیمارستان کودکان حضرت علی اصغر,hospital,35.767388599236256,51.42599559885438,CALM,0.0,,0.38535954675042516,0.6146404532495748,
facility_2442,facility_2357,0.43315082826562096,4.803256709480154,4.803256709480154,1.0,مشاوره روانشناسی مانداکلینیک,clinic,35.7242235,51.4216995,بیمارستان کودکان حضرت علی اصغر,hospital,35.767388599236256,51.42599559885438,CALM,0.0,,0.47315082826562094,0.5268491717343791,
facility_2513,facility_2359,0.4324201608955329,4.795154259435614,4.795154259435614,1.0,کلینیک قلب دکتر احسان سخاوتی مقدم,clinic,35.6571212,51.3689619,درمانگاه شبانه‌روزی یاس,hospital,35.63380147765345,51.413563736577125,CALM,0.0,,0.4724201608955329,0.527579839104467,
facility_2513,facility_236,0.6232872871154375,6.911700609596931,6.911700609596931,1.0,درمانگاه فرهنگیان زینب بختیاری,clinic,35.6511228,51.4868987,درمانگاه شبانه‌روزی یاس,hospital,35.63380147765345,51.413563736577125,CALM,0.0,,0.6632872871154375,0.3367127128845625,
facility_2442,facility_2361,0.13625023997525604,1.5108937502206614,1.5108937502206614,1.0,آزمایشگاه پاتوبیولوژی ستاره ونک,doctors,35.7586794,51.4131438,بیمارستان کودکان حضرت علی اصغر,hospital,35.767388599236256,51.42599559885438,CALM,0.0,,0.17625023997525605,0.823749760024744,
facility_2578,facility_2362,0.4885445719160572,5.4175239658018235,5.4175239658018235,1.0,کلینیک روان شناسی ابران دکتر متین چهارراهی,doctors,35.7813537,51.3656572,بیمارستان سلامت فردا,hospital,35.74368823718312,51.327500297168406,CALM,0.0,,0.5285445719160572,0.4714554280839428,
facility_2442,facility_2363,0.5969018154014141,6.61910924009489,6.61910924009489,1.0,مرکز تصویربرداری پزشکی بیمارستان ساسان,doctors,35.7108729,51.4024799,بیمارستان کودکان حضرت علی اصغر,hospital,35.767388599236256,51.42599559885438,CALM,0.0,,0.6369018154014141,0.3630981845985859,
facility_2442,facility_2364,0.05187529870991706,0.5752508371792784,0.5752508371792784,1.0,مطب جراحی پلاستیک دکتر محمدرضا فره وش,doctors,35.7686576,51.4198251,بیمارستان کودکان حضرت علی اصغر,hospital,35.767388599236256,51.42599559885438,CALM,0.0,,0.09187529870991706,0.9081247012900829,
facility_2578,facility_2365,0.3616702209905399,4.0106004703901466,4.0106004703901466,1.0,unnamed,hospital,35.77879748769659,51.3168809606812,بیمارستان سلامت فردا,hospital,35.74368823718312,51.327500297168406,CALM,0.0,,0.4016702209905399,0.5983297790094602,
facility_2513,facility_2367,0.5078183873675024,5.631253404471315,5.631253404471315,1.0,بیمارستان لقمان حکیم,hospital,35.6800987467563,51.38802381669221,درمانگاه شبانه‌روزی یاس,hospital,35.63380147765345,51.413563736577125,CALM,0.0,,0.5478183873675024,0.45218161263249756,
facility_2442,facility_2368,0.5945361808884873,6.592876461337681,6.592876461337681,1.0,بیمارستان فیروزگر,hospital,35.70940659260182,51.40993278052033,بیمارستان کودکان حضرت علی اصغر,hospital,35.767388599236256,51.42599559885438,CALM,0.0,,0.6345361808884873,0.3654638191115127,
facility_2513,facility_2369,0.6049650464124073,6.708523286949469,6.708523286949469,1.0,بیمارستان نجمیه,hospital,35.694248209008045,51.41089261654355,درمانگاه شبانه‌روزی یاس,hospital,35.63380147765345,51.413563736577125,CALM,0.0,,0.6449650464124074,0.3550349535875926,
facility_1846,facility_237,0.309155777451142,3.4282620865869213,3.4282620865869213,1.0,درمانگاه شبانه روزی فرجام,clinic,35.7397622,51.4948536,Turan Hearing Aid Center,hospital,35.7417034,51.5326919,CALM,0.0,,0.34915577745114196,0.650844222548858,
facility_2578,facility_2370,0.09083559659818917,1.007285823663088,1.007285823663088,1.0,بیمارستان پیامبران,hospital,35.7346140316582,51.32795962754648,بیمارستان سلامت فردا,hospital,35.74368823718312,51.327500297168406,CALM,0.0,,0.13083559659818916,0.8691644034018109,
facility_2442,facility_2371,0.4254618609760906,4.717992913794273,4.717992913794273,1.0,بیمارستان میلاد,hospital,35.745475549849495,51.381265706837816,بیمارستان کودکان حضرت علی اصغر,hospital,35.767388599236256,51.42599559885438,CALM,0.0,,0.4654618609760906,0.5345381390239095,
facility_2442,facility_2372,0.37889376030864147,4.201594173719589,4.201594173719589,1.0,بیمارستان فوق تخصصی گلستان نداجا,hospital,35.77247553641362,51.47205729222173,بیمارستان کودکان حضرت علی اصغر,hospital,35.767388599236256,51.42599559885438,CALM,0.0,,0.41889376030864145,0.5811062396913586,
facility_2578,facility_2374,0.6767487756259718,7.5045408782286,7.5045408782286,1.0,پلی‌کلینیک ۱۶ آذر,clinic,35.7023761935295,51.39321449727668,بیمارستان سلامت فردا,hospital,35.74368823718312,51.327500297168406,CALM,0.0,,0.7167487756259718,0.28325122437402817,
facility_2578,facility_2375,0.28279655611749216,3.1359618104117946,3.1359618104117946,1.0,بیمارستان لاله,hospital,35.75254658921903,51.360438415151485,بیمارستان سلامت فردا,hospital,35.74368823718312,51.327500297168406,CALM,0.0,,0.32279655611749214,0.6772034438825079,
facility_2442,facility_2376,0.15025754115457504,1.6662222385457828,1.6662222385457828,1.0,بیمارستان خاتم الانبیاء,hospital,35.76994451747533,51.40783098675363,بیمارستان کودکان حضرت علی اصغر,hospital,35.767388599236256,51.42599559885438,CALM,0.0,,0.19025754115457505,0.809742458845425,
facility_2442,facility_2377,0.13341373097452475,1.479439392984829,1.479439392984829,1.0,بیمارستان ولیعصر(عج)فراجا,hospital,35.76800529028534,51.409646315389224,بیمارستان کودکان حضرت علی اصغر,hospital,35.767388599236256,51.42599559885438,CALM,0.0,,0.17341373097452475,0.8265862690254753,
facility_2578,facility_2378,0.44869838810552704,4.975665293843469,4.975665293843469,1.0,unnamed,hospital,35.77615633705908,51.365481840157955,بیمارستان سلامت فردا,hospital,35.74368823718312,51.327500297168406,CALM,0.0,,0.488698388105527,0.511301611894473,
facility_1846,facility_2379,0.7338777445157075,8.138050236213788,8.138050236213788,1.0,بیمارستان فوق تخصصی محک,hospital,35.811401641099124,51.504554595970696,Turan Hearing Aid Center,hospital,35.7417034,51.5326919,CALM,0.0,,0.7738777445157076,0.22612225548429243,
facility_2513,facility_2380,0.595000957746799,6.598030422538762,6.598030422538762,1.0,بیمارستان بانک ملی ایران,hospital,35.693192171434546,51.41776927739244,درمانگاه شبانه‌روزی یاس,hospital,35.63380147765345,51.413563736577125,CALM,0.0,,0.635000957746799,0.364999042253201,
facility_2578,facility_2381,0.5640752730249142,6.255092136513901,6.255092136513901,1.0,مجتمع بیمارستانی امام خمینی,hospital,35.70806365164816,51.38111814750734,بیمارستان سلامت فردا,hospital,35.74368823718312,51.327500297168406,CALM,0.0,,0.6040752730249143,0.39592472697508574,
facility_2442,facility_2382,0.567112156525737,6.288768468404213,6.288768468404213,1.0,بیمارستان شهید چمران,hospital,35.793769653631266,51.487587766500624,بیمارستان کودکان حضرت علی اصغر,hospital,35.767388599236256,51.42599559885438,CALM,0.0,,0.607112156525737,0.392887843474263,
facility_2513,facility_2383,0.4337538241479889,4.809943396492551,4.809943396492551,1.0,بیمارستان فیروزآبادی,hospital,35.5946473534632,51.4364007057721,درمانگاه شبانه‌روزی یاس,hospital,35.63380147765345,51.413563736577125,CALM,0.0,,0.4737538241479889,0.5262461758520112,
facility_2442,facility_2384,0.48361052673155325,5.362809801379601,5.362809801379601,1.0,بیمارستان شهید مدرس,hospital,35.78768534172641,51.37214117600367,بیمارستان کودکان حضرت علی اصغر,hospital,35.767388599236256,51.42599559885438,CALM,0.0,,0.5236105267315533,0.4763894732684467,
facility_2442,facility_2385,0.37073138812436063,4.111080739596871,4.111080739596871,1.0,بیمارستان بهمن,hospital,35.76563893333334,51.380566733333325,بیمارستان کودکان حضرت علی اصغر,hospital,35.767388599236256,51.42599559885438,CALM,0.0,,0.4107313881243606,0.5892686118756394,
facility_2442,facility_2386,0.39086258011556135,4.334317720093354,4.334317720093354,1.0,بیمارستان پارسیان,hospital,35.78406081396584,51.38262413940386,بیمارستان کودکان حضرت علی اصغر,hospital,35.767388599236256,51.42599559885438,CALM,0.0,,0.43086258011556133,0.5691374198844387,
facility_2442,facility_2388,0.23617648587381207,2.6189867740462334,2.6189867740462334,1.0,کلینیک زیبایی پریس,clinic,35.78176245735173,51.44898450314894,بیمارستان کودکان حضرت علی اصغر,hospital,35.767388599236256,51.42599559885438,CALM,0.0,,0.27617648587381205,0.723823514126188,
facility_2442,facility_2389,0.13077998988140907,1.45023355116018,1.45023355116018,1.0,کلینیک جامع اعصاب و روان آتیه,clinic,35.761089603590875,51.411936899745285,بیمارستان کودکان حضرت علی اصغر,hospital,35.767388599236256,51.42599559885438,CALM,0.0,,0.17077998988140908,0.8292200101185909,
facility_1846,facility_239,0.15296185401473586,1.6962106583812298,1.6962106583812298,1.0,درمانگاه شفا,clinic,35.7339323,51.5165364,Turan Hearing Aid Center,hospital,35.7417034,51.5326919,CALM,0.0,,0.19296185401473587,0.8070381459852641,
facility_2578,facility_2392,0.35218084216281925,3.9053717150728477,3.9053717150728477,1.0,بیمارستان آتیه,hospital,35.76533379380745,51.361571935217846,بیمارستان سلامت فردا,hospital,35.74368823718312,51.327500297168406,CALM,0.0,,0.39218084216281923,0.6078191578371808,
facility_2513,facility_240,0.08878420223144541,0.984537688111078,0.984537688111078,1.0,درمانگاه شبانه روزی اتکا,clinic,35.6250867,51.411495,درمانگاه شبانه‌روزی یاس,hospital,35.63380147765345,51.413563736577125,CALM,0.0,,0.1287842022314454,0.8712157977685546,
facility_2513,facility_2400,0.3808110768815718,4.22285550601347,4.22285550601347,1.0,بیمارستان رازی تخصصی پوست,hospital,35.67167816659596,51.40881368082343,درمانگاه شبانه‌روزی یاس,hospital,35.63380147765345,51.413563736577125,CALM,0.0,,0.42081107688157177,0.5791889231184282,
facility_2442,facility_2401,0.3606200384920832,3.998954882288448,3.998954882288448,1.0,پژوهشگاه رویان /سلول‌های بنیادی و درمان ناباروری,clinic,35.75562119856446,51.46780948236336,بیمارستان کودکان حضرت علی اصغر,hospital,35.767388599236256,51.42599559885438,CALM,0.0,,0.40062003849208316,0.5993799615079168,
facility_2578,facility_2402,0.5229292875439838,5.7988198222699205,5.7988198222699205,1.0,بیمارستان امام رضا / ۵۰۱ ارتش,hospital,35.71717123256889,51.382763118507214,بیمارستان سلامت فردا,hospital,35.74368823718312,51.327500297168406,CALM,0.0,,0.5629292875439839,0.43707071245601614,
facility_2442,facility_2404,0.19323118115463783,2.142761612803905,2.142761612803905,1.0,بیمارستان هدایت,hospital,35.771405001643274,51.44918313085175,بیمارستان کودکان حضرت علی اصغر,hospital,35.767388599236256,51.42599559885438,CALM,0.0,,0.23323118115463784,0.7667688188453622,
facility_2513,facility_2405,0.3816068193237475,4.231679580619775,4.231679580619775,1.0,درمانگاه تخصصی شهید سلیمانی,clinic,35.6012954945779,51.43803007649925,درمانگاه شبانه‌روزی یاس,hospital,35.63380147765345,51.413563736577125,CALM,0.0,,0.4216068193237475,0.5783931806762526,
facility_2442,facility_2406,0.3135080440815412,3.4765248452606556,3.4765248452606556,1.0,بیمارستان رسالت,hospital,35.74227563237589,51.449007150883816,بیمارستان کودکان حضرت علی اصغر,hospital,35.767388599236256,51.42599559885438,CALM,0.0,,0.3535080440815412,0.6464919559184588,
facility_2658,facility_2407,0.3656434180846763,4.054659685691461,4.054659685691461,1.0,unnamed,clinic,35.73402471979589,51.18658470341949,مرکز توانبخشی امید فردا,hospital,35.74719294308631,51.14475321540338,CALM,0.0,,0.4056434180846763,0.5943565819153237,
facility_2442,facility_2408,0.3607578856606539,4.000483484553786,4.000483484553786,1.0,شرکت فناوری بن‌یاخته‌های رویان,clinic,35.7547937,51.46746285,بیمارستان کودکان حضرت علی اصغر,hospital,35.767388599236256,51.42599559885438,CALM,0.0,,0.4007578856606539,0.599242114339346,
facility_1846,facility_2409,0.2683796013936357,2.9760906293155647,2.9760906293155647,1.0,بیمارستان الغدیر,hospital,35.746290686478986,51.50026253988185,Turan Hearing Aid Center,hospital,35.7417034,51.5326919,CALM,0.0,,0.3083796013936357,0.6916203986063643,
facility_1846,facility_2410,0.1660976753445041,1.8418752117410357,1.8418752117410357,1.0,درمانگاه خیریه آل رسول,clinic,35.73853723813362,51.51269642168293,Turan Hearing Aid Center,hospital,35.7417034,51.5326919,CALM,0.0,,0.2060976753445041,0.7939023246554959,
facility_2442,facility_2412,0.39424554571759357,4.371831794096088,4.371831794096088,1.0,مرکز فوق تخصصی آموزشی،درمانی جراحی ترمیمی و پلاستیک حضرت فاطمه(س),hospital,35.730696649960635,51.40832868660717,بیمارستان کودکان حضرت علی اصغر,hospital,35.767388599236256,51.42599559885438,CALM,0.0,,0.43424554571759355,0.5657544542824064,
facility_2578,facility_2413,0.1919662238084043,2.1287343630238897,2.1287343630238897,1.0,unnamed,clinic,35.75602586666666,51.34553605607816,بیمارستان سلامت فردا,hospital,35.74368823718312,51.327500297168406,CALM,0.0,,0.23196622380840431,0.7680337761915956,
facility_2578,facility_2414,0.18529297582968587,2.054733989398497,2.054733989398497,1.0,درمانگاه قدس,clinic,35.75651603577076,51.343897118664366,بیمارستان سلامت فردا,hospital,35.74368823718312,51.327500297168406,CALM,0.0,,0.22529297582968588,0.7747070241703141,
facility_2442,facility_2415,0.6507398897122846,7.216125509680781,7.216125509680781,1.0,بیمارستان موقوفه نور افشار,hospital,35.81976963532377,51.47336099397057,بیمارستان کودکان حضرت علی اصغر,hospital,35.767388599236256,51.42599559885438,CALM,0.0,,0.6907398897122846,0.3092601102877154,
facility_2513,facility_2416,0.31504161989287044,3.4935308344555933,3.4935308344555933,1.0,بیمارستان بهارلو,hospital,35.660842748098005,51.39377315511017,درمانگاه شبانه‌روزی یاس,hospital,35.63380147765345,51.413563736577125,CALM,0.0,,0.3550416198928704,0.6449583801071296,
facility_2513,facility_2417,0.5844174754377202,6.4806690345568985,6.4806690345568985,1.0,مرکز پزشکی شهید شوریده,hospital,35.69094552900639,51.39861539101909,درمانگاه شبانه‌روزی یاس,hospital,35.63380147765345,51.413563736577125,CALM,0.0,,0.6244174754377202,0.3755825245622798,
facility_2442,facility_242,0.2936998341006002,3.2568694474522006,3.2568694474522006,1.0,دکتر علی بهتری متخصص مغز,doctors,35.7408926,51.4104665,بیمارستان کودکان حضرت علی اصغر,hospital,35.767388599236256,51.42599559885438,CALM,0.0,,0.33369983410060017,0.6663001658993999,
facility_2442,facility_2420,0.37722008533537205,4.183034609659572,4.183034609659572,1.0,بیمارستان آیت ا...طالقانی(ره),hospital,35.7995552883252,51.401830814935245,بیمارستان کودکان حضرت علی اصغر,hospital,35.767388599236256,51.42599559885438,CALM,0.0,,0.417220085335372,0.582779914664628,
facility_2442,facility_2422,0.13934480830409923,1.5452097554513977,1.5452097554513977,1.0,بیمارستان هاشمی نژاد,hospital,35.76097772648726,51.41081925332956,بیمارستان کودکان حضرت علی اصغر,hospital,35.767388599236256,51.42599559885438,CALM,0.0,,0.17934480830409924,0.8206551916959007,
facility_2442,facility_2424,0.6282573415188332,6.96681408416924,6.96681408416924,1.0,بیمارستان مصطفی خمینی,hospital,35.707968635997354,51.401012887404235,بیمارستان کودکان حضرت علی اصغر,hospital,35.767388599236256,51.42599559885438,CALM,0.0,,0.6682573415188332,0.3317426584811668,
facility_2442,facility_2425,0.6316934931509259,7.0049179438518525,7.0049179438518525,1.0,بیمارستان آریا,hospital,35.70859468199018,51.397700970272226,بیمارستان کودکان حضرت علی اصغر,hospital,35.767388599236256,51.42599559885438,CALM,0.0,,0.671693493150926,0.32830650684907403,
facility_2442,facility_2426,0.14272172567831432,1.582656759997149,1.582656759997149,1.0,بیمارستان قلب شهید رجایی,hospital,35.7744647050968,51.41079074422836,بیمارستان کودکان حضرت علی اصغر,hospital,35.767388599236256,51.42599559885438,CALM,0.0,,0.18272172567831432,0.8172782743216856,
facility_2513,facility_2427,0.42998381463671675,4.768137350426959,4.768137350426959,1.0,بیمارستان کودکان شهید محمدحسین فهمیده,hospital,35.66855680154027,51.38256121738889,درمانگاه شبانه‌روزی یاس,hospital,35.63380147765345,51.413563736577125,CALM,0.0,,0.46998381463671673,0.5300161853632832,
facility_2513,facility_2429,0.33561342212458983,3.7216537898964424,3.7216537898964424,1.0,بیمارستان پارسا,hospital,35.66508127495397,51.39868138201043,درمانگاه شبانه‌روزی یاس,hospital,35.63380147765345,51.413563736577125,CALM,0.0,,0.3756134221245898,0.6243865778754102,
facility_2513,facility_2430,0.1820725819894974,2.0190226913686846,2.0190226913686846,1.0,بیمارستان امیرالمؤمنین,hospital,35.64252827451385,51.39399311378828,درمانگاه شبانه‌روزی یاس,hospital,35.63380147765345,51.413563736577125,CALM,0.0,,0.22207258198949742,0.7779274180105026,
facility_2513,facility_2431,0.13599291814997838,1.5080402804750082,1.5080402804750082,1.0,بیمارستان مفرح,hospital,35.633758795170195,51.39690848401241,درمانگاه شبانه‌روزی یاس,hospital,35.63380147765345,51.413563736577125,CALM,0.0,,0.1759929181499784,0.8240070818500216,
facility_2578,facility_2432,0.5284795346664465,5.860367117093269,5.860367117093269,1.0,بیمارستان دکتر شریعتی,hospital,35.721264909552374,51.38617942264705,بیمارستان سلامت فردا,hospital,35.74368823718312,51.327500297168406,CALM,0.0,,0.5684795346664465,0.4315204653335535,
facility_2578,facility_2433,0.4242520219273746,4.704576876818412,4.704576876818412,1.0,بیمارستان رسول اکرم,hospital,35.71942322526295,51.37017024617875,بیمارستان سلامت فردا,hospital,35.74368823718312,51.327500297168406,CALM,0.0,,0.4642520219273746,0.5357479780726254,
facility_2442,facility_2438,0.29953466040055104,3.3215724717684876,3.3215724717684876,1.0,بیمارستان شهید لبافی نژاد,hospital,35.76747170241719,51.46274123706512,بیمارستان کودکان حضرت علی اصغر,hospital,35.767388599236256,51.42599559885438,CALM,0.0,,0.339534660400551,0.660465339599449,
facility_2513,facility_2439,0.4371452274135474,4.847551036665081,4.847551036665081,1.0,بیمارستان سیدالشهدا,hospital,35.67744096188939,51.416539176695295,درمانگاه شبانه‌روزی یاس,hospital,35.63380147765345,51.413563736577125,CALM,0.0,,0.47714522741354737,0.5228547725864526,
facility_2442,facility_244,0.32214049672600964,3.5722510528032756,3.5722510528032756,1.0,سلامت مادران,clinic,35.7806149,51.4620316,بیمارستان کودکان حضرت علی اصغر,hospital,35.767388599236256,51.42599559885438,CALM,0.0,,0.3621404967260096,0.6378595032739904,
facility_2513,facility_2440,0.5038328848622693,5.587057733126156,5.587057733126156,1.0,بیمارستان و درمانگاه فوق تخصصی مرکز درمانی ضیائیان,hospital,35.6574963632079,51.3591024836112,درمانگاه شبانه‌روزی یاس,hospital,35.63380147765345,51.413563736577125,CALM,0.0,,0.5438328848622693,0.45616711513773067,
facility_2442,facility_2441,0.2304289396347954,2.555251607831395,2.555251607831395,1.0,کلینیک فوق تخصصی چشم نگاه,clinic,35.75240279999999,51.447464200000006,بیمارستان کودکان حضرت علی اصغر,hospital,35.767388599236256,51.42599559885438,CALM,0.0,,0.2704289396347954,0.7295710603652046,
facility_2442,facility_2442,0.0,0.0,0.0,1.0,بیمارستان کودکان حضرت علی اصغر,hospital,35.767388599236256,51.42599559885438,بیمارستان کودکان حضرت علی اصغر,hospital,35.767388599236256,51.42599559885438,CALM,0.0,,0.04,0.96,
facility_2442,facility_2443,0.1150188510665881,1.2754565662829573,1.2754565662829573,1.0,بیمارستان چشم پزشکی نور,hospital,35.771254291470136,51.41270629673146,بیمارستان کودکان حضرت علی اصغر,hospital,35.767388599236256,51.42599559885438,CALM,0.0,,0.1550188510665881,0.8449811489334119,
facility_2442,facility_2446,0.5572324764429998,6.179211619961979,6.179211619961979,1.0,بیمارستان ۱۵ خرداد,hospital,35.7126642473036,51.41317996397649,بیمارستان کودکان حضرت علی اصغر,hospital,35.767388599236256,51.42599559885438,CALM,0.0,,0.5972324764429998,0.4027675235570002,
facility_2513,facility_2447,0.44528381252252325,4.937800693319071,4.937800693319071,1.0,کلینیک شهید احمدی,clinic,35.64313365336125,51.360237237597566,درمانگاه شبانه‌روزی یاس,hospital,35.63380147765345,51.413563736577125,CALM,0.0,,0.48528381252252323,0.5147161874774768,
facility_2578,facility_2449,0.3306981238780503,3.6671475123110535,3.6671475123110535,1.0,ساختمان پزشکان شهران,clinic,35.751616150000004,51.28812429999999,بیمارستان سلامت فردا,hospital,35.74368823718312,51.327500297168406,CALM,0.0,,0.3706981238780503,0.6293018761219498,
facility_2513,facility_245,0.6637641128464925,7.36055253849576,7.36055253849576,1.0,مطب حکیم دکتر حسین روازاده,doctors,35.696531,51.3870168,درمانگاه شبانه‌روزی یاس,hospital,35.63380147765345,51.413563736577125,CALM,0.0,,0.7037641128464925,0.29623588715350746,
facility_2513,facility_2451,0.3667155738283677,4.066548937502692,4.066548937502692,1.0,بیمارستان خیریه حضرت صدیقه زهرا,hospital,35.62361591768826,51.45670554364307,درمانگاه شبانه‌روزی یاس,hospital,35.63380147765345,51.413563736577125,CALM,0.0,,0.4067155738283677,0.5932844261716324,
facility_2513,facility_2452,0.41670648844173114,4.6209036342053365,4.6209036342053365,1.0,بیمارستان شهدای هفتم تیر,hospital,35.59235505574908,51.4187684691661,درمانگاه شبانه‌روزی یاس,hospital,35.63380147765345,51.413563736577125,CALM,0.0,,0.4567064884417311,0.5432935115582689,
facility_2442,facility_2453,0.6006460410047744,6.660629365597499,6.660629365597499,1.0,بیمارستان صدر (به آفرین),hospital,35.708645833544416,51.410690749674565,بیمارستان کودکان حضرت علی اصغر,hospital,35.767388599236256,51.42599559885438,CALM,0.0,,0.6406460410047744,0.3593539589952256,
facility_2442,facility_2454,0.22279763836088612,2.470627276873193,2.470627276873193,1.0,بیمارستان اختر,hospital,35.78916811875211,51.43173163130067,بیمارستان کودکان حضرت علی اصغر,hospital,35.767388599236256,51.42599559885438,CALM,0.0,,0.2627976383608861,0.7372023616391139,
facility_2442,facility_2455,0.7537694466189807,8.358631487259986,8.358631487259986,1.0,بیمارستان مسیح دانشوری,hospital,35.81594950803027,51.49672981488967,بیمارستان کودکان حضرت علی اصغر,hospital,35.767388599236256,51.42599559885438,CALM,0.0,,0.7937694466189807,0.20623055338101925,
facility_2442,facility_2456,0.5561383979422895,6.167079264310537,6.167079264310537,1.0,بیمارستان شهید باهنر,hospital,35.813265315046394,51.464555030335156,بیمارستان کودکان حضرت علی اصغر,hospital,35.767388599236256,51.42599559885438,CALM,0.0,,0.5961383979422895,0.4038616020577105,
facility_1846,facility_2459,0.00812474200711299,0.09009614898976782,0.09009614898976782,1.0,بیمارستان تهرانپارس,hospital,35.74244617197873,51.53309527047815,Turan Hearing Aid Center,hospital,35.7417034,51.5326919,CALM,0.0,,0.04812474200711299,0.951875257992887,
facility_2442,facility_2461,0.35509771720669125,3.937717260113805,3.937717260113805,1.0,بیمارستان قمر بنی هاشم,hospital,35.7415352,51.45584650000001,بیمارستان کودکان حضرت علی اصغر,hospital,35.767388599236256,51.42599559885438,CALM,0.0,,0.39509771720669123,0.6049022827933088,
facility_2442,facility_2466,0.5686959613148646,6.30633145220444,6.30633145220444,1.0,بیمارستان آبان,hospital,35.71160515,51.412494900000006,بیمارستان کودکان حضرت علی اصغر,hospital,35.767388599236256,51.42599559885438,CALM,0.0,,0.6086959613148646,0.3913040386851354,
facility_2442,facility_2468,0.6814368712691522,7.5565276814005005,7.5565276814005005,1.0,بیمارستان البرز,hospital,35.70262338083166,51.4000556039005,بیمارستان کودکان حضرت علی اصغر,hospital,35.767388599236256,51.42599559885438,CALM,0.0,,0.7214368712691522,0.27856312873084776,
facility_2442,facility_247,0.45366465011330026,5.030736714127687,5.030736714127687,1.0,مطب دکتر مجید صادقی,doctors,35.7817611,51.3732047,بیمارستان کودکان حضرت علی اصغر,hospital,35.767388599236256,51.42599559885438,CALM,0.0,,0.49366465011330024,0.5063353498866998,
facility_2442,facility_2470,0.4381209726592002,4.858371181963409,4.858371181963409,1.0,بیمارستان توس,hospital,35.72456255,51.41470565,بیمارستان کودکان حضرت علی اصغر,hospital,35.767388599236256,51.42599559885438,CALM,0.0,,0.47812097265920017,0.5218790273407998,
facility_2442,facility_2472,0.29459556391623415,3.266802292932498,3.266802292932498,1.0,بیمارستان کسری,hospital,35.73924368762191,51.41534295940728,بیمارستان کودکان حضرت علی اصغر,hospital,35.767388599236256,51.42599559885438,CALM,0.0,,0.33459556391623413,0.6654044360837659,
facility_2442,facility_2473,0.6302705994390656,6.989139320512412,6.989139320512412,1.0,بیمارستان کودکان تهران,hospital,35.70626122632644,51.40721820437941,بیمارستان کودکان حضرت علی اصغر,hospital,35.767388599236256,51.42599559885438,CALM,0.0,,0.6702705994390656,0.32972940056093436,
facility_2578,facility_2474,0.5843653343262106,6.480090836092634,6.480090836092634,1.0,بیمارستان مرکز طبی کودکان,hospital,35.70617228684331,51.38242821657499,بیمارستان سلامت فردا,hospital,35.74368823718312,51.327500297168406,CALM,0.0,,0.6243653343262107,0.37563466567378934,
facility_2442,facility_2477,0.4204521165450466,4.662439312182696,4.662439312182696,1.0,بیمارستان تهران کلینیک,hospital,35.72584237453486,51.41813653582141,بیمارستان کودکان حضرت علی اصغر,hospital,35.767388599236256,51.42599559885438,CALM,0.0,,0.4604521165450466,0.5395478834549534,
facility_2578,facility_2478,0.6202409694563937,6.877919661298624,6.877919661298624,1.0,بیمارستان اقبال,hospital,35.6957983858734,51.37581210070735,بیمارستان سلامت فردا,hospital,35.74368823718312,51.327500297168406,CALM,0.0,,0.6602409694563938,0.33975903054360623,
facility_2513,facility_2479,0.6320147885705084,7.008480823752174,7.008480823752174,1.0,بیمارستان مروستی,hospital,35.696971816481174,51.41160727335035,درمانگاه شبانه‌روزی یاس,hospital,35.63380147765345,51.413563736577125,CALM,0.0,,0.6720147885705084,0.32798521142949155,
facility_2442,facility_248,0.4535606227276008,5.02958314311795,5.02958314311795,1.0,مطب دکتر سخاوت‌فر,doctors,35.7817424,51.3732105,بیمارستان کودکان حضرت علی اصغر,hospital,35.767388599236256,51.42599559885438,CALM,0.0,,0.49356062272760076,0.5064393772723992,
facility_2513,facility_2480,0.5851863468966351,6.489195133903281,6.489195133903281,1.0,بیمارستان عیوض زاده (سورنا),hospital,35.692038241332874,51.4066617199091,درمانگاه شبانه‌روزی یاس,hospital,35.63380147765345,51.413563736577125,CALM,0.0,,0.6251863468966351,0.3748136531033649,
facility_2513,facility_2481,0.5864735746320432,6.503469342454341,6.503469342454341,1.0,بیمارستان باهر,hospital,35.69210445,51.40590275,درمانگاه شبانه‌روزی یاس,hospital,35.63380147765345,51.413563736577125,CALM,0.0,,0.6264735746320432,0.37352642536795677,
facility_2513,facility_2482,0.658546631191884,7.302695316187229,7.302695316187229,1.0,بیمارستان مدائن,hospital,35.69912693280963,51.40346466563746,درمانگاه شبانه‌روزی یاس,hospital,35.63380147765345,51.413563736577125,CALM,0.0,,0.698546631191884,0.301453368808116,
facility_2513,facility_2483,0.44298526264287535,4.912311823366539,4.912311823366539,1.0,بیمارستان سوم شعبان,hospital,35.67213699820132,51.44074241736898,درمانگاه شبانه‌روزی یاس,hospital,35.63380147765345,51.413563736577125,CALM,0.0,,0.48298526264287533,0.5170147373571247,
facility_2513,facility_2486,0.23261386730784583,2.579480508760271,2.579480508760271,1.0,بیمارستان ولی عصر عج,hospital,35.656070474735884,51.42178188592777,درمانگاه شبانه‌روزی یاس,hospital,35.63380147765345,51.413563736577125,CALM,0.0,,0.2726138673078458,0.7273861326921542,
facility_2513,facility_2487,0.3651585909296968,4.049283384566936,4.049283384566936,1.0,بیمارستان آیت‌الله اشرفی اصفهانی,hospital,35.66841310292529,51.42779842243231,درمانگاه شبانه‌روزی یاس,hospital,35.63380147765345,51.413563736577125,CALM,0.0,,0.4051585909296968,0.5948414090703031,
facility_2442,facility_249,0.2859881225502049,3.1713534381804904,3.1713534381804904,1.0,مرکز بهداشت صبارو,clinic,35.7685647,51.390941,بیمارستان کودکان حضرت علی اصغر,hospital,35.767388599236256,51.42599559885438,CALM,0.0,,0.3259881225502049,0.6740118774497952,
facility_2513,facility_2490,0.25073437122337644,2.780420750199818,2.780420750199818,1.0,بیمارستان مهدیه,hospital,35.65208185,51.43457965,درمانگاه شبانه‌روزی یاس,hospital,35.63380147765345,51.413563736577125,CALM,0.0,,0.2907343712233764,0.7092656287766236,
facility_2513,facility_2495,0.08521389768320126,0.9449461921305488,0.9449461921305488,1.0,بیمارستان آیت الله کاشانی,hospital,35.64000321341102,51.42071993479835,درمانگاه شبانه‌روزی یاس,hospital,35.63380147765345,51.413563736577125,CALM,0.0,,0.12521389768320126,0.8747861023167988,
facility_2608,facility_2497,0.409054101186165,4.536045478500048,4.536045478500048,1.0,بیمارستان شهدای یافت آباد,hospital,35.643895900000004,51.310445099999995,بیمارستان خیریه امام علی,hospital,35.65795459468426,51.263389734065655,CALM,0.0,,0.44905410118616496,0.550945898813835,
facility_2578,facility_25,0.24387758485173652,2.7043850993459895,2.7043850993459895,1.0,درمانگاه مرزداران,clinic,35.7341808,51.3550407,بیمارستان سلامت فردا,hospital,35.74368823718312,51.327500297168406,CALM,0.0,,0.28387758485173653,0.7161224151482635,
facility_2442,facility_2502,0.7380109881087733,8.183884224572537,8.183884224572537,1.0,بیمارستان ۵۰۵ ارتش,hospital,35.81126145179736,51.49880918509783,بیمارستان کودکان حضرت علی اصغر,hospital,35.767388599236256,51.42599559885438,CALM,0.0,,0.7780109881087733,0.22198901189122666,
facility_2513,facility_2504,0.442939536225207,4.91180475814091,4.91180475814091,1.0,مجتمع پزشکی حضرت فاطمه الزهرا,hospital,35.5907888791854,51.4264785290974,درمانگاه شبانه‌روزی یاس,hospital,35.63380147765345,51.413563736577125,CALM,0.0,,0.48293953622520697,0.5170604637747931,
facility_2442,facility_2506,0.4945153083634434,5.483734112545116,5.483734112545116,1.0,بیمارستان فرمانیه,hospital,35.79892992558839,51.47272184309982,بیمارستان کودکان حضرت علی اصغر,hospital,35.767388599236256,51.42599559885438,CALM,0.0,,0.5345153083634434,0.4654846916365566,
facility_2442,facility_2507,0.6116920151931953,6.78311937639979,6.78311937639979,1.0,بیمارستان نیکان,hospital,35.799862815719734,51.48959542781405,بیمارستان کودکان حضرت علی اصغر,hospital,35.767388599236256,51.42599559885438,CALM,0.0,,0.6516920151931953,0.3483079848068047,
facility_2442,facility_2508,0.27942509437499746,3.0985753039603683,3.0985753039603683,1.0,کلینیک آذر,clinic,35.74224042171103,51.411067967502056,بیمارستان کودکان حضرت علی اصغر,hospital,35.767388599236256,51.42599559885438,CALM,0.0,,0.31942509437499744,0.6805749056250026,
facility_2513,facility_251,0.4241384344705479,4.70331729313875,4.70331729313875,1.0,کلینیک,clinic,35.665753,51.4477242,درمانگاه شبانه‌روزی یاس,hospital,35.63380147765345,51.413563736577125,CALM,0.0,,0.46413843447054787,0.5358615655294521,
facility_2513,facility_2511,0.23110383649071337,2.5627356125702874,2.5627356125702874,1.0,آزمایشگاه پارسا,laboratory,35.649100350000005,51.3923505,درمانگاه شبانه‌روزی یاس,hospital,35.63380147765345,51.413563736577125,CALM,0.0,,0.27110383649071335,0.7288961635092867,
facility_2513,facility_2513,0.0,0.0,0.0,1.0,درمانگاه شبانه‌روزی یاس,hospital,35.63380147765345,51.413563736577125,درمانگاه شبانه‌روزی یاس,hospital,35.63380147765345,51.413563736577125,CALM,0.0,,0.04,0.96,
facility_2513,facility_2514,0.40545884544655814,4.496177296041042,4.496177296041042,1.0,درمانگاه,clinic,35.650478270149236,51.45882930752094,درمانگاه شبانه‌روزی یاس,hospital,35.63380147765345,51.413563736577125,CALM,0.0,,0.4454588454465581,0.5545411545534419,
facility_2442,facility_2515,0.24419505363027322,2.7079055452069904,2.7079055452069904,1.0,بیمارستان آرمان,hospital,35.77117165155566,51.39639970773047,بیمارستان کودکان حضرت علی اصغر,hospital,35.767388599236256,51.42599559885438,CALM,0.0,,0.2841950536302732,0.7158049463697268,
facility_2513,facility_2516,0.5895938012299842,6.538069875025568,6.538069875025568,1.0,درمانگاه حضرت فاطمه س,clinic,35.64896282030152,51.483349753348904,درمانگاه شبانه‌روزی یاس,hospital,35.63380147765345,51.413563736577125,CALM,0.0,,0.6295938012299842,0.3704061987700158,
facility_2513,facility_2521,0.4703071559894511,5.215287274338468,5.215287274338468,1.0,بیمارستان دکتر سپیر,hospital,35.67860522861339,51.43105330811553,درمانگاه شبانه‌روزی یاس,hospital,35.63380147765345,51.413563736577125,CALM,0.0,,0.5103071559894511,0.4896928440105489,
facility_2442,facility_2523,0.14010967463057494,1.5536914414479601,1.5536914414479601,1.0,بیمارستان محب مهر,hospital,35.761384647433395,51.41046677807172,بیمارستان کودکان حضرت علی اصغر,hospital,35.767388599236256,51.42599559885438,CALM,0.0,,0.18010967463057495,0.8198903253694251,
facility_2442,facility_2524,0.6149216989506084,6.818933691333481,6.818933691333481,1.0,بیمارستان یاس سپید,hospital,35.71039485,51.3977157,بیمارستان کودکان حضرت علی اصغر,hospital,35.767388599236256,51.42599559885438,CALM,0.0,,0.6549216989506085,0.3450783010493915,
facility_2513,facility_2528,0.25014403145584013,2.773874408223178,2.773874408223178,1.0,unnamed,hospital,35.65873633489825,51.41118810820441,درمانگاه شبانه‌روزی یاس,hospital,35.63380147765345,51.413563736577125,CALM,0.0,,0.2901440314558401,0.7098559685441599,
facility_2442,facility_253,0.3364261101055114,3.7306657754274535,3.7306657754274535,1.0,مطب دکتر فاطمه اصفهانی,doctors,35.7769375,51.4655714,بیمارستان کودکان حضرت علی اصغر,hospital,35.767388599236256,51.42599559885438,CALM,0.0,,0.37642611010551136,0.6235738898944887,
facility_2513,facility_2530,0.6357278174268164,7.049655005129054,7.049655005129054,1.0,آزمایشگاه پزشکی,laboratory,35.6973421,51.41557125,درمانگاه شبانه‌روزی یاس,hospital,35.63380147765345,51.413563736577125,CALM,0.0,,0.6757278174268164,0.3242721825731836,
facility_2578,facility_2535,0.4184816432985203,4.640588519745968,4.640588519745968,1.0,درمانگاه,clinic,35.724867149999994,51.37333215,بیمارستان سلامت فردا,hospital,35.74368823718312,51.327500297168406,CALM,0.0,,0.45848164329852026,0.5415183567014797,
facility_2578,facility_2536,0.5279586543028193,5.854591018011463,5.854591018011463,1.0,مرکز توانبخشی سکته مغزی تبسم,clinic,35.710062937292626,51.37740226965103,بیمارستان سلامت فردا,hospital,35.74368823718312,51.327500297168406,CALM,0.0,,0.5679586543028193,0.43204134569718067,
facility_2513,facility_2537,0.3576797659527476,3.966349879872053,3.966349879872053,1.0,آزمایشگاه,laboratory,35.66834842949254,51.424887134347266,درمانگاه شبانه‌روزی یاس,hospital,35.63380147765345,51.413563736577125,CALM,0.0,,0.39767976595274757,0.6023202340472524,
facility_2513,facility_2538,0.6679320763055301,7.406771539229641,7.406771539229641,1.0,بیمارستان امیراعلم,hospital,35.699891429316175,51.42531103813039,درمانگاه شبانه‌روزی یاس,hospital,35.63380147765345,51.413563736577125,CALM,0.0,,0.7079320763055301,0.2920679236944699,
facility_2442,facility_2542,0.5375769397504864,5.961249232876681,5.961249232876681,1.0,درمانگاه حصار بوعلی,clinic,35.809978855422614,51.466232976790835,بیمارستان کودکان حضرت علی اصغر,hospital,35.767388599236256,51.42599559885438,CALM,0.0,,0.5775769397504864,0.4224230602495136,
facility_2513,facility_2544,0.3459528889907912,3.836309264056299,3.836309264056299,1.0,کلینیک ثالث,clinic,35.66762374925828,51.40468816983349,درمانگاه شبانه‌روزی یاس,hospital,35.63380147765345,51.413563736577125,CALM,0.0,,0.38595288899079117,0.6140471110092088,
facility_2442,facility_2546,0.25652474470823994,2.844630832408206,2.844630832408206,1.0,مرکز بهداشت و درمان صداوسیما,clinic,35.744740400000005,51.411229850000005,بیمارستان کودکان حضرت علی اصغر,hospital,35.767388599236256,51.42599559885438,CALM,0.0,,0.2965247447082399,0.70347525529176,
facility_2513,facility_2548,0.5916817756046067,6.561223650268907,6.561223650268907,1.0,unnamed,clinic,35.68701700303756,51.38189922305086,درمانگاه شبانه‌روزی یاس,hospital,35.63380147765345,51.413563736577125,CALM,0.0,,0.6316817756046067,0.3683182243953933,
facility_2513,facility_2549,0.3745802060434824,4.153760700680202,4.153760700680202,1.0,درمانگاه,clinic,35.66209734354112,51.38350466000143,درمانگاه شبانه‌روزی یاس,hospital,35.63380147765345,51.413563736577125,CALM,0.0,,0.4145802060434824,0.5854197939565176,
facility_2578,facility_255,0.5327110446182627,5.907290791806479,5.907290791806479,1.0,مرکز بهداشت المپیک,clinic,35.7599724,51.2652901,بیمارستان سلامت فردا,hospital,35.74368823718312,51.327500297168406,CALM,0.0,,0.5727110446182627,0.4272889553817373,
facility_2513,facility_2551,0.357018038874588,3.959011916233056,3.959011916233056,1.0,درمانگاه,clinic,35.66458698826552,51.391427966974334,درمانگاه شبانه‌روزی یاس,hospital,35.63380147765345,51.413563736577125,CALM,0.0,,0.397018038874588,0.602981961125412,
facility_2442,facility_2552,0.41685868068959586,4.6225913106173016,4.6225913106173016,1.0,ساختمان پزشکان شفا,clinic,35.74896145456871,51.47185905914414,بیمارستان کودکان حضرت علی اصغر,hospital,35.767388599236256,51.42599559885438,CALM,0.0,,0.45685868068959584,0.5431413193104042,
facility_2442,facility_2553,0.3260790029591397,3.615925577368679,3.615925577368679,1.0,درمانگاه تخصصی اعصاب سهروردی,clinic,35.737777458776264,51.44272881773677,بیمارستان کودکان حضرت علی اصغر,hospital,35.767388599236256,51.42599559885438,CALM,0.0,,0.3660790029591397,0.6339209970408604,
facility_2513,facility_2555,0.47065388503178834,5.219132190451515,5.219132190451515,1.0,درمانگاه خیریه علوی,clinic,35.680409979170165,51.405619486499496,درمانگاه شبانه‌روزی یاس,hospital,35.63380147765345,51.413563736577125,CALM,0.0,,0.5106538850317883,0.4893461149682117,
facility_2442,facility_2556,0.42617677720554736,4.725920697724883,4.725920697724883,1.0,کلینیک شبانه روزی سعادت آباد,clinic,35.78309294093386,51.3773894241091,بیمارستان کودکان حضرت علی اصغر,hospital,35.767388599236256,51.42599559885438,CALM,0.0,,0.46617677720554734,0.5338232227944526,
facility_2513,facility_2557,0.7290413633659837,8.084419078909919,8.084419078909919,1.0,درمانگاه قصرفیروزه,clinic,35.65249865007006,51.49987329141405,درمانگاه شبانه‌روزی یاس,hospital,35.63380147765345,51.413563736577125,CALM,0.0,,0.7690413633659837,0.23095863663401628,
facility_2442,facility_2558,0.374200830525098,4.1495537642387115,4.1495537642387115,1.0,کلینیک تخصصی خانواده و کودک,clinic,35.79592421585347,51.3963018887824,بیمارستان کودکان حضرت علی اصغر,hospital,35.767388599236256,51.42599559885438,CALM,0.0,,0.414200830525098,0.5857991694749021,
facility_2442,facility_2559,0.42726864327030667,4.738028519433104,4.738028519433104,1.0,درمانگاه,clinic,35.79925483121262,51.3910799578216,بیمارستان کودکان حضرت علی اصغر,hospital,35.767388599236256,51.42599559885438,CALM,0.0,,0.46726864327030665,0.5327313567296934,
facility_1846,facility_256,0.19685355931316176,2.18293055872021,2.18293055872021,1.0,درمانگاه به بخش,clinic,35.7364571,51.5559589,Turan Hearing Aid Center,hospital,35.7417034,51.5326919,CALM,0.0,,0.23685355931316177,0.7631464406868382,
facility_2442,facility_2560,0.4277394883430616,4.74324977172504,4.74324977172504,1.0,آزمایشگاه های مگنتوفتونیک,laboratory,35.80149858752599,51.394337585410725,بیمارستان کودکان حضرت علی اصغر,hospital,35.767388599236256,51.42599559885438,CALM,0.0,,0.46773948834306156,0.5322605116569384,
facility_2442,facility_2563,0.25661751323918314,2.8456595527513384,2.8456595527513384,1.0,persianpet veterinary hospital,hospital,35.751789878342535,51.40100352865751,بیمارستان کودکان حضرت علی اصغر,hospital,35.767388599236256,51.42599559885438,CALM,0.0,,0.2966175132391831,0.7033824867608169,
facility_2578,facility_2564,0.2581655721959623,2.862826147123543,2.862826147123543,1.0,درمانگاه شبانه‌روزی پیامبر,clinic,35.76826838350611,51.337165570418826,بیمارستان سلامت فردا,hospital,35.74368823718312,51.327500297168406,CALM,0.0,,0.2981655721959623,0.7018344278040377,
facility_2578,facility_2568,0.3631877229210181,4.0274282145697065,4.0274282145697065,1.0,بیمارستان فرهیختگان,hospital,35.77898029818655,51.31701464079232,بیمارستان سلامت فردا,hospital,35.74368823718312,51.327500297168406,CALM,0.0,,0.40318772292101807,0.5968122770789819,
facility_1846,facility_257,0.02500036892030223,0.27723181376968814,0.27723181376968814,1.0,رادیولوژی و سونوگرافی خورشید,doctors,35.7439335,51.5340766,Turan Hearing Aid Center,hospital,35.7417034,51.5326919,CALM,0.0,,0.06500036892030223,0.9349996310796977,
facility_2442,facility_2570,0.2758096166270365,3.058482877448326,3.058482877448326,1.0,بیمارستان بقیه الله الاعظم,hospital,35.75596303803648,51.3952033923308,بیمارستان کودکان حضرت علی اصغر,hospital,35.767388599236256,51.42599559885438,CALM,0.0,,0.3158096166270365,0.6841903833729635,
facility_2513,facility_2571,0.33114718508751095,3.672127200970419,3.672127200970419,1.0,درمانگاه شبیر,clinic,35.654603117226245,51.445120150095775,درمانگاه شبانه‌روزی یاس,hospital,35.63380147765345,51.413563736577125,CALM,0.0,,0.37114718508751093,0.628852814912489,
facility_2442,facility_2573,0.3458434929333119,3.8350961592604893,3.8350961592604893,1.0,درمانگاه دانشگاه امام صادق,clinic,35.77011680438796,51.38370024931428,بیمارستان کودکان حضرت علی اصغر,hospital,35.767388599236256,51.42599559885438,CALM,0.0,,0.3858434929333119,0.6141565070666881,
facility_2442,facility_2576,0.48599855735183317,5.389290933010428,5.389290933010428,1.0,ساختمان پزشکان فارابی,clinic,35.77474798582716,51.48493089197106,بیمارستان کودکان حضرت علی اصغر,hospital,35.767388599236256,51.42599559885438,CALM,0.0,,0.5259985573518332,0.4740014426481668,
facility_2442,facility_2577,0.45842073191639027,5.083477423231259,5.083477423231259,1.0,یمارستان فوق تخصصی عدل,hospital,35.79192669309376,51.37848937524345,بیمارستان کودکان حضرت علی اصغر,hospital,35.767388599236256,51.42599559885438,CALM,0.0,,0.49842073191639025,0.5015792680836098,
facility_2578,facility_2578,0.0,0.0,0.0,1.0,بیمارستان سلامت فردا,hospital,35.74368823718312,51.327500297168406,بیمارستان سلامت فردا,hospital,35.74368823718312,51.327500297168406,CALM,0.0,,0.04,0.96,
facility_2442,facility_2579,0.44568716234673555,4.9422734834489495,4.9422734834489495,1.0,بیمارستان جم,hospital,35.72289692832235,51.422962074828355,بیمارستان کودکان حضرت علی اصغر,hospital,35.767388599236256,51.42599559885438,CALM,0.0,,0.48568716234673553,0.5143128376532644,
facility_2442,facility_2580,0.4388452648262693,4.866402936687344,4.866402936687344,1.0,آزمایشگاه پاتوبیولوژی عماد,laboratory,35.72354624446665,51.42387946288486,بیمارستان کودکان حضرت علی اصغر,hospital,35.767388599236256,51.42599559885438,CALM,0.0,,0.47884526482626927,0.5211547351737307,
facility_2442,facility_2581,0.30550824358622,3.387814186302638,3.387814186302638,1.0,مرکز تخصصی دندانپزشکی دکتر بهرام شکری,clinic,35.7539795,51.3923242,بیمارستان کودکان حضرت علی اصغر,hospital,35.767388599236256,51.42599559885438,CALM,0.0,,0.34550824358621995,0.65449175641378,
facility_2442,facility_2583,0.4813610091066729,5.337864655440334,5.337864655440334,1.0,مرکز تخصصی درمان وزوز گوش و سمعک -فراشنوا,clinic,35.72168497065609,51.4074982436966,بیمارستان کودکان حضرت علی اصغر,hospital,35.767388599236256,51.42599559885438,CALM,0.0,,0.5213610091066729,0.47863899089332707,
facility_2442,facility_2588,0.32870692922426953,3.6450669379324943,3.6450669379324943,1.0,بیمارستان روانپزشکی صدر,hospital,35.78958348917184,51.455738966025045,بیمارستان کودکان حضرت علی اصغر,hospital,35.767388599236256,51.42599559885438,CALM,0.0,,0.3687069292242695,0.6312930707757305,
facility_2442,facility_2589,0.5507941466778872,6.107816279992413,6.107816279992413,1.0,مطب پوست و مو دکتر سینا صفایی,doctors,35.80202676673473,51.47853566005808,بیمارستان کودکان حضرت علی اصغر,hospital,35.767388599236256,51.42599559885438,CALM,0.0,,0.5907941466778872,0.4092058533221128,
facility_2442,facility_2590,0.46963527356475443,5.2078366969556935,5.2078366969556935,1.0,کلینیک شبانه روزی نیاوران,clinic,35.81318158378008,51.438733581451885,بیمارستان کودکان حضرت علی اصغر,hospital,35.767388599236256,51.42599559885438,CALM,0.0,,0.5096352735647545,0.49036472643524553,
facility_2442,facility_2591,0.558425859812657,6.192445178120554,6.192445178120554,1.0,ساختمان پزشکان ساسان,clinic,35.79157436723542,51.48774905899782,بیمارستان کودکان حضرت علی اصغر,hospital,35.767388599236256,51.42599559885438,CALM,0.0,,0.5984258598126571,0.40157414018734294,
facility_1846,facility_2593,0.5865041752428763,6.5038086759606095,6.5038086759606095,1.0,مرکز بهداشت سید الشهدای ازگل,clinic,35.79242499421919,51.49658791846308,Turan Hearing Aid Center,hospital,35.7417034,51.5326919,CALM,0.0,,0.6265041752428764,0.3734958247571236,
facility_2578,facility_2594,0.23775649388379078,2.6365076549489674,2.6365076549489674,1.0,بیمارستان امید,hospital,35.76558081214953,51.31613723040315,بیمارستان سلامت فردا,hospital,35.74368823718312,51.327500297168406,CALM,0.0,,0.27775649388379076,0.7222435061162092,
facility_2578,facility_2595,0.23941566169403916,2.6549063474982564,2.6549063474982564,1.0,بيمارستان عرفان نيايش,hospital,35.76558159089723,51.31562683131311,بیمارستان سلامت فردا,hospital,35.74368823718312,51.327500297168406,CALM,0.0,,0.27941566169403914,0.7205843383059609,
facility_1846,facility_2598,0.21328398822970648,2.3651293744284287,2.3651293744284287,1.0,درمانگاه شهرک امید,clinic,35.76301863939773,51.533447855796425,Turan Hearing Aid Center,hospital,35.7417034,51.5326919,CALM,0.0,,0.2532839882297065,0.7467160117702936,
facility_2513,facility_2599,0.5335011813451165,5.916052704025055,5.916052704025055,1.0,بیمارستان سینا,hospital,35.68714111789747,51.41311444691623,درمانگاه شبانه‌روزی یاس,hospital,35.63380147765345,51.413563736577125,CALM,0.0,,0.5735011813451165,0.4264988186548835,
facility_2442,facility_26,0.2183125858911705,2.4208920415654553,2.4208920415654553,1.0,تراب,clinic,35.7795331,51.4482507,بیمارستان کودکان حضرت علی اصغر,hospital,35.767388599236256,51.42599559885438,CALM,0.0,,0.2583125858911705,0.7416874141088294,
facility_2513,facility_260,0.6059280921194049,6.719202605680531,6.719202605680531,1.0,میکرودرم دکتر آزادی فر,doctors,35.6399209,51.487396,درمانگاه شبانه‌روزی یاس,hospital,35.63380147765345,51.413563736577125,CALM,0.0,,0.6459280921194049,0.35407190788059506,
facility_2513,facility_2601,0.7590268393214176,8.416931287524632,8.416931287524632,1.0,مرکز ‌بهداشت عباس آباد,clinic,35.572220739851616,51.46787088682352,درمانگاه شبانه‌روزی یاس,hospital,35.63380147765345,51.413563736577125,CALM,0.0,,0.7990268393214176,0.2009731606785824,
facility_2442,facility_2603,0.14379814371540778,1.5945932768441262,1.5945932768441262,1.0,موسسه حسابرسی هوشیار ممیز,doctors,35.75914963561272,51.411539631175266,بیمارستان کودکان حضرت علی اصغر,hospital,35.767388599236256,51.42599559885438,CALM,0.0,,0.18379814371540779,0.8162018562845922,
facility_2578,facility_2605,0.39587681403967184,4.3899211061825,4.3899211061825,1.0,مرکز پزشکی چند تخصصی یادمان,clinic,35.76929241965086,51.36453011711513,بیمارستان سلامت فردا,hospital,35.74368823718312,51.327500297168406,CALM,0.0,,0.4358768140396718,0.5641231859603282,
facility_2608,facility_2608,0.0,0.0,0.0,1.0,بیمارستان خیریه امام علی,hospital,35.65795459468426,51.263389734065655,بیمارستان خیریه امام علی,hospital,35.65795459468426,51.263389734065655,CALM,0.0,,0.04,0.96,
facility_1846,facility_2609,0.4856922317488705,5.385894055036981,5.385894055036981,1.0,درمانگاه و خانه بهداشت حکیمیه,clinic,35.737295342985114,51.592007344604696,Turan Hearing Aid Center,hospital,35.7417034,51.5326919,CALM,0.0,,0.5256922317488705,0.4743077682511295,
facility_2442,facility_2611,0.657716838472933,7.293493654353318,7.293493654353318,1.0,آزمایشگاه پاتوبیولوژی دانش,laboratory,35.705184527394124,51.3998341572083,بیمارستان کودکان حضرت علی اصغر,hospital,35.767388599236256,51.42599559885438,CALM,0.0,,0.6977168384729331,0.3022831615270669,
facility_2513,facility_2612,0.23951776867628033,2.6560386229448913,2.6560386229448913,1.0,درمانگاه شهدای بدر,hospital,35.64018170000001,51.441838800000006,درمانگاه شبانه‌روزی یاس,hospital,35.63380147765345,51.413563736577125,CALM,0.0,,0.2795177686762803,0.7204822313237197,
facility_2442,facility_2613,0.2781007004361576,3.0838889553316493,3.0838889553316493,1.0,مرکز درمان ناباروری مام,clinic,35.74775915,51.401836,بیمارستان کودکان حضرت علی اصغر,hospital,35.767388599236256,51.42599559885438,CALM,0.0,,0.31810070043615757,0.6818992995638424,
facility_2513,facility_2614,0.3604372179187183,3.996927565039253,3.996927565039253,1.0,بیمارستان اکبر آبادی,hospital,35.66822698068202,51.42662157458127,درمانگاه شبانه‌روزی یاس,hospital,35.63380147765345,51.413563736577125,CALM,0.0,,0.4004372179187183,0.5995627820812817,
facility_2578,facility_2615,0.4846827499493386,5.374699801418409,5.374699801418409,1.0,بیمارستان فوق تخصصی نیکان غرب و چشم آفتاب,hospital,35.75717583030222,51.27040221168465,بیمارستان سلامت فردا,hospital,35.74368823718312,51.327500297168406,CALM,0.0,,0.5246827499493386,0.4753172500506614,
facility_2442,facility_2618,0.0798230729565214,0.8851667496168711,0.8851667496168711,1.0,بیمارستان تندیس,hospital,35.77452277037678,51.421606179639575,بیمارستان کودکان حضرت علی اصغر,hospital,35.767388599236256,51.42599559885438,CALM,0.0,,0.11982307295652139,0.8801769270434786,
facility_2513,facility_2619,0.2357420717693347,2.6141695087292565,2.6141695087292565,1.0,پلی کلینیک فداییان اسلام,clinic,35.6197002504963,51.43669663559777,درمانگاه شبانه‌روزی یاس,hospital,35.63380147765345,51.413563736577125,CALM,0.0,,0.2757420717693347,0.7242579282306654,
facility_2442,facility_262,0.33253376275069835,3.687503111690913,3.687503111690913,1.0,unnamed,doctors,35.7761603,51.4653463,بیمارستان کودکان حضرت علی اصغر,hospital,35.767388599236256,51.42599559885438,CALM,0.0,,0.3725337627506983,0.6274662372493016,
facility_2442,facility_2620,0.4567440221936017,5.064884206503307,5.064884206503307,1.0,کلینیک تخصصی داخلی مسعود,clinic,35.73468166228821,51.38690062184917,بیمارستان کودکان حضرت علی اصغر,hospital,35.767388599236256,51.42599559885438,CALM,0.0,,0.4967440221936017,0.5032559778063983,
facility_2513,facility_2621,0.6395745946079395,7.09231233624646,7.09231233624646,1.0,unnamed,hospital,35.64588904249628,51.49048712717059,درمانگاه شبانه‌روزی یاس,hospital,35.63380147765345,51.413563736577125,CALM,0.0,,0.6795745946079396,0.32042540539206044,
facility_2442,facility_2622,0.22199851998842407,2.4617657662082673,2.4617657662082673,1.0,ساختمان پزشکان نگین زمرد,doctors,35.75797873623931,51.45065950929394,بیمارستان کودکان حضرت علی اصغر,hospital,35.767388599236256,51.42599559885438,CALM,0.0,,0.26199851998842405,0.738001480011576,
facility_2513,facility_2623,0.6665906363579506,7.391896165553513,7.391896165553513,1.0,بیمارستان دادگستری,hospital,35.700377637245886,51.41734062262756,درمانگاه شبانه‌روزی یاس,hospital,35.63380147765345,51.413563736577125,CALM,0.0,,0.7065906363579506,0.2934093636420494,
facility_2442,facility_2625,0.14724634509491585,1.6328307574881762,1.6328307574881762,1.0,ساختمان پزشكان مينا,clinic,35.7636351588123,51.443461855649794,بیمارستان کودکان حضرت علی اصغر,hospital,35.767388599236256,51.42599559885438,CALM,0.0,,0.18724634509491586,0.8127536549050841,
facility_2578,facility_2627,0.6023810738067116,6.6798693333021495,6.6798693333021495,1.0,ساختمان پزشکان شباهنگ,clinic,35.70411308733542,51.38317506576109,بیمارستان سلامت فردا,hospital,35.74368823718312,51.327500297168406,CALM,0.0,,0.6423810738067116,0.3576189261932884,
facility_2578,facility_2628,0.17838406683210284,1.9781203450688634,1.9781203450688634,1.0,آزمایشگاه دکتر ریاضی,laboratory,35.72631689138422,51.32254376106712,بیمارستان سلامت فردا,hospital,35.74368823718312,51.327500297168406,CALM,0.0,,0.21838406683210285,0.7816159331678971,
facility_2513,facility_2629,0.4209326359195719,4.6677678438606005,4.6677678438606005,1.0,بیمارستان فارابی,hospital,35.67249320148156,51.39327567284609,درمانگاه شبانه‌روزی یاس,hospital,35.63380147765345,51.413563736577125,CALM,0.0,,0.4609326359195719,0.5390673640804281,
facility_2608,facility_2631,0.5419949447153408,6.01024097110081,6.01024097110081,1.0,بیمارستان کودکان حکیم,hospital,35.63359504119919,51.32269383202237,بیمارستان خیریه امام علی,hospital,35.65795459468426,51.263389734065655,CALM,0.0,,0.5819949447153409,0.41800505528465914,
facility_2442,facility_2632,0.11734262240401132,1.3012251197276505,1.3012251197276505,1.0,ستاد مرکز بحران طالقانی,clinic,35.75568912521964,51.42492407953292,بیمارستان کودکان حضرت علی اصغر,hospital,35.767388599236256,51.42599559885438,CALM,0.0,,0.1573426224040113,0.8426573775959887,
facility_2442,facility_2633,0.3473539364776412,3.8518456322273087,3.8518456322273087,1.0,کلینیک والفجر,clinic,35.743345164759766,51.39525162982815,بیمارستان کودکان حضرت علی اصغر,hospital,35.767388599236256,51.42599559885438,CALM,0.0,,0.38735393647764116,0.6126460635223588,
facility_2578,facility_2635,0.44837909328633674,4.972124598818785,4.972124598818785,1.0,بیمارستان عرفان,hospital,35.7761081693824,51.36548702487621,بیمارستان سلامت فردا,hospital,35.74368823718312,51.327500297168406,CALM,0.0,,0.4883790932863367,0.5116209067136632,
facility_2578,facility_2636,0.5441245037538439,6.0338558832109435,6.0338558832109435,1.0,بیمارستان قلب تهران,hospital,35.72047923129788,51.387845970419626,بیمارستان سلامت فردا,hospital,35.74368823718312,51.327500297168406,CALM,0.0,,0.584124503753844,0.41587549624615605,
facility_2658,facility_2639,0.3513833614858831,3.8965283649919717,3.8965283649919717,1.0,درمانگاه شهرداری منطقه 21,clinic,35.72609176654196,51.17920558796592,مرکز توانبخشی امید فردا,hospital,35.74719294308631,51.14475321540338,CALM,0.0,,0.3913833614858831,0.608616638514117,
facility_2442,facility_264,0.2939668506638117,3.2598304232026645,3.2598304232026645,1.0,مرکز تصویربرداری کوثر,clinic,35.772387,51.4615341,بیمارستان کودکان حضرت علی اصغر,hospital,35.767388599236256,51.42599559885438,CALM,0.0,,0.33396685066381165,0.6660331493361884,
facility_2578,facility_2640,0.6089875540807335,6.753129312578432,6.753129312578432,1.0,مرکز جامع سلامت نگین آزادی,clinic,35.701175813220736,51.38095386525486,بیمارستان سلامت فردا,hospital,35.74368823718312,51.327500297168406,CALM,0.0,,0.6489875540807335,0.3510124459192665,
facility_2442,facility_2645,0.32511957916713463,3.6052864224474344,3.6052864224474344,1.0,ساختمان پزشکان هدیه,doctors,35.780766058261875,51.46234892441183,بیمارستان کودکان حضرت علی اصغر,hospital,35.767388599236256,51.42599559885438,CALM,0.0,,0.3651195791671346,0.6348804208328653,
facility_2442,facility_2646,0.5954397818503268,6.602896590815505,6.602896590815505,1.0,بیمارستان ساسان,hospital,35.710930247557826,51.4028327226198,بیمارستان کودکان حضرت علی اصغر,hospital,35.767388599236256,51.42599559885438,CALM,0.0,,0.6354397818503268,0.3645602181496732,
facility_1846,facility_2648,0.6892126657443225,7.642754313204369,7.642754313204369,1.0,درمانگاه شهید مطهری,clinic,35.674987543671975,51.51155057455721,Turan Hearing Aid Center,hospital,35.7417034,51.5326919,CALM,0.0,,0.7292126657443225,0.27078733425567747,
facility_1846,facility_265,0.1230208498246594,1.3641916020160252,1.3641916020160252,1.0,مجتمع دارویی درمانی هلال ایران,clinic,35.7334259,51.5438503,Turan Hearing Aid Center,hospital,35.7417034,51.5326919,CALM,0.0,,0.1630208498246594,0.8369791501753406,
facility_2442,facility_2653,0.5340800026085925,5.92247131605568,5.92247131605568,1.0,فیزیوتراپی کارنیک,clinic,35.71658978338333,51.40580945853258,بیمارستان کودکان حضرت علی اصغر,hospital,35.767388599236256,51.42599559885438,CALM,0.0,,0.5740800026085925,0.4259199973914075,
facility_2442,facility_2657,0.39475238166544824,4.377452153121803,4.377452153121803,1.0,بیمارستان محب کوثر,hospital,35.73044536345287,51.40895770927293,بیمارستان کودکان حضرت علی اصغر,hospital,35.767388599236256,51.42599559885438,CALM,0.0,,0.4347523816654482,0.5652476183345518,
facility_2658,facility_2658,0.0,0.0,0.0,1.0,مرکز توانبخشی امید فردا,hospital,35.74719294308631,51.14475321540338,مرکز توانبخشی امید فردا,hospital,35.74719294308631,51.14475321540338,CALM,0.0,,0.04,0.96,
facility_2442,facility_2659,0.22973003086387525,2.5475013323518843,2.5475013323518843,1.0,ساختمان پزشکان طلا,clinic,35.74885565924741,51.40934970377503,بیمارستان کودکان حضرت علی اصغر,hospital,35.767388599236256,51.42599559885438,CALM,0.0,,0.26973003086387526,0.7302699691361247,
facility_2513,facility_266,0.29835970460475536,3.3085432589834265,3.3085432589834265,1.0,دکتر طاهره رشیدی,doctors,35.6543346,51.3870533,درمانگاه شبانه‌روزی یاس,hospital,35.63380147765345,51.413563736577125,CALM,0.0,,0.33835970460475534,0.6616402953952447,
facility_2442,facility_2664,0.16084888212655643,1.7836707720964677,1.7836707720964677,1.0,ساختمان پزشکان زیبا,doctors,35.76338101400032,51.445104942248,بیمارستان کودکان حضرت علی اصغر,hospital,35.767388599236256,51.42599559885438,CALM,0.0,,0.20084888212655644,0.7991511178734436,
facility_2442,facility_2666,0.42160004975263937,4.67516886854412,4.67516886854412,1.0,کلینیک دکتر مهسا عاشقان,doctors,35.77060886275984,51.37442524415169,بیمارستان کودکان حضرت علی اصغر,hospital,35.767388599236256,51.42599559885438,CALM,0.0,,0.46160004975263935,0.5383999502473606,
facility_2442,facility_2668,0.19757558634296318,2.190937195090285,2.190937195090285,1.0,دکتر سید محمد حسینی هوشیار,doctors,35.7868491,51.42183425,بیمارستان کودکان حضرت علی اصغر,hospital,35.767388599236256,51.42599559885438,CALM,0.0,,0.2375755863429632,0.7624244136570368,
facility_2442,facility_2670,0.2848037761281535,3.1582200917181384,3.1582200917181384,1.0,unnamed,hospital,35.75521175852866,51.39441504836959,بیمارستان کودکان حضرت علی اصغر,hospital,35.767388599236256,51.42599559885438,CALM,0.0,,0.3248037761281535,0.6751962238718465,
facility_2442,facility_2671,0.25802643564235594,2.861283246727116,2.861283246727116,1.0,Asam Pathobiology Laboratory,laboratory,35.79220029848726,51.43466426941144,بیمارستان کودکان حضرت علی اصغر,hospital,35.767388599236256,51.42599559885438,CALM,0.0,,0.2980264356423559,0.7019735643576441,
facility_2513,facility_2673,0.5541836352275128,6.14540268767143,6.14540268767143,1.0,بیمارستان در حال احداث حضرت عبدالعظیم,hospital,35.583804232424114,51.442810879952745,درمانگاه شبانه‌روزی یاس,hospital,35.63380147765345,51.413563736577125,CALM,0.0,,0.5941836352275128,0.40581636477248717,
facility_2442,facility_2674,0.368186614639611,4.082861469270934,4.082861469270934,1.0,sepidteb azmoon,laboratory,35.73217484846368,51.4128349735692,بیمارستان کودکان حضرت علی اصغر,hospital,35.767388599236256,51.42599559885438,CALM,0.0,,0.408186614639611,0.5918133853603891,
facility_2442,facility_2675,0.5151230758858214,5.71225589101109,5.71225589101109,1.0,کلینیک مغز و شناخت,clinic,35.7175725458959,51.409960851834306,بیمارستان کودکان حضرت علی اصغر,hospital,35.767388599236256,51.42599559885438,CALM,0.0,,0.5551230758858214,0.44487692411417856,
facility_2442,facility_2677,0.3446967899806217,3.822380245329667,3.822380245329667,1.0,کلینیک شبانه روزی دکتر حمیدیه,clinic,35.73625137395222,51.44411595819885,بیمارستان کودکان حضرت علی اصغر,hospital,35.767388599236256,51.42599559885438,CALM,0.0,,0.3846967899806217,0.6153032100193783,
facility_2578,facility_2678,0.5423544383417469,6.014227435076799,6.014227435076799,1.0,بیمارستان هوشمند مهدی,hospital,35.70927597980334,51.37889391315475,بیمارستان سلامت فردا,hospital,35.74368823718312,51.327500297168406,CALM,0.0,,0.5823544383417469,0.41764556165825306,
facility_2442,facility_2681,0.2719928764761091,3.016158630230121,3.016158630230121,1.0,مرکز تصویر برداری پزشکی امید نوین,hospital,35.75625717068038,51.39555402632608,بیمارستان کودکان حضرت علی اصغر,hospital,35.767388599236256,51.42599559885438,CALM,0.0,,0.31199287647610907,0.6880071235238909,
facility_2442,facility_2682,0.2719928764761091,3.016158630230121,3.016158630230121,1.0,مرکز تصویربرداری پزشکی امید نوین,hospital,35.75625717068038,51.39555402632608,بیمارستان کودکان حضرت علی اصغر,hospital,35.767388599236256,51.42599559885438,CALM,0.0,,0.31199287647610907,0.6880071235238909,
facility_2442,facility_2683,0.2719928764761091,3.016158630230121,3.016158630230121,1.0,مرکز تصیربرداری پزشکی امید نوین,hospital,35.75625717068038,51.39555402632608,بیمارستان کودکان حضرت علی اصغر,hospital,35.767388599236256,51.42599559885438,CALM,0.0,,0.31199287647610907,0.6880071235238909,
facility_1846,facility_269,0.6216275510921657,6.8932956160715415,6.8932956160715415,1.0,درمانگاه کوثر,clinic,35.8004565,51.5078239,Turan Hearing Aid Center,hospital,35.7417034,51.5326919,CALM,0.0,,0.6616275510921658,0.33837244890783424,
facility_2442,facility_2691,0.09608568410944057,1.065504615867064,1.065504615867064,1.0,کلینیک دندانپزشکی رایا,clinic,35.77102391057846,51.41508445537188,بیمارستان کودکان حضرت علی اصغر,hospital,35.767388599236256,51.42599559885438,CALM,0.0,,0.13608568410944058,0.8639143158905594,
facility_2578,facility_2694,0.631271660032878,7.000240190463599,7.000240190463599,1.0,کلینیک دندانپزشکی نیاز (Niaz Dental Clinic),clinic,35.695271955656246,51.37715200469966,بیمارستان سلامت فردا,hospital,35.74368823718312,51.327500297168406,CALM,0.0,,0.6712716600328781,0.3287283399671219,
facility_1846,facility_27,0.2552802301225911,2.830830274626753,2.830830274626753,1.0,درمانگاه شوکت,clinic,35.7473483,51.5021596,Turan Hearing Aid Center,hospital,35.7417034,51.5326919,CALM,0.0,,0.2952802301225911,0.7047197698774089,
facility_2513,facility_270,0.42895643577423637,4.756744634328166,4.756744634328166,1.0,unnamed,clinic,35.6684099,51.4445991,درمانگاه شبانه‌روزی یاس,hospital,35.63380147765345,51.413563736577125,CALM,0.0,,0.46895643577423635,0.5310435642257636,
facility_2442,facility_271,0.2937275057084777,3.257176300925694,3.257176300925694,1.0,امین کلینیک,clinic,35.7408344,51.4106089,بیمارستان کودکان حضرت علی اصغر,hospital,35.767388599236256,51.42599559885438,CALM,0.0,,0.3337275057084777,0.6662724942915224,
facility_2578,facility_275,0.09512428860388272,1.0548435963994918,1.0548435963994918,1.0,کلینیک درمان دردهای عضلانی و مفصلی,clinic,35.7358653,51.3341346,بیمارستان سلامت فردا,hospital,35.74368823718312,51.327500297168406,CALM,0.0,,0.13512428860388273,0.8648757113961173,
facility_2513,facility_277,0.22674013774826135,2.5143460819609182,2.5143460819609182,1.0,مرکز بهداشت عظیم آباد,clinic,35.6111655,51.4120378,درمانگاه شبانه‌روزی یاس,hospital,35.63380147765345,51.413563736577125,CALM,0.0,,0.26674013774826133,0.7332598622517387,
facility_1846,facility_28,0.12555488035080034,1.392291742503925,1.392291742503925,1.0,آزمایشگاه تشخیص طبی دکتر محرابیان,laboratory,35.7498973,51.5443573,Turan Hearing Aid Center,hospital,35.7417034,51.5326919,CALM,0.0,,0.16555488035080035,0.8344451196491997,
facility_2513,facility_280,0.3312793510691869,3.6735928039355383,3.6735928039355383,1.0,درمانگاه پانزده شعبان,clinic,35.6551221,51.4446172,درمانگاه شبانه‌روزی یاس,hospital,35.63380147765345,51.413563736577125,CALM,0.0,,0.37127935106918686,0.6287206489308131,
facility_2513,facility_282,0.6971825977746715,7.731133757501309,7.731133757501309,1.0,درمانگاه شبانه روزی طب الحسن,clinic,35.6390552,51.4987087,درمانگاه شبانه‌روزی یاس,hospital,35.63380147765345,51.413563736577125,CALM,0.0,,0.7371825977746715,0.26281740222532846,
facility_2442,facility_287,0.1665287766734096,1.8466557413288986,1.8466557413288986,1.0,مطب دکتر درخشان,doctors,35.7565147,51.4105262,بیمارستان کودکان حضرت علی اصغر,hospital,35.767388599236256,51.42599559885438,CALM,0.0,,0.2065287766734096,0.7934712233265904,
facility_2578,facility_288,0.5990386684636618,6.642805036428726,6.642805036428726,1.0,رادیولوژی و سونوگرافی راد,doctors,35.707711,51.3862222,بیمارستان سلامت فردا,hospital,35.74368823718312,51.327500297168406,CALM,0.0,,0.6390386684636619,0.36096133153633814,
facility_2578,facility_289,0.3825445391937932,4.2420780583866184,4.2420780583866184,1.0,دکتر مسعود شیروانی,doctors,35.7668885,51.3648045,بیمارستان سلامت فردا,hospital,35.74368823718312,51.327500297168406,CALM,0.0,,0.4225445391937932,0.5774554608062068,
facility_1846,facility_291,0.12650900612117008,1.4028721470862426,1.4028721470862426,1.0,چشم‌ پزشکی هلال احمر,clinic,35.7347296,51.5456346,Turan Hearing Aid Center,hospital,35.7417034,51.5326919,CALM,0.0,,0.1665090061211701,0.83349099387883,
facility_2578,facility_292,0.40063712175486327,4.442708676885613,4.442708676885613,1.0,کلینیک زیبایی ویولت,clinic,35.7340632,51.3751923,بیمارستان سلامت فردا,hospital,35.74368823718312,51.327500297168406,CALM,0.0,,0.44063712175486325,0.5593628782451368,
facility_2442,facility_294,0.30384897703336633,3.369414398785845,3.369414398785845,1.0,کلینیک شبانه روزی یاس ناز,clinic,35.7969511,51.41741,بیمارستان کودکان حضرت علی اصغر,hospital,35.767388599236256,51.42599559885438,CALM,0.0,,0.3438489770333663,0.6561510229666336,
facility_2442,facility_295,0.4414978612713474,4.895817867563457,4.895817867563457,1.0,کلینیک ارتوپدی ماهان,clinic,35.7232856,51.4237348,بیمارستان کودکان حضرت علی اصغر,hospital,35.767388599236256,51.42599559885438,CALM,0.0,,0.48149786127134736,0.5185021387286526,
facility_2442,facility_297,0.11957262999283423,1.3259539167522214,1.3259539167522214,1.0,ساختمان پزشکان مهرآفرین,clinic,35.766865,51.4406502,بیمارستان کودکان حضرت علی اصغر,hospital,35.767388599236256,51.42599559885438,CALM,0.0,,0.15957262999283423,0.8404273700071658,
facility_2578,facility_299,0.37972451528305073,4.210806506109078,4.210806506109078,1.0,گروه پزشکی آریان,clinic,35.7667566,51.3644928,بیمارستان سلامت فردا,hospital,35.74368823718312,51.327500297168406,CALM,0.0,,0.4197245152830507,0.5802754847169493,
facility_1846,facility_300,0.06842471806998092,0.758769150875036,0.758769150875036,1.0,درمانگاه خیریه تخصصی و فوق تخصصی اباعبدالله الحسین علیه السلام,clinic,35.7349127,51.531675,Turan Hearing Aid Center,hospital,35.7417034,51.5326919,CALM,0.0,,0.10842471806998091,0.8915752819300191,
facility_2513,facility_301,0.121222944883493,1.3442544383120019,1.3442544383120019,1.0,درمانگاه شهدای علی آباد,clinic,35.6245442,51.4231461,درمانگاه شبانه‌روزی یاس,hospital,35.63380147765345,51.413563736577125,CALM,0.0,,0.161222944883493,0.838777055116507,
facility_2513,facility_303,0.4507380890319232,4.998283759561922,4.998283759561922,1.0,درمانگاه شهدای دخانیات,clinic,35.6733252,51.3870344,درمانگاه شبانه‌روزی یاس,hospital,35.63380147765345,51.413563736577125,CALM,0.0,,0.4907380890319232,0.5092619109680768,
facility_2442,facility_306,0.19288089949328927,2.138877301311723,2.138877301311723,1.0,آزمایشگاه پاتوبیولوژی کیکاووس,laboratory,35.7792128,51.4446891,بیمارستان کودکان حضرت علی اصغر,hospital,35.767388599236256,51.42599559885438,CALM,0.0,,0.23288089949328927,0.7671191005067107,
facility_2578,facility_309,0.6113482070435414,6.7793068503838265,6.7793068503838265,1.0,آزمایشگاه پاتوبیولوژی نور,laboratory,35.7080574,51.3884066,بیمارستان سلامت فردا,hospital,35.74368823718312,51.327500297168406,CALM,0.0,,0.6513482070435415,0.34865179295645854,
facility_1846,facility_31,0.09301180027279257,1.0314179832230466,1.0314179832230466,1.0,درمانگاه شاهد,clinic,35.7339876,51.5390586,Turan Hearing Aid Center,hospital,35.7417034,51.5326919,CALM,0.0,,0.13301180027279258,0.8669881997272074,
facility_2578,facility_312,0.6361309364957946,7.05412523638901,7.05412523638901,1.0,درمانگاه شبانه روزی ایران زمین,clinic,35.7057587,51.3901098,بیمارستان سلامت فردا,hospital,35.74368823718312,51.327500297168406,CALM,0.0,,0.6761309364957946,0.3238690635042054,
facility_2578,facility_313,0.6146737678783358,6.8161843566706555,6.8161843566706555,1.0,مرکز تصویربرداری پزشکی پارسیان,clinic,35.7055667,51.3866146,بیمارستان سلامت فردا,hospital,35.74368823718312,51.327500297168406,CALM,0.0,,0.6546737678783359,0.34532623212166413,
facility_2442,facility_314,0.15007956662201083,1.6642486595708135,1.6642486595708135,1.0,unnamed,clinic,35.7598036,51.4101106,بیمارستان کودکان حضرت علی اصغر,hospital,35.767388599236256,51.42599559885438,CALM,0.0,,0.19007956662201084,0.8099204333779891,
facility_2442,facility_316,0.2394840119763003,2.6556642912223403,2.6556642912223403,1.0,درمانگاه پایتخت,clinic,35.7901168,51.4352388,بیمارستان کودکان حضرت علی اصغر,hospital,35.767388599236256,51.42599559885438,CALM,0.0,,0.2794840119763003,0.7205159880236998,
facility_2578,facility_317,0.16451406165165552,1.8243143470282597,1.8243143470282597,1.0,ساختمان پزشکان فتح,clinic,35.7599977,51.3301176,بیمارستان سلامت فردا,hospital,35.74368823718312,51.327500297168406,CALM,0.0,,0.20451406165165553,0.7954859383483445,
facility_2578,facility_318,0.50090452682504,5.554584851921237,5.554584851921237,1.0,آزمایشگاه دامپزشکی لابرا,laboratory,35.7095659,51.3724566,بیمارستان سلامت فردا,hospital,35.74368823718312,51.327500297168406,CALM,0.0,,0.5409045268250401,0.4590954731749599,
facility_2578,facility_319,0.05210965234061817,0.5778496101137858,0.5778496101137858,1.0,مطب طب سنتی,doctors,35.7388203,51.3252228,بیمارستان سلامت فردا,hospital,35.74368823718312,51.327500297168406,CALM,0.0,,0.09210965234061817,0.9078903476593818,
facility_1846,facility_32,0.11640277356916848,1.290803033638304,1.290803033638304,1.0,ساختمان پزشکان سینا,clinic,35.7416841,51.546967,Turan Hearing Aid Center,hospital,35.7417034,51.5326919,CALM,0.0,,0.15640277356916849,0.8435972264308316,
facility_2442,facility_322,0.15181725776157887,1.6835181058709738,1.6835181058709738,1.0,دکتر ستایش مهر,doctors,35.7631806,51.4438895,بیمارستان کودکان حضرت علی اصغر,hospital,35.767388599236256,51.42599559885438,CALM,0.0,,0.19181725776157887,0.8081827422384211,
facility_1846,facility_323,0.44797598605845607,4.9676544988660485,4.9676544988660485,1.0,بیمارستان تخصصی چشم پزشکی بینا,hospital,35.7380742,51.4779358,Turan Hearing Aid Center,hospital,35.7417034,51.5326919,CALM,0.0,,0.48797598605845605,0.512024013941544,
facility_1846,facility_326,0.01659720821291534,0.18404824948975432,0.18404824948975432,1.0,مجتمع پزشکان تهرانپارس,clinic,35.743181,51.5317656,Turan Hearing Aid Center,hospital,35.7417034,51.5326919,CALM,0.0,,0.05659720821291534,0.9434027917870846,
facility_2442,facility_327,0.3778289817296256,4.1897867280908985,4.1897867280908985,1.0,فیزیوتراپی و مرکز سلامت رامتن,clinic,35.7544532,51.3824505,بیمارستان کودکان حضرت علی اصغر,hospital,35.767388599236256,51.42599559885438,CALM,0.0,,0.41782898172962557,0.5821710182703744,
facility_2513,facility_328,0.6388704631247832,7.0845041455421525,7.0845041455421525,1.0,درمانگاه جواد ائمه,clinic,35.6458797,51.4904015,درمانگاه شبانه‌روزی یاس,hospital,35.63380147765345,51.413563736577125,CALM,0.0,,0.6788704631247833,0.3211295368752167,
facility_2578,facility_33,0.27901591425545824,3.0940378610506265,3.0940378610506265,1.0,درمانگاه ایرانپارس,clinic,35.7673953,51.3094619,بیمارستان سلامت فردا,hospital,35.74368823718312,51.327500297168406,CALM,0.0,,0.3190159142554582,0.6809840857445417,
facility_2442,facility_330,0.38623228355544537,4.282971857248504,4.282971857248504,1.0,درمانگاه تجریش,clinic,35.806004,51.4258076,بیمارستان کودکان حضرت علی اصغر,hospital,35.767388599236256,51.42599559885438,CALM,0.0,,0.42623228355544535,0.5737677164445547,
facility_2442,facility_331,0.3822788975550287,4.239132329323091,4.239132329323091,1.0,آزمایشگاه ژنتیک و پاتوبیولوژی نورا,laboratory,35.7999769,51.4505039,بیمارستان کودکان حضرت علی اصغر,hospital,35.767388599236256,51.42599559885438,CALM,0.0,,0.4222788975550287,0.5777211024449713,
facility_2442,facility_337,0.24773089113330798,2.7471148323693564,2.7471148323693564,1.0,مرکز درمانی ۱۱۰,clinic,35.7537034,51.4513239,بیمارستان کودکان حضرت علی اصغر,hospital,35.767388599236256,51.42599559885438,CALM,0.0,,0.28773089113330796,0.712269108866692,
facility_2442,facility_339,0.2648017865243749,2.9364158505673266,2.9364158505673266,1.0,ساختمان پزشکی شریعتی,clinic,35.7489972,51.4493603,بیمارستان کودکان حضرت علی اصغر,hospital,35.767388599236256,51.42599559885438,CALM,0.0,,0.3048017865243749,0.6951982134756252,
facility_2442,facility_340,0.4628005052978748,5.132045207263563,5.132045207263563,1.0,حدود دکتر محمد مهدی امام,doctors,35.7237492,51.4071256,بیمارستان کودکان حضرت علی اصغر,hospital,35.767388599236256,51.42599559885438,CALM,0.0,,0.5028005052978748,0.4971994947021252,
facility_2578,facility_345,0.44898086202860393,4.978797677940955,4.978797677940955,1.0,دكتر فرناز محامدي متخصص كودكان و نوزادان (اطفال),doctors,35.7755707,51.3662705,بیمارستان سلامت فردا,hospital,35.74368823718312,51.327500297168406,CALM,0.0,,0.4889808620286039,0.5110191379713961,
facility_2442,facility_346,0.1262148837864986,1.399610592483945,1.399610592483945,1.0,مرکز مشاوره بینش نوین,clinic,35.7652777,51.4412608,بیمارستان کودکان حضرت علی اصغر,hospital,35.767388599236256,51.42599559885438,CALM,0.0,,0.1662148837864986,0.8337851162135014,
facility_2442,facility_347,0.12420255332635337,1.377295640846691,1.377295640846691,1.0,آزمایشگاه هیوا,laboratory,35.7646914,51.4408683,بیمارستان کودکان حضرت علی اصغر,hospital,35.767388599236256,51.42599559885438,CALM,0.0,,0.16420255332635336,0.8357974466736466,
facility_1846,facility_348,0.023251962977442982,0.2578435498488727,0.2578435498488727,1.0,دکتر اسفندیار کریمی,doctors,35.7438202,51.5338707,Turan Hearing Aid Center,hospital,35.7417034,51.5326919,CALM,0.0,,0.06325196297744298,0.936748037022557,
facility_2513,facility_349,0.09774866405611542,1.083945581612369,1.083945581612369,1.0,درمانگاه شبانه روزی سلیم,clinic,35.6253652,51.4196073,درمانگاه شبانه‌روزی یاس,hospital,35.63380147765345,51.413563736577125,CALM,0.0,,0.1377486640561154,0.8622513359438846,
facility_2578,facility_35,0.09753953343559016,1.0816265093847623,1.0816265093847623,1.0,مطب دکتر محمد کمالی,doctors,35.7402559,51.338697,بیمارستان سلامت فردا,hospital,35.74368823718312,51.327500297168406,CALM,0.0,,0.13753953343559017,0.8624604665644098,
facility_2578,facility_352,0.355098572129962,3.937726740451064,3.937726740451064,1.0,کلینیک طب سوزنی دکتر سمیه غیاثی,clinic,35.7704308,51.3561496,بیمارستان سلامت فردا,hospital,35.74368823718312,51.327500297168406,CALM,0.0,,0.39509857212996197,0.604901427870038,
facility_2442,facility_353,0.6899142962911989,7.65053477075389,7.65053477075389,1.0,کلینیک دامپزشکی کسری,clinic,35.8200969,51.4806086,بیمارستان کودکان حضرت علی اصغر,hospital,35.767388599236256,51.42599559885438,CALM,0.0,,0.729914296291199,0.27008570370880103,
facility_2442,facility_354,0.5886110929564529,6.527172515952746,6.527172515952746,1.0,بیمارستان روانپزشکی رضایی,hospital,35.8155589,51.4674889,بیمارستان کودکان حضرت علی اصغر,hospital,35.767388599236256,51.42599559885438,CALM,0.0,,0.6286110929564529,0.3713889070435471,
facility_2578,facility_355,0.42263002855964443,4.686590415710909,4.686590415710909,1.0,مجتمع پزشکان شهر آرا,clinic,35.7222961,51.372193,بیمارستان سلامت فردا,hospital,35.74368823718312,51.327500297168406,CALM,0.0,,0.4626300285596444,0.5373699714403556,
facility_2442,facility_357,0.3445069751226174,3.820275367696352,3.820275367696352,1.0,کلینیک فروردین,clinic,35.7973554,51.4468361,بیمارستان کودکان حضرت علی اصغر,hospital,35.767388599236256,51.42599559885438,CALM,0.0,,0.3845069751226174,0.6154930248773827,
facility_2578,facility_358,0.05505623786390002,0.6105246178967132,0.6105246178967132,1.0,دکتر کورش صمدپور,doctors,35.7382272,51.3266522,بیمارستان سلامت فردا,hospital,35.74368823718312,51.327500297168406,CALM,0.0,,0.09505623786390002,0.9049437621361,
facility_2442,facility_361,0.2579597245817431,2.860543480510419,2.860543480510419,1.0,کلینیک سامیا,clinic,35.7672078,51.4576403,بیمارستان کودکان حضرت علی اصغر,hospital,35.767388599236256,51.42599559885438,CALM,0.0,,0.2979597245817431,0.7020402754182569,
facility_2442,facility_362,0.24767510422833214,2.7464962053042776,2.7464962053042776,1.0,دكتر پرورش,doctors,35.7565622,51.3986713,بیمارستان کودکان حضرت علی اصغر,hospital,35.767388599236256,51.42599559885438,CALM,0.0,,0.28767510422833215,0.7123248957716679,
facility_2578,facility_363,0.39144488624671847,4.340774976201235,4.340774976201235,1.0,پزشکی هسته ای,clinic,35.7610179,51.3705493,بیمارستان سلامت فردا,hospital,35.74368823718312,51.327500297168406,CALM,0.0,,0.43144488624671845,0.5685551137532816,
facility_2442,facility_364,0.38717458242669206,4.293421112058368,4.293421112058368,1.0,مجتمع تخصصی دارالشفا,clinic,35.7964536,51.4573723,بیمارستان کودکان حضرت علی اصغر,hospital,35.767388599236256,51.42599559885438,CALM,0.0,,0.42717458242669204,0.572825417573308,
facility_2442,facility_365,0.156460029889063,1.7350023116410949,1.7350023116410949,1.0,دکتر علیرضا عارف زاده، فوق تخصص غدد,doctors,35.7639199,51.4447113,بیمارستان کودکان حضرت علی اصغر,hospital,35.767388599236256,51.42599559885438,CALM,0.0,,0.196460029889063,0.803539970110937,
facility_2442,facility_366,0.14282094967756467,1.5837570657314106,1.5837570657314106,1.0,دکتر علی اکبر سیاری,doctors,35.7653245,51.4433321,بیمارستان کودکان حضرت علی اصغر,hospital,35.767388599236256,51.42599559885438,CALM,0.0,,0.18282094967756468,0.8171790503224353,
facility_2442,facility_367,0.44283064245204257,4.910597223230572,4.910597223230572,1.0,دکتر رامین عالی نژاد,doctors,35.8094207,51.4430693,بیمارستان کودکان حضرت علی اصغر,hospital,35.767388599236256,51.42599559885438,CALM,0.0,,0.48283064245204255,0.5171693575479575,
facility_2442,facility_368,0.3150356229565671,3.4934643337757945,3.4934643337757945,1.0,مطب دکتر ثریا شادمان فر,doctors,35.742405,51.4495271,بیمارستان کودکان حضرت علی اصغر,hospital,35.767388599236256,51.42599559885438,CALM,0.0,,0.3550356229565671,0.6449643770434329,
facility_2442,facility_371,0.14025877282079116,1.5553448075176843,1.5553448075176843,1.0,کلینیک فوق تخصصی محب مهر,clinic,35.7615128,51.410373,بیمارستان کودکان حضرت علی اصغر,hospital,35.767388599236256,51.42599559885438,CALM,0.0,,0.18025877282079117,0.8197412271792088,
facility_1846,facility_372,0.6932225943442518,7.687220848173883,7.687220848173883,1.0,درمانگاه کوثر,clinic,35.6742351,51.5132375,Turan Hearing Aid Center,hospital,35.7417034,51.5326919,CALM,0.0,,0.7332225943442519,0.26677740565574815,
facility_2578,facility_373,0.480099687843812,5.323877726584847,5.323877726584847,1.0,درمانگاه شبانه روزی منان,clinic,35.7892811,51.3459213,بیمارستان سلامت فردا,hospital,35.74368823718312,51.327500297168406,CALM,0.0,,0.520099687843812,0.479900312156188,
facility_2442,facility_374,0.3983880119908553,4.41776805375998,4.41776805375998,1.0,دکتر محمود آستانه,doctors,35.7290118,51.4129121,بیمارستان کودکان حضرت علی اصغر,hospital,35.767388599236256,51.42599559885438,CALM,0.0,,0.43838801199085525,0.5616119880091448,
facility_1846,facility_377,0.06861415880253725,0.7608698797905122,0.7608698797905122,1.0,آزمایشگاه و پاتوبیولوژی فروغ,laboratory,35.7477904,51.5365726,Turan Hearing Aid Center,hospital,35.7417034,51.5326919,CALM,0.0,,0.10861415880253725,0.8913858411974628,
facility_2442,facility_378,0.14900455011826313,1.6523276844797499,1.6523276844797499,1.0,کلینیک آنو,clinic,35.759865,51.4102193,بیمارستان کودکان حضرت علی اصغر,hospital,35.767388599236256,51.42599559885438,CALM,0.0,,0.18900455011826314,0.8109954498817369,
facility_2442,facility_381,0.25953581490056427,2.878020917709228,2.878020917709228,1.0,درمانگاه شبانه روزی فرشته,clinic,35.7923764,51.4174107,بیمارستان کودکان حضرت علی اصغر,hospital,35.767388599236256,51.42599559885438,CALM,0.0,,0.29953581490056425,0.7004641850994358,
facility_2442,facility_382,0.27909176600483704,3.0948789893605695,3.0948789893605695,1.0,مرکز تصویربرداری و پرتو درمانی پردیس نور نیلو,clinic,35.7620249,51.4595939,بیمارستان کودکان حضرت علی اصغر,hospital,35.767388599236256,51.42599559885438,CALM,0.0,,0.319091766004837,0.680908233995163,
facility_2442,facility_383,0.29106648602133256,3.2276679638009163,3.2276679638009163,1.0,مرکز ولگا,clinic,35.7672226,51.4617019,بیمارستان کودکان حضرت علی اصغر,hospital,35.767388599236256,51.42599559885438,CALM,0.0,,0.33106648602133254,0.6689335139786674,
facility_1846,facility_385,0.1319265346938749,1.4629477114568308,1.4629477114568308,1.0,درمانگاه نادر,clinic,35.7303205,51.5408652,Turan Hearing Aid Center,hospital,35.7417034,51.5326919,CALM,0.0,,0.1719265346938749,0.8280734653061251,
facility_2513,facility_387,0.508477952410318,5.638567393064914,5.638567393064914,1.0,مرکز بهداشت نیک نژاد,clinic,35.5900167,51.445203,درمانگاه شبانه‌روزی یاس,hospital,35.63380147765345,51.413563736577125,CALM,0.0,,0.548477952410318,0.45152204758968195,
facility_2442,facility_39,0.6585017492239819,7.302197615157028,7.302197615157028,1.0,مرکز بهداشت شرکت ارتباطات زیرساخت,clinic,35.7056453,51.3979621,بیمارستان کودکان حضرت علی اصغر,hospital,35.767388599236256,51.42599559885438,CALM,0.0,,0.6985017492239819,0.3014982507760181,
facility_2442,facility_393,0.18948952021201698,2.101269927103555,2.101269927103555,1.0,دکتر صفیه چعباوی زاده,doctors,35.7531649,51.4106417,بیمارستان کودکان حضرت علی اصغر,hospital,35.767388599236256,51.42599559885438,CALM,0.0,,0.229489520212017,0.770510479787983,
facility_2578,facility_394,0.4299381583163986,4.76763106251848,4.76763106251848,1.0,خانه سلامت کن,clinic,35.7645451,51.2813887,بیمارستان سلامت فردا,hospital,35.74368823718312,51.327500297168406,CALM,0.0,,0.46993815831639857,0.5300618416836014,
facility_2442,facility_395,0.6399227083318693,7.096172607244492,7.096172607244492,1.0,آزمایشگاه سلاله,laboratory,35.7076604,51.3978645,بیمارستان کودکان حضرت علی اصغر,hospital,35.767388599236256,51.42599559885438,CALM,0.0,,0.6799227083318693,0.3200772916681307,
facility_2513,facility_397,0.4582655406595476,5.081756490482113,5.081756490482113,1.0,کلینیک دکتر محرابی,doctors,35.6517857,51.3619372,درمانگاه شبانه‌روزی یاس,hospital,35.63380147765345,51.413563736577125,CALM,0.0,,0.4982655406595476,0.5017344593404525,
facility_1846,facility_4,0.17077567702966395,1.8937500819131055,1.8937500819131055,1.0,پلی کلینیک تخصصی جشنواره,clinic,35.7294441,51.5472681,Turan Hearing Aid Center,hospital,35.7417034,51.5326919,CALM,0.0,,0.21077567702966396,0.7892243229703361,
facility_2442,facility_402,0.3222813037718037,3.573812477469507,3.573812477469507,1.0,آزمایشگاه ماد,laboratory,35.7806571,51.4620272,بیمارستان کودکان حضرت علی اصغر,hospital,35.767388599236256,51.42599559885438,CALM,0.0,,0.3622813037718037,0.6377186962281963,
facility_2442,facility_405,0.1363722946743189,1.5122472280716555,1.5122472280716555,1.0,ساختمان پزشکان ظفر,clinic,35.7656513,51.4425887,بیمارستان کودکان حضرت علی اصغر,hospital,35.767388599236256,51.42599559885438,CALM,0.0,,0.17637229467431892,0.8236277053256811,
facility_2442,facility_407,0.4090474688659194,4.535971931978513,4.535971931978513,1.0,unnamed,clinic,35.7330678,51.3987121,بیمارستان کودکان حضرت علی اصغر,hospital,35.767388599236256,51.42599559885438,CALM,0.0,,0.4490474688659194,0.5509525311340806,
facility_2442,facility_408,0.617695193908612,6.84968927898659,6.84968927898659,1.0,درمانگاه تخصصی تشخیص و درمان ناباروری نیکان,clinic,35.8000274,51.4903378,بیمارستان کودکان حضرت علی اصغر,hospital,35.767388599236256,51.42599559885438,CALM,0.0,,0.6576951939086121,0.3423048060913879,
facility_2442,facility_409,0.09475577045774936,1.0507570585413792,1.0507570585413792,1.0,کلینیک خانه سفید,clinic,35.7685729,51.4144624,بیمارستان کودکان حضرت علی اصغر,hospital,35.767388599236256,51.42599559885438,CALM,0.0,,0.13475577045774936,0.8652442295422507,
facility_2578,facility_410,0.24728820234289473,2.742205808158833,2.742205808158833,1.0,مجتمع پزشکان سجاد,clinic,35.7661156,51.3402676,بیمارستان سلامت فردا,hospital,35.74368823718312,51.327500297168406,CALM,0.0,,0.2872882023428947,0.7127117976571054,
facility_2578,facility_411,0.24730457892543412,2.7423874098662004,2.7423874098662004,1.0,مطب حکیم حسین خیراندیش,doctors,35.7661154,51.3402729,بیمارستان سلامت فردا,hospital,35.74368823718312,51.327500297168406,CALM,0.0,,0.2873045789254341,0.712695421074566,
facility_2442,facility_412,0.38292807019931097,4.246331075477508,4.246331075477508,1.0,رادیولوژی فک و صورت اندرزگو,doctors,35.8000068,51.4505964,بیمارستان کودکان حضرت علی اصغر,hospital,35.767388599236256,51.42599559885438,CALM,0.0,,0.42292807019931095,0.577071929800689,
facility_2578,facility_413,0.037995022425756704,0.42133094175096547,0.42133094175096547,1.0,کلینیک دندانپزشکی اقاقیا,clinic,35.7471492,51.3255792,بیمارستان سلامت فردا,hospital,35.74368823718312,51.327500297168406,CALM,0.0,,0.0779950224257567,0.9220049775742433,
facility_2442,facility_415,0.44143160641432305,4.8950831602380385,4.8950831602380385,1.0,کلینیک فیزیوتراپی رامتن,clinic,35.7232878,51.4238688,بیمارستان کودکان حضرت علی اصغر,hospital,35.767388599236256,51.42599559885438,CALM,0.0,,0.48143160641432303,0.518568393585677,
facility_2442,facility_416,0.42297874166303295,4.69045733329304,4.69045733329304,1.0,کلینیک اسمایل اسپا,clinic,35.8072228,51.4085673,بیمارستان کودکان حضرت علی اصغر,hospital,35.767388599236256,51.42599559885438,CALM,0.0,,0.46297874166303293,0.5370212583369671,
facility_1846,facility_417,0.10868082484723059,1.2051735032564186,1.2051735032564186,1.0,درمانگاه شبانه روزی مهر تهرانپارس,clinic,35.7496418,51.5417932,Turan Hearing Aid Center,hospital,35.7417034,51.5326919,CALM,0.0,,0.14868082484723058,0.8513191751527694,
facility_1846,facility_418,0.19846827440511547,2.200836310234944,2.200836310234944,1.0,درمانگاه شهرداری منطقه چهار,clinic,35.7426447,51.5570039,Turan Hearing Aid Center,hospital,35.7417034,51.5326919,CALM,0.0,,0.23846827440511548,0.7615317255948846,
facility_2442,facility_419,0.33069766178049786,3.667142388060967,3.667142388060967,1.0,آزمایشگاه پاتوبیولوژی دکتر خسروشاهی,laboratory,35.7990647,51.4143652,بیمارستان کودکان حضرت علی اصغر,hospital,35.767388599236256,51.42599559885438,CALM,0.0,,0.37069766178049784,0.6293023382195022,
facility_2442,facility_42,0.33198847197949605,3.681456322940947,3.681456322940947,1.0,کلینیک نسیم قیطریه,clinic,35.7923,51.4529144,بیمارستان کودکان حضرت علی اصغر,hospital,35.767388599236256,51.42599559885438,CALM,0.0,,0.371988471979496,0.628011528020504,
facility_2442,facility_420,0.7468293470520837,8.281671967310237,8.281671967310237,1.0,بخش کرونا,hospital,35.8154618,51.4961203,بیمارستان کودکان حضرت علی اصغر,hospital,35.767388599236256,51.42599559885438,CALM,0.0,,0.7868293470520837,0.21317065294791626,
facility_2442,facility_421,0.3156382146977054,3.5001465392220807,3.5001465392220807,1.0,کلینیک سیماگل,clinic,35.798522,51.4196661,بیمارستان کودکان حضرت علی اصغر,hospital,35.767388599236256,51.42599559885438,CALM,0.0,,0.3556382146977054,0.6443617853022946,
facility_2442,facility_422,0.4399279985041064,4.878409488362369,4.878409488362369,1.0,کلینیک زیبایی دکتر زرگران,clinic,35.8012869,51.4603921,بیمارستان کودکان حضرت علی اصغر,hospital,35.767388599236256,51.42599559885438,CALM,0.0,,0.4799279985041064,0.5200720014958936,
facility_2513,facility_423,0.5641840877428473,6.256298794772169,6.256298794772169,1.0,درمانگاه آهنگ,clinic,35.6577613,51.4761268,درمانگاه شبانه‌روزی یاس,hospital,35.63380147765345,51.413563736577125,CALM,0.0,,0.6041840877428474,0.3958159122571526,
facility_2513,facility_426,0.19733036612826244,2.1882179214223165,2.1882179214223165,1.0,درمانگاه آزادگان,clinic,35.6259613,51.43574,درمانگاه شبانه‌روزی یاس,hospital,35.63380147765345,51.413563736577125,CALM,0.0,,0.23733036612826244,0.7626696338717376,
facility_2442,facility_427,0.33628778599650117,3.7291318843176375,3.7291318843176375,1.0,unnamed,doctors,35.7840985,51.4617982,بیمارستان کودکان حضرت علی اصغر,hospital,35.767388599236256,51.42599559885438,CALM,0.0,,0.37628778599650115,0.6237122140034989,
facility_2513,facility_428,0.3676733145130989,4.077169428264068,4.077169428264068,1.0,دکتر عبدالصمد مدرسی,doctors,35.6310515,51.3686609,درمانگاه شبانه‌روزی یاس,hospital,35.63380147765345,51.413563736577125,CALM,0.0,,0.4076733145130989,0.5923266854869011,
facility_2513,facility_429,0.3675933075682623,4.076282222539147,4.076282222539147,1.0,کلینیک دندانپزشکی مطهر,hospital,35.6310205,51.3686736,درمانگاه شبانه‌روزی یاس,hospital,35.63380147765345,51.413563736577125,CALM,0.0,,0.4075933075682623,0.5924066924317377,
facility_2442,facility_43,0.39408377007131373,4.370037846335361,4.370037846335361,1.0,کلینیک تخصصی شبانه روزی ندا,clinic,35.7973568,51.4573878,بیمارستان کودکان حضرت علی اصغر,hospital,35.767388599236256,51.42599559885438,CALM,0.0,,0.4340837700713137,0.5659162299286863,
facility_2513,facility_430,0.36750267671652265,4.075277207153519,4.075277207153519,1.0,درمانگاه شبانه روزی مطهر,hospital,35.6310016,51.3686865,درمانگاه شبانه‌روزی یاس,hospital,35.63380147765345,51.413563736577125,CALM,0.0,,0.4075026767165226,0.5924973232834774,
facility_1846,facility_432,0.6180499437821639,6.853623138970532,6.853623138970532,1.0,خانه بهداشت مینی سیتی,clinic,35.7993955,51.5055316,Turan Hearing Aid Center,hospital,35.7417034,51.5326919,CALM,0.0,,0.658049943782164,0.34195005621783603,
facility_2442,facility_433,0.3394227323167373,3.7638956454925334,3.7638956454925334,1.0,لیا کلینیک,clinic,35.7971215,51.4460706,بیمارستان کودکان حضرت علی اصغر,hospital,35.767388599236256,51.42599559885438,CALM,0.0,,0.3794227323167373,0.6205772676832627,
facility_2442,facility_435,0.2935337485291721,3.2550277064621067,3.2550277064621067,1.0,دکتر هاشم شمشادی,doctors,35.7413278,51.4094393,بیمارستان کودکان حضرت علی اصغر,hospital,35.767388599236256,51.42599559885438,CALM,0.0,,0.33353374852917206,0.6664662514708279,
facility_2442,facility_436,0.46714728332842115,5.18024710225576,5.18024710225576,1.0,مرکز بهداشت و درمان دانشگاه تهران,clinic,35.7335834,51.3864601,بیمارستان کودکان حضرت علی اصغر,hospital,35.767388599236256,51.42599559885438,CALM,0.0,,0.5071472833284212,0.4928527166715788,
facility_2442,facility_438,0.3009257899058711,3.3369988583621355,3.3369988583621355,1.0,کلینیک شمیران نو,clinic,35.7967268,51.4341805,بیمارستان کودکان حضرت علی اصغر,hospital,35.767388599236256,51.42599559885438,CALM,0.0,,0.3409257899058711,0.6590742100941289,
facility_2442,facility_441,0.2181905066715394,2.41953829180321,2.41953829180321,1.0,کلینیک زخم دستهای مهربان,clinic,35.7886623,51.4319212,بیمارستان کودکان حضرت علی اصغر,hospital,35.767388599236256,51.42599559885438,CALM,0.0,,0.2581905066715394,0.7418094933284606,
facility_2442,facility_442,0.3055206245063883,3.3879514796748014,3.3879514796748014,1.0,کلینیک قیطریه,clinic,35.7958126,51.4397241,بیمارستان کودکان حضرت علی اصغر,hospital,35.767388599236256,51.42599559885438,CALM,0.0,,0.34552062450638826,0.6544793754936118,
facility_2442,facility_443,0.3622677211151254,4.017226214345945,4.017226214345945,1.0,دارالشفاء قائم,clinic,35.8016417,51.4404436,بیمارستان کودکان حضرت علی اصغر,hospital,35.767388599236256,51.42599559885438,CALM,0.0,,0.4022677211151254,0.5977322788848747,
facility_2442,facility_444,0.1505652162935507,1.6696340816710578,1.6696340816710578,1.0,گروه درمان چاقی باراکا,clinic,35.77329,51.4429885,بیمارستان کودکان حضرت علی اصغر,hospital,35.767388599236256,51.42599559885438,CALM,0.0,,0.19056521629355072,0.8094347837064493,
facility_2442,facility_446,0.14924217272361784,1.6549627074302178,1.6549627074302178,1.0,ساختمان پزشکان سپهر,doctors,35.7632289,51.4435778,بیمارستان کودکان حضرت علی اصغر,hospital,35.767388599236256,51.42599559885438,CALM,0.0,,0.18924217272361785,0.8107578272763821,
facility_2513,facility_447,0.1722067295567102,1.9096191792427275,1.9096191792427275,1.0,بیمارستان روانپزشکی دلارام سینا,hospital,35.6363573,51.4344209,درمانگاه شبانه‌روزی یاس,hospital,35.63380147765345,51.413563736577125,CALM,0.0,,0.21220672955671022,0.7877932704432897,
facility_2442,facility_451,0.30350552935413305,3.3656058700656346,3.3656058700656346,1.0,مطب دکتر سامان محمدی پور,doctors,35.7800297,51.4598466,بیمارستان کودکان حضرت علی اصغر,hospital,35.767388599236256,51.42599559885438,CALM,0.0,,0.34350552935413303,0.656494470645867,
facility_2513,facility_452,0.6235535290416793,6.914652995313672,6.914652995313672,1.0,مرکز پزشکان بازرگان,clinic,35.652062,51.3405365,درمانگاه شبانه‌روزی یاس,hospital,35.63380147765345,51.413563736577125,CALM,0.0,,0.6635535290416793,0.3364464709583207,
facility_2578,facility_458,0.6523900478104604,7.234424292551641,7.234424292551641,1.0,مطب دکتر آزیتا دادگر,doctors,35.6919478,51.376204,بیمارستان سلامت فردا,hospital,35.74368823718312,51.327500297168406,CALM,0.0,,0.6923900478104604,0.30760995218953957,
facility_2578,facility_459,0.10364009601791409,1.1492763122778593,1.1492763122778593,1.0,کلینیک درد بهار,clinic,35.7356279,51.3354876,بیمارستان سلامت فردا,hospital,35.74368823718312,51.327500297168406,CALM,0.0,,0.14364009601791408,0.856359903982086,
facility_2442,facility_46,0.1220065299110577,1.3529436980236105,1.3529436980236105,1.0,کلینیک پوست دکتر دولتى,clinic,35.7619289,51.4126116,بیمارستان کودکان حضرت علی اصغر,hospital,35.767388599236256,51.42599559885438,CALM,0.0,,0.1620065299110577,0.8379934700889423,
facility_2442,facility_461,0.5471953258630367,6.067908564025754,6.067908564025754,1.0,درمانگاه درکه,clinic,35.8086493,51.3819038,بیمارستان کودکان حضرت علی اصغر,hospital,35.767388599236256,51.42599559885438,CALM,0.0,,0.5871953258630367,0.4128046741369633,
facility_2442,facility_463,0.294282761528527,3.263333593187627,3.263333593187627,1.0,دکتر آذر اصلانی مقدم,doctors,35.7412094,51.4095206,بیمارستان کودکان حضرت علی اصغر,hospital,35.767388599236256,51.42599559885438,CALM,0.0,,0.334282761528527,0.665717238471473,
facility_2442,facility_464,0.4109639664753138,4.55722418269655,4.55722418269655,1.0,درمانگاه شبانه روزی حکیمان,clinic,35.7690849,51.4763686,بیمارستان کودکان حضرت علی اصغر,hospital,35.767388599236256,51.42599559885438,CALM,0.0,,0.4509639664753138,0.5490360335246862,
facility_2513,facility_465,0.5170862444714345,5.734025681267393,5.734025681267393,1.0,دارالشفاء کوثر,clinic,35.5857303,51.4368644,درمانگاه شبانه‌روزی یاس,hospital,35.63380147765345,51.413563736577125,CALM,0.0,,0.5570862444714345,0.4429137555285655,
facility_2578,facility_466,0.4371716452539919,4.8478439869749606,4.8478439869749606,1.0,دکتر مهسا ساداتی,doctors,35.730672,51.3786787,بیمارستان سلامت فردا,hospital,35.74368823718312,51.327500297168406,CALM,0.0,,0.47717164525399186,0.5228283547460082,
facility_2442,facility_467,0.26851964786368654,2.977643619874544,2.977643619874544,1.0,مطب دکتر القاسی,doctors,35.7566395,51.3958122,بیمارستان کودکان حضرت علی اصغر,hospital,35.767388599236256,51.42599559885438,CALM,0.0,,0.3085196478636865,0.6914803521363135,
facility_2442,facility_470,0.3010692331114323,3.338589515691131,3.338589515691131,1.0,کلینیک ایرانیان,clinic,35.7796864,51.4597092,بیمارستان کودکان حضرت علی اصغر,hospital,35.767388599236256,51.42599559885438,CALM,0.0,,0.3410692331114323,0.6589307668885678,
facility_2442,facility_479,0.15900999165512292,1.7632791153835417,1.7632791153835417,1.0,دکتر نسترن گودرزی متخصص بیماریهای دهان، فک و صورت,doctors,35.76399,51.445051,بیمارستان کودکان حضرت علی اصغر,hospital,35.767388599236256,51.42599559885438,CALM,0.0,,0.19900999165512293,0.8009900083448771,
facility_2442,facility_48,0.23796330620752282,2.6388010193309466,2.6388010193309466,1.0,مطب دکتر ناطقیان,doctors,35.7527628,51.4490184,بیمارستان کودکان حضرت علی اصغر,hospital,35.767388599236256,51.42599559885438,CALM,0.0,,0.2779633062075228,0.7220366937924771,
facility_2442,facility_480,0.45663496880694854,5.063674901621608,5.063674901621608,1.0,درمانگاه شفا مهر صدرا,clinic,35.7241501,51.4080173,بیمارستان کودکان حضرت علی اصغر,hospital,35.767388599236256,51.42599559885438,CALM,0.0,,0.4966349688069485,0.5033650311930515,
facility_2513,facility_481,0.49182490921446326,5.453899983368307,5.453899983368307,1.0,مرکز بهداشت ۱۲ بهمن,clinic,35.6472919,51.4714922,درمانگاه شبانه‌روزی یاس,hospital,35.63380147765345,51.413563736577125,CALM,0.0,,0.5318249092144632,0.46817509078553676,
facility_2513,facility_482,0.5113669489971937,5.670603790859971,5.670603790859971,1.0,مرکز بهداشت امام رضا,clinic,35.6300901,51.3511021,درمانگاه شبانه‌روزی یاس,hospital,35.63380147765345,51.413563736577125,CALM,0.0,,0.5513669489971937,0.44863305100280626,
facility_1846,facility_483,0.6449253894617606,7.151647883140317,7.151647883140317,1.0,مرکز بهداشت قائم,clinic,35.8059414,51.5258507,Turan Hearing Aid Center,hospital,35.7417034,51.5326919,CALM,0.0,,0.6849253894617606,0.3150746105382394,
facility_2513,facility_484,0.2524782567459535,2.799758886687801,2.799758886687801,1.0,unnamed,clinic,35.6378672,51.4440823,درمانگاه شبانه‌روزی یاس,hospital,35.63380147765345,51.413563736577125,CALM,0.0,,0.29247825674595346,0.7075217432540466,
facility_2442,facility_486,0.49217807484763354,5.457816275538115,5.457816275538115,1.0,مرکز خدمات جامع سلامت امامزاده قاسم,clinic,35.815953,51.4357331,بیمارستان کودکان حضرت علی اصغر,hospital,35.767388599236256,51.42599559885438,CALM,0.0,,0.5321780748476336,0.4678219251523664,
facility_2442,facility_49,0.5324144192457333,5.904001480744767,5.904001480744767,1.0,کلینیک,clinic,35.7864944,51.4869653,بیمارستان کودکان حضرت علی اصغر,hospital,35.767388599236256,51.42599559885438,CALM,0.0,,0.5724144192457333,0.42758558075426667,
facility_1846,facility_491,0.0967812331410338,1.073217634831266,1.073217634831266,1.0,مرکز بهداشت سمرقندی,clinic,35.7487544,51.5245633,Turan Hearing Aid Center,hospital,35.7417034,51.5326919,CALM,0.0,,0.1367812331410338,0.8632187668589661,
facility_2578,facility_492,0.2098070949463008,2.3265737261371973,2.3265737261371973,1.0,مرکز بهداشت سردار جنگل,clinic,35.7646155,51.3257311,بیمارستان سلامت فردا,hospital,35.74368823718312,51.327500297168406,CALM,0.0,,0.2498070949463008,0.7501929050536992,
facility_2513,facility_493,0.36109894059272224,4.004265479840089,4.004265479840089,1.0,مرکز بهداشت شهید آیت,clinic,35.6393505,51.3698631,درمانگاه شبانه‌روزی یاس,hospital,35.63380147765345,51.413563736577125,CALM,0.0,,0.4010989405927222,0.5989010594072778,
facility_2513,facility_501,0.39273285138091657,4.355057361847789,4.355057361847789,1.0,درمانگاه شهدای شهر ری,clinic,35.6055038,51.4469045,درمانگاه شبانه‌روزی یاس,hospital,35.63380147765345,51.413563736577125,CALM,0.0,,0.43273285138091655,0.5672671486190835,
facility_1846,facility_502,0.19556836440352307,2.1686788923955036,2.1686788923955036,1.0,مرکز بهداشت هنگام,clinic,35.7494016,51.5106442,Turan Hearing Aid Center,hospital,35.7417034,51.5326919,CALM,0.0,,0.23556836440352308,0.7644316355964769,
facility_1846,facility_503,0.1875079196002592,2.0792957421018845,2.0792957421018845,1.0,مرکز بهداشت امام حسن مجتبی,clinic,35.7432546,51.5556084,Turan Hearing Aid Center,hospital,35.7417034,51.5326919,CALM,0.0,,0.2275079196002592,0.7724920803997408,
facility_2442,facility_504,0.2869859353936586,3.1824182934742344,3.1824182934742344,1.0,کلینیک الزهرا,clinic,35.7655757,51.3908599,بیمارستان کودکان حضرت علی اصغر,hospital,35.767388599236256,51.42599559885438,CALM,0.0,,0.32698593539365856,0.6730140646063414,
facility_2513,facility_505,0.43303035121768274,4.801920726374305,4.801920726374305,1.0,مرکز بهداشت آفرینش,clinic,35.6370684,51.4664476,درمانگاه شبانه‌روزی یاس,hospital,35.63380147765345,51.413563736577125,CALM,0.0,,0.4730303512176827,0.5269696487823172,
facility_2578,facility_509,0.33196398186912934,3.6811847494398506,3.6811847494398506,1.0,مرکز بهداشت شهر زیبا,clinic,35.7490426,51.2873198,بیمارستان سلامت فردا,hospital,35.74368823718312,51.327500297168406,CALM,0.0,,0.3719639818691293,0.6280360181308706,
facility_2442,facility_51,0.25831790376519437,2.8645153684853244,2.8645153684853244,1.0,دکتر مجتبی کلینی جراح زیبایی,doctors,35.7444093,51.4115326,بیمارستان کودکان حضرت علی اصغر,hospital,35.767388599236256,51.42599559885438,CALM,0.0,,0.29831790376519435,0.7016820962348056,
facility_2513,facility_510,0.3181386540812757,3.5278741838715724,3.5278741838715724,1.0,مرکز بهداشت جوادیه شهید شاطری,clinic,35.6571216,51.387062,درمانگاه شبانه‌روزی یاس,hospital,35.63380147765345,51.413563736577125,CALM,0.0,,0.35813865408127565,0.6418613459187243,
facility_2578,facility_512,0.22303551423648102,2.4732651083649384,2.4732651083649384,1.0,مرکز بهداشت سازمان برنامه,clinic,35.7464269,51.3003536,بیمارستان سلامت فردا,hospital,35.74368823718312,51.327500297168406,CALM,0.0,,0.263035514236481,0.7369644857635189,
facility_2513,facility_514,0.5140093655032449,5.699905835283509,5.699905835283509,1.0,مرکز سلامت ظهیرآباد,clinic,35.5909773,51.4483575,درمانگاه شبانه‌روزی یاس,hospital,35.63380147765345,51.413563736577125,CALM,0.0,,0.554009365503245,0.445990634496755,
facility_1846,facility_515,0.05721694875721187,0.6344849763175971,0.6344849763175971,1.0,مرکز بهداشت کادوس,clinic,35.736346,51.5351521,Turan Hearing Aid Center,hospital,35.7417034,51.5326919,CALM,0.0,,0.09721694875721187,0.9027830512427881,
facility_1846,facility_516,0.4648220254889897,5.154462064828402,5.154462064828402,1.0,مرکز سلامت مبارکی,clinic,35.7747455,51.4925987,Turan Hearing Aid Center,hospital,35.7417034,51.5326919,CALM,0.0,,0.5048220254889897,0.4951779745110103,
facility_2513,facility_518,0.269443861078553,2.987892320871083,2.987892320871083,1.0,مرکز سلامت جامعه مبارکی,clinic,35.6088542,51.426017,درمانگاه شبانه‌روزی یاس,hospital,35.63380147765345,51.413563736577125,CALM,0.0,,0.309443861078553,0.690556138921447,
facility_2578,facility_519,0.4104494020374116,4.551518121602981,4.551518121602981,1.0,مرکز بهداشت ناصری نیا,clinic,35.7387088,51.3774646,بیمارستان سلامت فردا,hospital,35.74368823718312,51.327500297168406,CALM,0.0,,0.4504494020374116,0.5495505979625884,
facility_2442,facility_52,0.11835659269076831,1.3124691466699063,1.3124691466699063,1.0,مطب دکتر پارسا,doctors,35.770495,51.4400062,بیمارستان کودکان حضرت علی اصغر,hospital,35.767388599236256,51.42599559885438,CALM,0.0,,0.15835659269076832,0.8416434073092317,
facility_2578,facility_520,0.24894829704626922,2.7606147791269464,2.7606147791269464,1.0,مرکز خانه سلامت شقایق,clinic,35.7576577,51.3022288,بیمارستان سلامت فردا,hospital,35.74368823718312,51.327500297168406,CALM,0.0,,0.28894829704626923,0.7110517029537308,
facility_2513,facility_522,0.27446666366154543,3.0435907257517916,3.0435907257517916,1.0,آزمایشگاه مواد غذایی مرجعان خاتم,laboratory,35.6235265,51.3823964,درمانگاه شبانه‌روزی یاس,hospital,35.63380147765345,51.413563736577125,CALM,0.0,,0.3144666636615454,0.6855333363384546,
facility_2442,facility_523,0.3917888468716791,4.344589193032482,4.344589193032482,1.0,مرکز بهداشت چیذر,clinic,35.7978293,51.4562501,بیمارستان کودکان حضرت علی اصغر,hospital,35.767388599236256,51.42599559885438,CALM,0.0,,0.43178884687167907,0.5682111531283209,
facility_2442,facility_524,0.4241115569895755,4.703019245824996,4.703019245824996,1.0,مرکز جامع سلامت سعادت‌آباد,clinic,35.7917388,51.3833946,بیمارستان کودکان حضرت علی اصغر,hospital,35.767388599236256,51.42599559885438,CALM,0.0,,0.46411155698957546,0.5358884430104245,
facility_2442,facility_527,0.4546497303103326,5.041660375718541,5.041660375718541,1.0,مرکز جامع سلامت مسجدالسادات,clinic,35.7243657,51.4079958,بیمارستان کودکان حضرت علی اصغر,hospital,35.767388599236256,51.42599559885438,CALM,0.0,,0.4946497303103326,0.5053502696896675,
facility_2513,facility_529,0.6855478960531843,7.602115282966006,7.602115282966006,1.0,مرکز بهداشت حاج یحیی آقا سید عبدالله,clinic,35.6540904,51.4937715,درمانگاه شبانه‌روزی یاس,hospital,35.63380147765345,51.413563736577125,CALM,0.0,,0.7255478960531844,0.27445210394681563,
facility_2513,facility_53,0.40927901867298394,4.538539613007347,4.538539613007347,1.0,کیلینیک تخصصی تصویربرداری دلیری,clinic,35.6574773,51.372674,درمانگاه شبانه‌روزی یاس,hospital,35.63380147765345,51.413563736577125,CALM,0.0,,0.4492790186729839,0.5507209813270161,
facility_2578,facility_531,0.5211519577367209,5.7791108184666085,5.7791108184666085,1.0,مركز خدمات جامع بهداشت فرحزاد,clinic,35.7942854,51.3427725,بیمارستان سلامت فردا,hospital,35.74368823718312,51.327500297168406,CALM,0.0,,0.5611519577367209,0.4388480422632791,
facility_2442,facility_532,0.29021072916027546,3.2181783827674115,3.2181783827674115,1.0,مرکز بهداشت شیبانی,clinic,35.7802363,51.4579198,بیمارستان کودکان حضرت علی اصغر,hospital,35.767388599236256,51.42599559885438,CALM,0.0,,0.33021072916027544,0.6697892708397246,
facility_2513,facility_533,0.3473748692842101,3.852077758399162,3.852077758399162,1.0,unnamed,clinic,35.663773,51.4350647,درمانگاه شبانه‌روزی یاس,hospital,35.63380147765345,51.413563736577125,CALM,0.0,,0.38737486928421005,0.61262513071579,
facility_2513,facility_535,0.05800106545337335,0.6431801317601799,0.6431801317601799,1.0,مرکز سلامت شیخ احمد کافی,clinic,35.6383991,51.4178932,درمانگاه شبانه‌روزی یاس,hospital,35.63380147765345,51.413563736577125,CALM,0.0,,0.09800106545337335,0.9019989345466266,
facility_2513,facility_536,0.3624906359006887,4.019698140680905,4.019698140680905,1.0,مرکز بهداشت شهید یغماییان,clinic,35.6184574,51.4537798,درمانگاه شبانه‌روزی یاس,hospital,35.63380147765345,51.413563736577125,CALM,0.0,,0.4024906359006887,0.5975093640993113,
facility_2513,facility_537,0.4187931639988386,4.644043006719795,4.644043006719795,1.0,مرکز بهداشت شهید جمالی,clinic,35.597802,51.4397532,درمانگاه شبانه‌روزی یاس,hospital,35.63380147765345,51.413563736577125,CALM,0.0,,0.45879316399883857,0.5412068360011615,
facility_2658,facility_538,0.1029538051053977,1.1416659576044104,1.1416659576044104,1.0,مرکز بهداشت وردآورد,clinic,35.7390202,51.1370768,مرکز توانبخشی امید فردا,hospital,35.74719294308631,51.14475321540338,CALM,0.0,,0.1429538051053977,0.8570461948946023,
facility_2442,facility_54,0.004342902825983164,0.04815892242674401,0.04815892242674401,1.0,کلینیک تصویربرداری گامانایف,clinic,35.7671947,51.4255189,بیمارستان کودکان حضرت علی اصغر,hospital,35.767388599236256,51.42599559885438,CALM,0.0,,0.04434290282598317,0.9556570971740168,
facility_2513,facility_540,0.19256492147453064,2.135373386648261,2.135373386648261,1.0,کلینیک شبانه روزی خانی آباد,clinic,35.6283713,51.3909381,درمانگاه شبانه‌روزی یاس,hospital,35.63380147765345,51.413563736577125,CALM,0.0,,0.23256492147453064,0.7674350785254693,
facility_2442,facility_541,0.48845654816993445,5.416547860894323,5.416547860894323,1.0,کلینیک سپینود,clinic,35.8061666,51.4624286,بیمارستان کودکان حضرت علی اصغر,hospital,35.767388599236256,51.42599559885438,CALM,0.0,,0.5284565481699345,0.4715434518300655,
facility_2442,facility_542,0.3337103908385435,3.700550868704641,3.700550868704641,1.0,دکتر لیلا ملکی / جراح بینی,doctors,35.7973926,51.4080866,بیمارستان کودکان حضرت علی اصغر,hospital,35.767388599236256,51.42599559885438,CALM,0.0,,0.37371039083854346,0.6262896091614565,
facility_2442,facility_543,0.188324244635578,2.088348059325222,2.088348059325222,1.0,دکتر سعید رضا یوسف,doctors,35.7862089,51.4266892,بیمارستان کودکان حضرت علی اصغر,hospital,35.767388599236256,51.42599559885438,CALM,0.0,,0.22832424463557802,0.771675755364422,
facility_2578,facility_544,0.10448654409641457,1.1586626672077658,1.1586626672077658,1.0,کلینیک دامپزشکی آریانا,clinic,35.7540861,51.3262618,بیمارستان سلامت فردا,hospital,35.74368823718312,51.327500297168406,CALM,0.0,,0.14448654409641457,0.8555134559035854,
facility_2578,facility_545,0.09644583614735416,1.0694983810399672,1.0694983810399672,1.0,مطب دندانپزشکی نیک,clinic,35.7358756,51.3344331,بیمارستان سلامت فردا,hospital,35.74368823718312,51.327500297168406,CALM,0.0,,0.13644583614735417,0.8635541638526458,
facility_2442,facility_546,0.48686432849109407,5.3988915634655985,5.3988915634655985,1.0,دکتر افشین طاهری اعظم,doctors,35.7806345,51.3685178,بیمارستان کودکان حضرت علی اصغر,hospital,35.767388599236256,51.42599559885438,CALM,0.0,,0.5268643284910941,0.4731356715089059,
facility_2578,facility_547,0.4541637102794907,5.03627084666366,5.03627084666366,1.0,رنگ و ابزار شهریاری,clinic,35.7187299,51.3740239,بیمارستان سلامت فردا,hospital,35.74368823718312,51.327500297168406,CALM,0.0,,0.4941637102794907,0.5058362897205093,
facility_2578,facility_549,0.6112697555971432,6.7784368937505,6.7784368937505,1.0,نگین آزادی,clinic,35.7009035,51.3810186,بیمارستان سلامت فردا,hospital,35.74368823718312,51.327500297168406,CALM,0.0,,0.6512697555971433,0.3487302444028567,
facility_2442,facility_551,0.2825927293900694,3.133701553632453,3.133701553632453,1.0,دکتر محمدعلی اخوت پور,doctors,35.7562248,51.3941513,بیمارستان کودکان حضرت علی اصغر,hospital,35.767388599236256,51.42599559885438,CALM,0.0,,0.3225927293900694,0.6774072706099306,
facility_2578,facility_556,0.3237775384657194,3.590404386946592,3.590404386946592,1.0,راهپویان شفا,clinic,35.7709113,51.3060098,بیمارستان سلامت فردا,hospital,35.74368823718312,51.327500297168406,CALM,0.0,,0.36377753846571936,0.6362224615342806,
facility_1846,facility_559,0.6182692968919212,6.856055569494574,6.856055569494574,1.0,مرکز جامع سلامت سوهانک,clinic,35.8034743,51.5355365,Turan Hearing Aid Center,hospital,35.7417034,51.5326919,CALM,0.0,,0.6582692968919213,0.34173070310807874,
facility_2442,facility_560,0.2227786792648907,2.470417037392848,2.470417037392848,1.0,آزمایشگاه زمرد,laboratory,35.7578985,51.450719,بیمارستان کودکان حضرت علی اصغر,hospital,35.767388599236256,51.42599559885438,CALM,0.0,,0.2627786792648907,0.7372213207351093,
facility_2442,facility_562,0.4229259736789747,4.6898721833708095,4.6898721833708095,1.0,درمانگاه شبانه روزی فرح بخش,clinic,35.7406509,51.4661826,بیمارستان کودکان حضرت علی اصغر,hospital,35.767388599236256,51.42599559885438,CALM,0.0,,0.4629259736789747,0.5370740263210253,
facility_2513,facility_564,0.3058971585520681,3.3921269067160034,3.3921269067160034,1.0,درمانگاه شبانه روزی امین,clinic,35.6373572,51.4507743,درمانگاه شبانه‌روزی یاس,hospital,35.63380147765345,51.413563736577125,CALM,0.0,,0.3458971585520681,0.654102841447932,
facility_2578,facility_565,0.5837752673285933,6.473547518891333,6.473547518891333,1.0,مرکز بهداشتی درمانی راهور,clinic,35.7002131,51.375257,بیمارستان سلامت فردا,hospital,35.74368823718312,51.327500297168406,CALM,0.0,,0.6237752673285933,0.37622473267140666,
facility_2442,facility_568,0.40628245168147203,4.505310355279691,4.505310355279691,1.0,کلینیک ارتوپدی سپید,clinic,35.768871,51.475804,بیمارستان کودکان حضرت علی اصغر,hospital,35.767388599236256,51.42599559885438,CALM,0.0,,0.446282451681472,0.5537175483185279,
facility_2442,facility_569,0.37386756152943545,4.145858108049186,4.145858108049186,1.0,کلینیک فوق تخصصی قلب سلامت,clinic,35.7996193,51.4492294,بیمارستان کودکان حضرت علی اصغر,hospital,35.767388599236256,51.42599559885438,CALM,0.0,,0.41386756152943543,0.5861324384705646,
facility_2442,facility_57,0.3550836733809557,3.9375615266006974,3.9375615266006974,1.0,کیلینیک تخصصی اطفال پگاه,clinic,35.7437132,51.4584503,بیمارستان کودکان حضرت علی اصغر,hospital,35.767388599236256,51.42599559885438,CALM,0.0,,0.3950836733809557,0.6049163266190443,
facility_2442,facility_570,0.37315167614226147,4.137919577023098,4.137919577023098,1.0,دکتر حسین دباغیان (فوق متخصص قلب و عروق),doctors,35.7995694,51.4491602,بیمارستان کودکان حضرت علی اصغر,hospital,35.767388599236256,51.42599559885438,CALM,0.0,,0.41315167614226145,0.5868483238577386,
facility_1846,facility_571,0.041851676642560835,0.4640978003927539,0.4640978003927539,1.0,درمانگاه شبانه روزی سپیدار,clinic,35.7428588,51.5376249,Turan Hearing Aid Center,hospital,35.7417034,51.5326919,CALM,0.0,,0.08185167664256084,0.9181483233574391,
facility_2442,facility_574,0.2222621161299191,2.4646888125297965,2.4646888125297965,1.0,دکتر غزوینیان,doctors,35.76018,51.4002049,بیمارستان کودکان حضرت علی اصغر,hospital,35.767388599236256,51.42599559885438,CALM,0.0,,0.2622621161299191,0.7377378838700809,
facility_2442,facility_575,0.10382249637009439,1.1512989696485716,1.1512989696485716,1.0,مرکز ارتوپدی فنی پایار,clinic,35.7597404,51.4173847,بیمارستان کودکان حضرت علی اصغر,hospital,35.767388599236256,51.42599559885438,CALM,0.0,,0.1438224963700944,0.8561775036299056,
facility_2442,facility_577,0.31204517906592305,3.4603029757805337,3.4603029757805337,1.0,کلینیک رازنو,clinic,35.740636,51.4456874,بیمارستان کودکان حضرت علی اصغر,hospital,35.767388599236256,51.42599559885438,CALM,0.0,,0.35204517906592303,0.647954820934077,
facility_2578,facility_578,0.44941381169416483,4.983598703935294,4.983598703935294,1.0,دكتر سميرا حسن خانی جراح و متخصص زنان، زايمان و نازایی,doctors,35.7135598,51.3683833,بیمارستان سلامت فردا,hospital,35.74368823718312,51.327500297168406,CALM,0.0,,0.4894138116941648,0.5105861883058351,
facility_2442,facility_582,0.43914262067129317,4.869700348038103,4.869700348038103,1.0,دکتر نیما توکلی - متخصص اعصاب و روان,doctors,35.7235261,51.4235984,بیمارستان کودکان حضرت علی اصغر,hospital,35.767388599236256,51.42599559885438,CALM,0.0,,0.47914262067129315,0.5208573793287068,
facility_2442,facility_583,0.3270118556609878,3.626270082577291,3.626270082577291,1.0,دکتر نازنین صفائی,doctors,35.7972275,51.409595,بیمارستان کودکان حضرت علی اصغر,hospital,35.767388599236256,51.42599559885438,CALM,0.0,,0.36701185566098776,0.6329881443390122,
facility_2442,facility_584,0.1795173899900736,1.9906878889988364,1.9906878889988364,1.0,وستالب,clinic,35.7542463,51.4109982,بیمارستان کودکان حضرت علی اصغر,hospital,35.767388599236256,51.42599559885438,CALM,0.0,,0.2195173899900736,0.7804826100099264,
facility_2442,facility_586,0.255437533777439,2.8325746319874425,2.8325746319874425,1.0,کلینیک جوان,clinic,35.7445613,51.4119459,بیمارستان کودکان حضرت علی اصغر,hospital,35.767388599236256,51.42599559885438,CALM,0.0,,0.295437533777439,0.704562466222561,
facility_2513,facility_588,0.4721984082612275,5.236259576758167,5.236259576758167,1.0,درمانگاه آزادگان,clinic,35.6625474,51.4594474,درمانگاه شبانه‌روزی یاس,hospital,35.63380147765345,51.413563736577125,CALM,0.0,,0.5121984082612275,0.48780159173877247,
facility_2442,facility_589,0.2459716443506107,2.7276063531948913,2.7276063531948913,1.0,مطب دکتر فاطمه ابراهیمی,doctors,35.7458743,51.41138,بیمارستان کودکان حضرت علی اصغر,hospital,35.767388599236256,51.42599559885438,CALM,0.0,,0.2859716443506107,0.7140283556493894,
facility_2442,facility_59,0.4157320316957517,4.610097777220218,4.610097777220218,1.0,درمانگاه,clinic,35.7563219,51.3768393,بیمارستان کودکان حضرت علی اصغر,hospital,35.767388599236256,51.42599559885438,CALM,0.0,,0.45573203169575166,0.5442679683042484,
facility_2442,facility_590,0.05646158036036541,0.6261086138971215,0.6261086138971215,1.0,کلینیک پوست و مو ساعی,clinic,35.7680988,51.4191241,بیمارستان کودکان حضرت علی اصغر,hospital,35.767388599236256,51.42599559885438,CALM,0.0,,0.09646158036036541,0.9035384196396345,
facility_2442,facility_591,0.43835491764275114,4.860965423365162,4.860965423365162,1.0,مطب دکتر مهدی صالح زاده,doctors,35.7362856,51.4638748,بیمارستان کودکان حضرت علی اصغر,hospital,35.767388599236256,51.42599559885438,CALM,0.0,,0.4783549176427511,0.5216450823572489,
facility_2442,facility_592,0.4560430713390187,5.057111286135654,5.057111286135654,1.0,کلینیک ماهک,clinic,35.723316,51.41166,بیمارستان کودکان حضرت علی اصغر,hospital,35.767388599236256,51.42599559885438,CALM,0.0,,0.4960430713390187,0.5039569286609813,
facility_2442,facility_593,0.13816774027470666,1.5321571198779356,1.5321571198779356,1.0,دکتر سیامک مرادی,doctors,35.7664665,51.4429076,بیمارستان کودکان حضرت علی اصغر,hospital,35.767388599236256,51.42599559885438,CALM,0.0,,0.17816774027470667,0.8218322597252934,
facility_2442,facility_594,0.13259825873006664,1.4703965324522243,1.4703965324522243,1.0,ساختمان پزشکان سبز,doctors,35.7655706,51.4421084,بیمارستان کودکان حضرت علی اصغر,hospital,35.767388599236256,51.42599559885438,CALM,0.0,,0.17259825873006665,0.8274017412699334,
facility_2442,facility_595,0.3023495316010898,3.352786885081392,3.352786885081392,1.0,دکتر زهرا امیدوار,doctors,35.7426129,51.4472434,بیمارستان کودکان حضرت علی اصغر,hospital,35.767388599236256,51.42599559885438,CALM,0.0,,0.3423495316010898,0.6576504683989102,
facility_2442,facility_597,0.12878325452386707,1.4280915353141697,1.4280915353141697,1.0,ساختمان پزشکان حکیم,doctors,35.7650152,51.4415233,بیمارستان کودکان حضرت علی اصغر,hospital,35.767388599236256,51.42599559885438,CALM,0.0,,0.16878325452386708,0.8312167454761329,
facility_2578,facility_598,0.6144051974540046,6.813206149985002,6.813206149985002,1.0,unnamed,doctors,35.7080639,51.388873,بیمارستان سلامت فردا,hospital,35.74368823718312,51.327500297168406,CALM,0.0,,0.6544051974540046,0.3455948025459954,
facility_2513,facility_599,0.35995937109904624,3.9916286696131866,3.9916286696131866,1.0,مرکز بهداشت دولت آباد,clinic,35.6171059,51.452614,درمانگاه شبانه‌روزی یاس,hospital,35.63380147765345,51.413563736577125,CALM,0.0,,0.3999593710990462,0.6000406289009538,
facility_2442,facility_60,0.3101505015859452,3.4392926908540464,3.4392926908540464,1.0,آزمایشگاه پاتوبیولوژی مرکزی,laboratory,35.7977808,51.4184429,بیمارستان کودکان حضرت علی اصغر,hospital,35.767388599236256,51.42599559885438,CALM,0.0,,0.3501505015859452,0.6498494984140548,
facility_2513,facility_600,0.3338373473914478,3.7019587037467487,3.7019587037467487,1.0,آزمایشگاه تشخیص طبی خاتم,laboratory,35.6336878,51.3726782,درمانگاه شبانه‌روزی یاس,hospital,35.63380147765345,51.413563736577125,CALM,0.0,,0.3738373473914478,0.6261626526085522,
facility_2442,facility_607,0.3548945261061504,3.9354640518701833,3.9354640518701833,1.0,مرکز ارتوپدی فنی طب نو,clinic,35.7339081,51.4404107,بیمارستان کودکان حضرت علی اصغر,hospital,35.767388599236256,51.42599559885438,CALM,0.0,,0.3948945261061504,0.6051054738938496,
facility_2442,facility_608,0.4083371658625781,4.5280953046147285,4.5280953046147285,1.0,کلینیک دامپزشکی سهروردی,clinic,35.7275337,51.4368537,بیمارستان کودکان حضرت علی اصغر,hospital,35.767388599236256,51.42599559885438,CALM,0.0,,0.4483371658625781,0.5516628341374219,
facility_1846,facility_609,0.17968496531527348,1.9925461500307557,1.9925461500307557,1.0,درمانگاه خيريه امام جعفر صادق ع تهرانپارس,clinic,35.7431631,51.554655,Turan Hearing Aid Center,hospital,35.7417034,51.5326919,CALM,0.0,,0.21968496531527348,0.7803150346847265,
facility_1846,facility_610,0.1472538830610449,1.6329143468155476,1.6329143468155476,1.0,پایگاه سلامت باغ اناری,clinic,35.7527238,51.5446671,Turan Hearing Aid Center,hospital,35.7417034,51.5326919,CALM,0.0,,0.1872538830610449,0.8127461169389552,
facility_2578,facility_611,0.08854890767994551,0.9819284812033563,0.9819284812033563,1.0,کلینیک گوارش,clinic,35.7348696,51.3284603,بیمارستان سلامت فردا,hospital,35.74368823718312,51.327500297168406,CALM,0.0,,0.1285489076799455,0.8714510923200545,
facility_2578,facility_612,0.08912334858029222,0.9882985189101713,0.9882985189101713,1.0,کلینیک پزشگان,clinic,35.7347783,51.3276466,بیمارستان سلامت فردا,hospital,35.74368823718312,51.327500297168406,CALM,0.0,,0.12912334858029223,0.8708766514197077,
facility_2442,facility_615,0.42133530862826746,4.6722331253827685,4.6722331253827685,1.0,دکتر سپید,doctors,35.7721707,51.3746402,بیمارستان کودکان حضرت علی اصغر,hospital,35.767388599236256,51.42599559885438,CALM,0.0,,0.46133530862826744,0.5386646913717326,
facility_2442,facility_619,0.4318690134314707,4.789042525180666,4.789042525180666,1.0,مطب دکتر حمیدرضا سمیعی,doctors,35.7405476,51.4674886,بیمارستان کودکان حضرت علی اصغر,hospital,35.767388599236256,51.42599559885438,CALM,0.0,,0.4718690134314707,0.5281309865685293,
facility_2513,facility_620,0.266020490147335,2.949930187772428,2.949930187772428,1.0,مرکز توانبخشی معلولان ذهنی آوای رضوان,clinic,35.6394519,51.4454012,درمانگاه شبانه‌روزی یاس,hospital,35.63380147765345,51.413563736577125,CALM,0.0,,0.30602049014733496,0.6939795098526651,
facility_2442,facility_621,0.14334393211567734,1.589556474946125,1.589556474946125,1.0,کلینیک دندانپزشکی بهبود,clinic,35.7592498,51.4115221,بیمارستان کودکان حضرت علی اصغر,hospital,35.767388599236256,51.42599559885438,CALM,0.0,,0.18334393211567734,0.8166560678843227,
facility_2513,facility_623,0.3787032742834671,4.199481853440428,4.199481853440428,1.0,درمانگاه خیریه حضرت علی‌اصغر,clinic,35.613511,51.4527176,درمانگاه شبانه‌روزی یاس,hospital,35.63380147765345,51.413563736577125,CALM,0.0,,0.4187032742834671,0.5812967257165329,
facility_2513,facility_624,0.4933080862113086,5.470347094620453,5.470347094620453,1.0,درمانگاه شهرداری منطقه ۱۰,clinic,35.6701984,51.3727813,درمانگاه شبانه‌روزی یاس,hospital,35.63380147765345,51.413563736577125,CALM,0.0,,0.5333080862113087,0.46669191378869135,
facility_2442,facility_626,0.5069927975696364,5.622098349287058,5.622098349287058,1.0,مرکز تصویربرداری پزشکی تهران,clinic,35.7195006,51.4056101,بیمارستان کودکان حضرت علی اصغر,hospital,35.767388599236256,51.42599559885438,CALM,0.0,,0.5469927975696365,0.4530072024303635,
facility_2442,facility_628,0.281918439357582,3.1262242780246723,3.1262242780246723,1.0,دکتر آذر محمدی | زیبایی,doctors,35.7942438,51.4365002,بیمارستان کودکان حضرت علی اصغر,hospital,35.767388599236256,51.42599559885438,CALM,0.0,,0.32191843935758196,0.678081560642418,
facility_2578,facility_63,0.40479197212895607,4.488782265192385,4.488782265192385,1.0,ساختمان پزشکان,clinic,35.7374215,51.3765436,بیمارستان سلامت فردا,hospital,35.74368823718312,51.327500297168406,CALM,0.0,,0.44479197212895605,0.555208027871044,
facility_2442,facility_630,0.42507774949939,4.7137334597952165,4.7137334597952165,1.0,مرکز جراحی سعادت آباد,clinic,35.7828861,51.3774344,بیمارستان کودکان حضرت علی اصغر,hospital,35.767388599236256,51.42599559885438,CALM,0.0,,0.46507774949938996,0.53492225050061,
facility_2578,facility_632,0.37002999359814276,4.103302899306138,4.103302899306138,1.0,کلینیک هورسام,clinic,35.7714843,51.3574539,بیمارستان سلامت فردا,hospital,35.74368823718312,51.327500297168406,CALM,0.0,,0.41002999359814274,0.5899700064018573,
facility_2442,facility_634,0.19716610590293052,2.186396421893883,2.186396421893883,1.0,مطب دکتر مهدی احمدی احمدی، فوق تخصص جراحی پلاستیک و زیبایی,doctors,35.7520551,51.4107961,بیمارستان کودکان حضرت علی اصغر,hospital,35.767388599236256,51.42599559885438,CALM,0.0,,0.23716610590293052,0.7628338940970695,
facility_2513,facility_635,0.3534500946927794,3.919446594613,3.919446594613,1.0,درمانگاه نبوی,clinic,35.6028701,51.4344949,درمانگاه شبانه‌روزی یاس,hospital,35.63380147765345,51.413563736577125,CALM,0.0,,0.39345009469277936,0.6065499053072206,
facility_2513,facility_636,0.5326330458571962,5.906425855050097,5.906425855050097,1.0,پایگاه بهداشت ولی آباد بهشتی,clinic,35.5807898,51.4197847,درمانگاه شبانه‌روزی یاس,hospital,35.63380147765345,51.413563736577125,CALM,0.0,,0.5726330458571962,0.4273669541428038,
facility_2442,facility_639,0.15085473535880572,1.67284459011745,1.67284459011745,1.0,دکتر فرشاد جعفری، فوق تخصص قلب کودکان,doctors,35.7746777,51.4097932,بیمارستان کودکان حضرت علی اصغر,hospital,35.767388599236256,51.42599559885438,CALM,0.0,,0.19085473535880573,0.8091452646411943,
facility_2578,facility_641,0.4182873269360877,4.6384337244397855,4.6384337244397855,1.0,کلینیک کاردرمانی و گفتاردرمانی آریان,clinic,35.7749888,51.3615286,بیمارستان سلامت فردا,hospital,35.74368823718312,51.327500297168406,CALM,0.0,,0.4582873269360877,0.5417126730639124,
facility_2442,facility_643,0.2081683015374996,2.3084009675445505,2.3084009675445505,1.0,لیزر سلین,clinic,35.7866517,51.4356664,بیمارستان کودکان حضرت علی اصغر,hospital,35.767388599236256,51.42599559885438,CALM,0.0,,0.2481683015374996,0.7518316984625004,
facility_2578,facility_644,0.44231497973838046,4.904878983237487,4.904878983237487,1.0,رادیولوژی و سونوگرافی کیهان,doctors,35.7301342,51.3791311,بیمارستان سلامت فردا,hospital,35.74368823718312,51.327500297168406,CALM,0.0,,0.48231497973838044,0.5176850202616196,
facility_2442,facility_646,0.23550633374221583,2.611555384072097,2.611555384072097,1.0,مرکز زیبایی دکتر شیدوش,clinic,35.781618,51.4490163,بیمارستان کودکان حضرت علی اصغر,hospital,35.767388599236256,51.42599559885438,CALM,0.0,,0.27550633374221584,0.7244936662577841,
facility_2442,facility_647,0.11978317925412353,1.3282887204417662,1.3282887204417662,1.0,سمعک برتر,clinic,35.766951,51.4406803,بیمارستان کودکان حضرت علی اصغر,hospital,35.767388599236256,51.42599559885438,CALM,0.0,,0.15978317925412353,0.8402168207458764,
facility_2442,facility_648,0.1436621786889383,1.593085545857534,1.593085545857534,1.0,مرکز شنوایی سنجی و فروش سمعک آلفا,clinic,35.7591169,51.4115882,بیمارستان کودکان حضرت علی اصغر,hospital,35.767388599236256,51.42599559885438,CALM,0.0,,0.1836621786889383,0.8163378213110617,
facility_2442,facility_649,0.46453075799820004,5.151232167900833,5.151232167900833,1.0,کلینیک پوست و مو ماهور,clinic,35.8063828,51.456959,بیمارستان کودکان حضرت علی اصغر,hospital,35.767388599236256,51.42599559885438,CALM,0.0,,0.5045307579982,0.4954692420018,
facility_2442,facility_650,0.2999903910361366,3.3266261184205255,3.3266261184205255,1.0,رادیولوژی دکتر صدری,doctors,35.745168,51.4507107,بیمارستان کودکان حضرت علی اصغر,hospital,35.767388599236256,51.42599559885438,CALM,0.0,,0.3399903910361366,0.6600096089638634,
facility_2578,facility_651,0.5052660957616054,5.60295076488117,5.60295076488117,1.0,رادیولوژی و سونوگرافی ستارخان,doctors,35.7097293,51.3733673,بیمارستان سلامت فردا,hospital,35.74368823718312,51.327500297168406,CALM,0.0,,0.5452660957616055,0.45473390423839455,
facility_2442,facility_652,0.1792091492529789,1.9872697738944198,1.9872697738944198,1.0,آزمایشگاه میرداماد,laboratory,35.7596761,51.4458384,بیمارستان کودکان حضرت علی اصغر,hospital,35.767388599236256,51.42599559885438,CALM,0.0,,0.2192091492529789,0.7807908507470211,
facility_2442,facility_654,0.44891264185253416,4.978041176978597,4.978041176978597,1.0,آزمایشگاه آرامش,laboratory,35.7826933,51.3742202,بیمارستان کودکان حضرت علی اصغر,hospital,35.767388599236256,51.42599559885438,CALM,0.0,,0.48891264185253414,0.5110873581474659,
facility_2442,facility_655,0.21829902807390433,2.420741697453197,2.420741697453197,1.0,دکتر رضا خدادادی,doctors,35.7884939,51.4191711,بیمارستان کودکان حضرت علی اصغر,hospital,35.767388599236256,51.42599559885438,CALM,0.0,,0.2582990280739043,0.7417009719260956,
facility_2578,facility_658,0.4504980096912674,4.9956214936061345,4.9956214936061345,1.0,مطب دکتر روحانی,doctors,35.7758069,51.3662419,بیمارستان سلامت فردا,hospital,35.74368823718312,51.327500297168406,CALM,0.0,,0.4904980096912674,0.5095019903087326,
facility_2442,facility_659,0.4269047379101824,4.733993133261429,4.733993133261429,1.0,کلینیک فیزیوتراپی بامداد سلامت,clinic,35.7273361,51.4079008,بیمارستان کودکان حضرت علی اصغر,hospital,35.767388599236256,51.42599559885438,CALM,0.0,,0.4669047379101824,0.5330952620898176,
facility_2513,facility_66,0.3368870368246618,3.7357770420160525,3.7357770420160525,1.0,درمانگاه خیریه ولیعصر(ارشاد),clinic,35.6019747,51.427069,درمانگاه شبانه‌روزی یاس,hospital,35.63380147765345,51.413563736577125,CALM,0.0,,0.3768870368246618,0.6231129631753383,
facility_2578,facility_660,0.17744190095816798,1.9676725650806748,1.9676725650806748,1.0,کلینیک مهر پویا (دکتر اسدالله امان الهی),clinic,35.7264103,51.3225612,بیمارستان سلامت فردا,hospital,35.74368823718312,51.327500297168406,CALM,0.0,,0.21744190095816798,0.782558099041832,
facility_2578,facility_661,0.40183811874338937,4.456026663293032,4.456026663293032,1.0,کلینیک مهر پویا (دکتر اسدالله امان الهی),clinic,35.7770192,51.3550218,بیمارستان سلامت فردا,hospital,35.74368823718312,51.327500297168406,CALM,0.0,,0.44183811874338935,0.5581618812566107,
facility_2442,facility_662,0.4678338463476319,5.1878604743499785,5.1878604743499785,1.0,دکتر حبیبه احمدی متخصص زنان,doctors,35.7813764,51.3712249,بیمارستان کودکان حضرت علی اصغر,hospital,35.767388599236256,51.42599559885438,CALM,0.0,,0.507833846347632,0.49216615365236804,
facility_1846,facility_663,0.11629483471509253,1.289606087929739,1.289606087929739,1.0,آزمایشگاه پاتوبیولوژی دکتر ویشکائی,laboratory,35.7320724,51.524702,Turan Hearing Aid Center,hospital,35.7417034,51.5326919,CALM,0.0,,0.15629483471509253,0.8437051652849075,
facility_2442,facility_664,0.29949853923606423,3.321171920241505,3.321171920241505,1.0,آزمایشگاه چهر,laboratory,35.7426242,51.4466474,بیمارستان کودکان حضرت علی اصغر,hospital,35.767388599236256,51.42599559885438,CALM,0.0,,0.3394985392360642,0.6605014607639358,
facility_2578,facility_668,0.33899721281229817,3.7591770133640994,3.7591770133640994,1.0,دکتر غزاله موسوی زاده,doctors,35.7572782,51.2894104,بیمارستان سلامت فردا,hospital,35.74368823718312,51.327500297168406,CALM,0.0,,0.37899721281229815,0.6210027871877019,
facility_2442,facility_670,0.3942234168374774,4.371586404534404,4.371586404534404,1.0,دکتر علی اصغر شیرازی,doctors,35.7287479,51.4164594,بیمارستان کودکان حضرت علی اصغر,hospital,35.767388599236256,51.42599559885438,CALM,0.0,,0.4342234168374774,0.5657765831625226,
facility_2513,facility_673,0.48723919179616254,5.403048463482199,5.403048463482199,1.0,آزمایشگاه تشخیص طبی الوند,laboratory,35.5912628,51.4426384,درمانگاه شبانه‌روزی یاس,hospital,35.63380147765345,51.413563736577125,CALM,0.0,,0.5272391917961625,0.4727608082038375,
facility_2513,facility_674,0.46564456801539456,5.163583328487545,5.163583328487545,1.0,آزمایشگاه پاتوبیولوژی پلاسما طب,laboratory,35.592617,51.4401512,درمانگاه شبانه‌روزی یاس,hospital,35.63380147765345,51.413563736577125,CALM,0.0,,0.5056445680153946,0.4943554319846054,
facility_2513,facility_675,0.4754451017585798,5.272262514550588,5.272262514550588,1.0,آزمایشگاه پاتوبیولوژی امروز,laboratory,35.5907631,51.438282,درمانگاه شبانه‌روزی یاس,hospital,35.63380147765345,51.413563736577125,CALM,0.0,,0.5154451017585798,0.4845548982414202,
facility_2513,facility_676,0.3650831054465314,4.048446317822923,4.048446317822923,1.0,آزمایشگاه حکمت,laboratory,35.6178643,51.4537853,درمانگاه شبانه‌روزی یاس,hospital,35.63380147765345,51.413563736577125,CALM,0.0,,0.40508310544653137,0.5949168945534686,
facility_2513,facility_677,0.392137877870783,4.348459635794822,4.348459635794822,1.0,آزمایشگاه زکریا رازی,laboratory,35.6002769,51.4384613,درمانگاه شبانه‌روزی یاس,hospital,35.63380147765345,51.413563736577125,CALM,0.0,,0.432137877870783,0.567862122129217,
facility_2513,facility_678,0.32623882229455725,3.6176978313851897,3.6176978313851897,1.0,آزمایشگاه امامی اهری,laboratory,35.6641159,51.3988113,درمانگاه شبانه‌روزی یاس,hospital,35.63380147765345,51.413563736577125,CALM,0.0,,0.36623882229455723,0.6337611777054428,
facility_2442,facility_679,0.537398022027532,5.959265194760752,5.959265194760752,1.0,آزمایشگاه نیاوران,laboratory,35.8116747,51.4633353,بیمارستان کودکان حضرت علی اصغر,hospital,35.767388599236256,51.42599559885438,CALM,0.0,,0.577398022027532,0.422601977972468,
facility_2442,facility_68,0.3958178857494195,4.38926764395396,4.38926764395396,1.0,مطب دکتر بهار محجوبی,doctors,35.7285404,51.4352524,بیمارستان کودکان حضرت علی اصغر,hospital,35.767388599236256,51.42599559885438,CALM,0.0,,0.4358178857494195,0.5641821142505805,
facility_2513,facility_684,0.5932557147967513,6.578677233389718,6.578677233389718,1.0,آزمایشگاه تشخیص طبی دکتر فرحتاج,laboratory,35.5837517,51.4525452,درمانگاه شبانه‌روزی یاس,hospital,35.63380147765345,51.413563736577125,CALM,0.0,,0.6332557147967514,0.36674428520324864,
facility_1846,facility_686,0.25780750195946206,2.858855467273243,2.858855467273243,1.0,آزمایشگاه شمیران نو,laboratory,35.748909,51.5023346,Turan Hearing Aid Center,hospital,35.7417034,51.5326919,CALM,0.0,,0.29780750195946204,0.702192498040538,
facility_1846,facility_687,0.21004309434339766,2.329190749154509,2.329190749154509,1.0,آزمایشگاه احسان,laboratory,35.7384338,51.558136,Turan Hearing Aid Center,hospital,35.7417034,51.5326919,CALM,0.0,,0.25004309434339766,0.7499569056566023,
facility_2442,facility_69,0.2271426768580929,2.5188098819907334,2.5188098819907334,1.0,دکتر نبوی فوق تخصص آلرژی کودکان,doctors,35.7797316,51.4493874,بیمارستان کودکان حضرت علی اصغر,hospital,35.767388599236256,51.42599559885438,CALM,0.0,,0.2671426768580929,0.7328573231419071,
facility_2442,facility_690,0.14340099920520946,1.5901892981171746,1.5901892981171746,1.0,آزمایشگاه ظفر,laboratory,35.7653323,51.4434054,بیمارستان کودکان حضرت علی اصغر,hospital,35.767388599236256,51.42599559885438,CALM,0.0,,0.18340099920520947,0.8165990007947905,
facility_1846,facility_691,0.030486387759649163,0.33806687416640663,0.33806687416640663,1.0,رادیولوژی تات,laboratory,35.7388362,51.5314233,Turan Hearing Aid Center,hospital,35.7417034,51.5326919,CALM,0.0,,0.07048638775964916,0.9295136122403509,
facility_2513,facility_696,0.5172597628555927,5.735949845527366,5.735949845527366,1.0,آزمایشگاه تشخیص پزشکی دکتر آقامحمدی,laboratory,35.6347359,51.3502237,درمانگاه شبانه‌روزی یاس,hospital,35.63380147765345,51.413563736577125,CALM,0.0,,0.5572597628555928,0.44274023714440724,
facility_2578,facility_697,0.3379341896602615,3.747389033856366,3.747389033856366,1.0,آزمایشگاه شهران,laboratory,35.7580396,51.2899768,بیمارستان سلامت فردا,hospital,35.74368823718312,51.327500297168406,CALM,0.0,,0.3779341896602615,0.6220658103397385,
facility_2578,facility_698,0.3302764382753165,3.6624713947361838,3.6624713947361838,1.0,آزمایشگاه دیبا,laboratory,35.7707253,51.3042412,بیمارستان سلامت فردا,hospital,35.74368823718312,51.327500297168406,CALM,0.0,,0.3702764382753165,0.6297235617246835,
facility_2513,facility_699,0.036250226959362405,0.40198271479689013,0.40198271479689013,1.0,آزمایشگاه دکتر امامی,laboratory,35.6367811,51.411036,درمانگاه شبانه‌روزی یاس,hospital,35.63380147765345,51.413563736577125,CALM,0.0,,0.0762502269593624,0.9237497730406377,
facility_2442,facility_701,0.4291898001824886,4.759332437667201,4.759332437667201,1.0,آزمایشگاه برنارد,laboratory,35.7248878,51.4187355,بیمارستان کودکان حضرت علی اصغر,hospital,35.767388599236256,51.42599559885438,CALM,0.0,,0.46918980018248857,0.5308101998175114,
facility_1846,facility_705,0.2774183040986315,3.076321788024429,3.076321788024429,1.0,آزمایشگاه جلوه,laboratory,35.7349281,51.4997025,Turan Hearing Aid Center,hospital,35.7417034,51.5326919,CALM,0.0,,0.3174183040986315,0.6825816959013685,
facility_1846,facility_706,0.005258315983894183,0.05831003863328203,0.05831003863328203,1.0,آزمایشگاه دکتر تقوی,laboratory,35.7415009,51.533287,Turan Hearing Aid Center,hospital,35.7417034,51.5326919,CALM,0.0,,0.04525831598389418,0.9547416840161058,
facility_2513,facility_708,0.6357765159316283,7.050195028152711,7.050195028152711,1.0,آزمایشگاه دکتر حبیبی,laboratory,35.6973495,51.4154472,درمانگاه شبانه‌روزی یاس,hospital,35.63380147765345,51.413563736577125,CALM,0.0,,0.6757765159316284,0.32422348406837165,
facility_2578,facility_709,0.2449175852579044,2.7159177771173564,2.7159177771173564,1.0,آزمایشگاه لوتوس,laboratory,35.7345734,51.3553772,بیمارستان سلامت فردا,hospital,35.74368823718312,51.327500297168406,CALM,0.0,,0.2849175852579044,0.7150824147420956,
facility_2442,facility_710,0.6530044978885001,7.241237996387329,7.241237996387329,1.0,آزمایشگاه داورپناه,laboratory,35.7029533,51.4130936,بیمارستان کودکان حضرت علی اصغر,hospital,35.767388599236256,51.42599559885438,CALM,0.0,,0.6930044978885002,0.30699550211149984,
facility_2442,facility_712,0.31375998931123233,3.4793186933522797,3.4793186933522797,1.0,آزمایشگاه بیمارستان رسالت,laboratory,35.7421875,51.4489136,بیمارستان کودکان حضرت علی اصغر,hospital,35.767388599236256,51.42599559885438,CALM,0.0,,0.3537599893112323,0.6462400106887677,
facility_2513,facility_713,0.43168221483030783,4.786971095147969,4.786971095147969,1.0,آزمایشگاه پزشکی ری,laboratory,35.596097,51.4392883,درمانگاه شبانه‌روزی یاس,hospital,35.63380147765345,51.413563736577125,CALM,0.0,,0.4716822148303078,0.5283177851696922,
facility_1846,facility_717,0.07368963691262972,0.8171524093281713,0.8171524093281713,1.0,آزمایشگاه جشنواره,laboratory,35.7346649,51.5353622,Turan Hearing Aid Center,hospital,35.7417034,51.5326919,CALM,0.0,,0.11368963691262973,0.8863103630873703,
facility_2513,facility_72,0.5340156408779434,5.921757601814819,5.921757601814819,1.0,کلینیک امام رضا,clinic,35.6555559,51.3538284,درمانگاه شبانه‌روزی یاس,hospital,35.63380147765345,51.413563736577125,CALM,0.0,,0.5740156408779434,0.42598435912205657,
facility_2442,facility_720,0.1368140350622003,1.5171457353432114,1.5171457353432114,1.0,آزمایشگاه فارابی,laboratory,35.7656441,51.4426422,بیمارستان کودکان حضرت علی اصغر,hospital,35.767388599236256,51.42599559885438,CALM,0.0,,0.1768140350622003,0.8231859649377997,
facility_2442,facility_721,0.427658683597101,4.742353719096567,4.742353719096567,1.0,آزمایشگاه لامارک,laboratory,35.7275124,51.4070663,بیمارستان کودکان حضرت علی اصغر,hospital,35.767388599236256,51.42599559885438,CALM,0.0,,0.467658683597101,0.532341316402899,
facility_2513,facility_722,0.4581854897318163,5.080868797026082,5.080868797026082,1.0,آزمایشگاه کیمیا,laboratory,35.6701164,51.3793488,درمانگاه شبانه‌روزی یاس,hospital,35.63380147765345,51.413563736577125,CALM,0.0,,0.49818548973181626,0.5018145102681837,
facility_2513,facility_723,0.29952897696990316,3.3215094475870455,3.3215094475870455,1.0,آزمایشگاه ویلسون,laboratory,35.6601143,51.4310837,درمانگاه شبانه‌روزی یاس,hospital,35.63380147765345,51.413563736577125,CALM,0.0,,0.33952897696990314,0.6604710230300969,
facility_2442,facility_724,0.3906424802538467,4.331877008755528,4.331877008755528,1.0,آزمایشگاه کوروش,laboratory,35.8063052,51.430051,بیمارستان کودکان حضرت علی اصغر,hospital,35.767388599236256,51.42599559885438,CALM,0.0,,0.43064248025384666,0.5693575197461533,
facility_2442,facility_729,0.219772893534513,2.437085552065887,2.437085552065887,1.0,آزمایشگاه موسسه غرب,laboratory,35.76091,51.4002342,بیمارستان کودکان حضرت علی اصغر,hospital,35.767388599236256,51.42599559885438,CALM,0.0,,0.259772893534513,0.7402271064654871,
facility_2442,facility_73,0.09640831040198733,1.069082253962632,1.069082253962632,1.0,درمانگاه رئوف,clinic,35.7745606,51.4338977,بیمارستان کودکان حضرت علی اصغر,hospital,35.767388599236256,51.42599559885438,CALM,0.0,,0.13640831040198734,0.8635916895980127,
facility_2442,facility_734,0.35489499814896847,3.935469286404403,3.935469286404403,1.0,آزمایشگاه مهناز,laboratory,35.7323036,51.4324951,بیمارستان کودکان حضرت علی اصغر,hospital,35.767388599236256,51.42599559885438,CALM,0.0,,0.39489499814896845,0.6051050018510316,
facility_2578,facility_735,0.3891820434004178,4.3156820654303765,4.3156820654303765,1.0,آزمایشگاه ستارخان,laboratory,35.7184906,51.3638649,بیمارستان سلامت فردا,hospital,35.74368823718312,51.327500297168406,CALM,0.0,,0.42918204340041777,0.5708179565995822,
facility_2442,facility_737,0.44687477026672107,4.955442997017106,4.955442997017106,1.0,کلینیک سلامت ملل متحد,clinic,35.8043752,51.4567557,بیمارستان کودکان حضرت علی اصغر,hospital,35.767388599236256,51.42599559885438,CALM,0.0,,0.48687477026672105,0.5131252297332789,
facility_2513,facility_738,0.6161305638249097,6.832338925583159,6.832338925583159,1.0,آزمایشگاه ولی عصر,laboratory,35.6417618,51.3387337,درمانگاه شبانه‌روزی یاس,hospital,35.63380147765345,51.413563736577125,CALM,0.0,,0.6561305638249098,0.34386943617509025,
facility_2513,facility_739,0.06692542129533037,0.7421432856511884,0.7421432856511884,1.0,آزمایشگاه پاتوبیولوژی خزانه,laboratory,35.6353836,51.4215279,درمانگاه شبانه‌روزی یاس,hospital,35.63380147765345,51.413563736577125,CALM,0.0,,0.10692542129533036,0.8930745787046697,
facility_2513,facility_740,0.42215668398162304,4.68134144613285,4.68134144613285,1.0,آزمایشگاه دکتر عزیزپور,laboratory,35.6655693,51.4476128,درمانگاه شبانه‌روزی یاس,hospital,35.63380147765345,51.413563736577125,CALM,0.0,,0.462156683981623,0.537843316018377,
facility_2442,facility_741,0.3885243453828042,4.3083887804825824,4.3083887804825824,1.0,آزمایشگاه مریم,laboratory,35.7689781,51.3783722,بیمارستان کودکان حضرت علی اصغر,hospital,35.767388599236256,51.42599559885438,CALM,0.0,,0.4285243453828042,0.5714756546171957,
facility_2442,facility_742,0.3399015150690055,3.7692049195770916,3.7692049195770916,1.0,کلینیک زیبایی هستیا,clinic,35.7971755,51.446072,بیمارستان کودکان حضرت علی اصغر,hospital,35.767388599236256,51.42599559885438,CALM,0.0,,0.3799015150690055,0.6200984849309945,
facility_2578,facility_749,0.4417179313733561,4.898258248892662,4.898258248892662,1.0,آزمایشگاه دکتر جلالی,laboratory,35.730175,51.3790703,بیمارستان سلامت فردا,hospital,35.74368823718312,51.327500297168406,CALM,0.0,,0.48171793137335606,0.5182820686266439,
facility_2442,facility_75,0.6608542647621223,7.328284916174031,7.328284916174031,1.0,رادیولوژی و سونوگرافی بزرگمهر,doctors,35.7036552,51.4046207,بیمارستان کودکان حضرت علی اصغر,hospital,35.767388599236256,51.42599559885438,CALM,0.0,,0.7008542647621223,0.2991457352378777,
facility_2578,facility_750,0.42203931859635047,4.680039968593194,4.680039968593194,1.0,آزمایشگاه شهرآرا,laboratory,35.7224388,51.3722115,بیمارستان سلامت فردا,hospital,35.74368823718312,51.327500297168406,CALM,0.0,,0.46203931859635045,0.5379606814036495,
facility_2513,facility_751,0.09918955321789279,1.099923758455841,1.099923758455841,1.0,آزمایشگاه پاتوبیولوژی دی,laboratory,35.6370468,51.4020844,درمانگاه شبانه‌روزی یاس,hospital,35.63380147765345,51.413563736577125,CALM,0.0,,0.13918955321789278,0.8608104467821072,
facility_2442,facility_753,0.4468031802616956,4.954649127654447,4.954649127654447,1.0,آزمایشگاه بیمارستان جم,laboratory,35.7227821,51.4230309,بیمارستان کودکان حضرت علی اصغر,hospital,35.767388599236256,51.42599559885438,CALM,0.0,,0.48680318026169556,0.5131968197383044,
facility_2578,facility_754,0.3918041512205749,4.3447589046241974,4.3447589046241974,1.0,آزمایشگاه سازمان انتقال خون,laboratory,35.7483864,51.375206,بیمارستان سلامت فردا,hospital,35.74368823718312,51.327500297168406,CALM,0.0,,0.43180415122057486,0.5681958487794252,
facility_2578,facility_755,0.006128906661892717,0.0679641134784143,0.0679641134784143,1.0,آزمایشگاه پرژن,laboratory,35.7440147,51.3281364,بیمارستان سلامت فردا,hospital,35.74368823718312,51.327500297168406,CALM,0.0,,0.04612890666189272,0.9538710933381073,
facility_2513,facility_76,0.49645441280032326,5.505237052835269,5.505237052835269,1.0,درمانگاه بهاران,clinic,35.6504544,51.3562798,درمانگاه شبانه‌روزی یاس,hospital,35.63380147765345,51.413563736577125,CALM,0.0,,0.5364544128003232,0.46354558719967676,
facility_2442,facility_763,0.3169853245565341,3.515084787161567,3.515084787161567,1.0,آزمایشگاه دولت,laboratory,35.7749138,51.4637718,بیمارستان کودکان حضرت علی اصغر,hospital,35.767388599236256,51.42599559885438,CALM,0.0,,0.3569853245565341,0.6430146754434659,
facility_2442,facility_765,0.3939115326681215,4.368127887012833,4.368127887012833,1.0,آزمایشگاه نگین اختیاریه,laboratory,35.7882309,51.4670029,بیمارستان کودکان حضرت علی اصغر,hospital,35.767388599236256,51.42599559885438,CALM,0.0,,0.4339115326681215,0.5660884673318785,
facility_1846,facility_767,0.4542830454087947,5.0375941669094075,5.0375941669094075,1.0,آزمایشگاه رسالت,laboratory,35.7383385,51.4771347,Turan Hearing Aid Center,hospital,35.7417034,51.5326919,CALM,0.0,,0.4942830454087947,0.5057169545912052,
facility_2578,facility_773,0.09540371984025545,1.0579422398127338,1.0579422398127338,1.0,آزمایشگاه قانون,laboratory,35.736702,51.3195343,بیمارستان سلامت فردا,hospital,35.74368823718312,51.327500297168406,CALM,0.0,,0.13540371984025545,0.8645962801597445,
facility_1846,facility_775,0.10974175543407777,1.2169382780808626,1.2169382780808626,1.0,آزمایشگاه آریا,laboratory,35.752594,51.5310555,Turan Hearing Aid Center,hospital,35.7417034,51.5326919,CALM,0.0,,0.14974175543407778,0.8502582445659222,
facility_1846,facility_776,0.4492150387471088,4.981394489076851,4.981394489076851,1.0,آزمایشگاه پاتوبیولوژی همت,laboratory,35.7483101,51.478199,Turan Hearing Aid Center,hospital,35.7417034,51.5326919,CALM,0.0,,0.48921503874710875,0.5107849612528912,
facility_2578,facility_777,0.45072798946079395,4.998171764317716,4.998171764317716,1.0,آزمایشگاه کیهان,laboratory,35.712326,51.3671875,بیمارستان سلامت فردا,hospital,35.74368823718312,51.327500297168406,CALM,0.0,,0.49072798946079393,0.5092720105392061,
facility_2442,facility_779,0.3259543041433709,3.614542778619559,3.614542778619559,1.0,آزمایشگاه خادم,laboratory,35.7972794,51.4100609,بیمارستان کودکان حضرت علی اصغر,hospital,35.767388599236256,51.42599559885438,CALM,0.0,,0.3659543041433709,0.6340456958566292,
facility_2578,facility_78,0.3827123307345769,4.243938717056695,4.243938717056695,1.0,unnamed,clinic,35.76849,51.291753,بیمارستان سلامت فردا,hospital,35.74368823718312,51.327500297168406,CALM,0.0,,0.42271233073457687,0.5772876692654232,
facility_2513,facility_783,0.07205271648068357,0.7990004203798575,0.7990004203798575,1.0,آزمایشگاه پاتوبیولوژی شفق طب آزما,laboratory,35.63694,51.4056206,درمانگاه شبانه‌روزی یاس,hospital,35.63380147765345,51.413563736577125,CALM,0.0,,0.11205271648068357,0.8879472835193164,
facility_2513,facility_784,0.6236407725021504,6.9156204475486005,6.9156204475486005,1.0,آزمایشگاه بازرگانان,laboratory,35.6520042,51.3405037,درمانگاه شبانه‌روزی یاس,hospital,35.63380147765345,51.413563736577125,CALM,0.0,,0.6636407725021505,0.3363592274978495,
facility_2578,facility_789,0.24373535602514398,2.7028079083976366,2.7028079083976366,1.0,آزمایشگاه دکتر نیکوکار,laboratory,35.7680511,51.3268242,بیمارستان سلامت فردا,hospital,35.74368823718312,51.327500297168406,CALM,0.0,,0.283735356025144,0.716264643974856,
facility_2578,facility_791,0.16411985074729252,1.8199428993759172,1.8199428993759172,1.0,آزمایشگاه پاتوبیولوژی هما,laboratory,35.7599411,51.3247299,بیمارستان سلامت فردا,hospital,35.74368823718312,51.327500297168406,CALM,0.0,,0.20411985074729252,0.7958801492527074,
facility_2442,facility_797,0.4316949509157453,4.787112326986483,4.787112326986483,1.0,آزمایشگاه تشخیص طبی نیک,laboratory,35.7553711,51.4768562,بیمارستان کودکان حضرت علی اصغر,hospital,35.767388599236256,51.42599559885438,CALM,0.0,,0.47169495091574526,0.5283050490842547,
facility_1846,facility_798,0.14150822134423785,1.5692000782727369,1.5692000782727369,1.0,آزمایشگاه فرجام,laboratory,35.7365532,51.5165291,Turan Hearing Aid Center,hospital,35.7417034,51.5326919,CALM,0.0,,0.18150822134423786,0.8184917786557622,
facility_1846,facility_8,0.620389598553153,6.879567825539916,6.879567825539916,1.0,درمانگاه ازگل,clinic,35.7961139,51.4961524,Turan Hearing Aid Center,hospital,35.7417034,51.5326919,CALM,0.0,,0.660389598553153,0.33961040144684695,
facility_2442,facility_800,0.6109147272983285,6.774499946278496,6.774499946278496,1.0,آزمایشگاه ژنتیک پزشکی دکتر اکبری,laboratory,35.7063179,51.4246826,بیمارستان کودکان حضرت علی اصغر,hospital,35.767388599236256,51.42599559885438,CALM,0.0,,0.6509147272983286,0.34908527270167145,
facility_2442,facility_805,0.42516614588827045,4.7147136969788415,4.7147136969788415,1.0,آزمایشگاه شفق,laboratory,35.725605,51.435585,بیمارستان کودکان حضرت علی اصغر,hospital,35.767388599236256,51.42599559885438,CALM,0.0,,0.46516614588827043,0.5348338541117296,
facility_1846,facility_806,0.21705722866011065,2.406971248508158,2.406971248508158,1.0,آزمایشگاه افق,laboratory,35.7382317,51.5064163,Turan Hearing Aid Center,hospital,35.7417034,51.5326919,CALM,0.0,,0.25705722866011066,0.7429427713398893,
facility_2513,facility_807,0.4747422254703464,5.264468242839485,5.264468242839485,1.0,آزمایشگاه نعمت آباد,laboratory,35.6283188,51.3558121,درمانگاه شبانه‌روزی یاس,hospital,35.63380147765345,51.413563736577125,CALM,0.0,,0.5147422254703464,0.4852577745296536,
facility_2578,facility_810,0.43638329276854587,4.8391018604036775,4.8391018604036775,1.0,آزمایشگاه هدف,laboratory,35.7267841,51.3768334,بیمارستان سلامت فردا,hospital,35.74368823718312,51.327500297168406,CALM,0.0,,0.47638329276854585,0.5236167072314541,
facility_2513,facility_814,0.3281150942216119,3.638504015130746,3.638504015130746,1.0,آزمایشگاه دولت آباد,laboratory,35.6182747,51.4489594,درمانگاه شبانه‌روزی یاس,hospital,35.63380147765345,51.413563736577125,CALM,0.0,,0.36811509422161187,0.6318849057783882,
facility_2513,facility_819,0.4687666240351194,5.198204147716176,5.198204147716176,1.0,آزمایشگاه جوانه,laboratory,35.6377335,51.3563538,درمانگاه شبانه‌روزی یاس,hospital,35.63380147765345,51.413563736577125,CALM,0.0,,0.5087666240351194,0.4912333759648806,
facility_2578,facility_823,0.19501419570693354,2.1625336553640158,2.1625336553640158,1.0,آزمایشگاه شایان,laboratory,35.7439117,51.3035851,بیمارستان سلامت فردا,hospital,35.74368823718312,51.327500297168406,CALM,0.0,,0.23501419570693355,0.7649858042930664,
facility_2578,facility_825,0.3323865093633754,3.685870202841391,3.685870202841391,1.0,آزمایشگاه پارامیس,laboratory,35.753685,51.3663788,بیمارستان سلامت فردا,hospital,35.74368823718312,51.327500297168406,CALM,0.0,,0.37238650936337536,0.6276134906366246,
facility_2513,facility_827,0.03530100027123799,0.391456636671154,0.391456636671154,1.0,آزمایشگاه دکتر محمدی جوبنی,laboratory,35.632534,51.4175987,درمانگاه شبانه‌روزی یاس,hospital,35.63380147765345,51.413563736577125,CALM,0.0,,0.07530100027123798,0.924698999728762,
facility_2442,facility_828,0.2794257133182946,3.09858216749,3.09858216749,1.0,آزمایشگاه امگا,laboratory,35.7565689,51.3943939,بیمارستان کودکان حضرت علی اصغر,hospital,35.767388599236256,51.42599559885438,CALM,0.0,,0.31942571331829456,0.6805742866817055,
facility_2442,facility_829,0.08033502946322238,0.8908438910773177,0.8908438910773177,1.0,آزمایشگاه جردن,laboratory,35.761261,51.4196243,بیمارستان کودکان حضرت علی اصغر,hospital,35.767388599236256,51.42599559885438,CALM,0.0,,0.12033502946322239,0.8796649705367776,
facility_2578,facility_830,0.4687026419992921,5.197494643952547,5.197494643952547,1.0,آزمایشگاه ایثار,laboratory,35.7865753,51.3506737,بیمارستان سلامت فردا,hospital,35.74368823718312,51.327500297168406,CALM,0.0,,0.5087026419992922,0.49129735800070784,
facility_2578,facility_834,0.4033758665705173,4.473078916425539,4.473078916425539,1.0,آزمایشگاه پاتوبیولوژی مادر,laboratory,35.7371407,51.3763123,بیمارستان سلامت فردا,hospital,35.74368823718312,51.327500297168406,CALM,0.0,,0.4433758665705173,0.5566241334294827,
facility_2658,facility_835,0.3936368537348492,4.365081942406249,4.365081942406249,1.0,آزمایشگاه پاتوبیولوژی ملت,laboratory,35.7315979,51.1890755,مرکز توانبخشی امید فردا,hospital,35.74719294308631,51.14475321540338,CALM,0.0,,0.43363685373484917,0.5663631462651508,
facility_2442,facility_836,0.29109043711408794,3.2279335600770156,3.2279335600770156,1.0,آزمایشگاه آرژانتین,laboratory,35.7396584,51.4151573,بیمارستان کودکان حضرت علی اصغر,hospital,35.767388599236256,51.42599559885438,CALM,0.0,,0.3310904371140879,0.6689095628859121,
facility_2442,facility_84,0.11783201764734783,1.306652076881481,1.306652076881481,1.0,کیش طب آریا /تن آور,clinic,35.7705886,51.4399076,بیمارستان کودکان حضرت علی اصغر,hospital,35.767388599236256,51.42599559885438,CALM,0.0,,0.15783201764734783,0.8421679823526522,
facility_2578,facility_840,0.5218831994645583,5.7872196376267855,5.7872196376267855,1.0,آزمایشگاه سلام,laboratory,35.71101,51.377388,بیمارستان سلامت فردا,hospital,35.74368823718312,51.327500297168406,CALM,0.0,,0.5618831994645583,0.43811680053544166,
facility_2513,facility_842,0.23149649921472476,2.567089892282097,2.567089892282097,1.0,آزمایشگاه پارسیا,laboratory,35.6491127,51.3922997,درمانگاه شبانه‌روزی یاس,hospital,35.63380147765345,51.413563736577125,CALM,0.0,,0.27149649921472474,0.7285035007852753,
facility_1846,facility_843,0.19327715965083786,2.143271473355826,2.143271473355826,1.0,آزمایشگاه افشار,laboratory,35.7368965,51.5556488,Turan Hearing Aid Center,hospital,35.7417034,51.5326919,CALM,0.0,,0.23327715965083787,0.7667228403491622,
facility_2578,facility_844,0.4777615044203399,5.297949355948324,5.297949355948324,1.0,آزمایشگاه پاتریس,laboratory,35.7125435,51.3719177,بیمارستان سلامت فردا,hospital,35.74368823718312,51.327500297168406,CALM,0.0,,0.5177615044203399,0.48223849557966014,
facility_2513,facility_845,0.26288880534268017,2.915202593899028,2.915202593899028,1.0,آزمایشگاه کیانشهر,laboratory,35.6355858,51.4456863,درمانگاه شبانه‌روزی یاس,hospital,35.63380147765345,51.413563736577125,CALM,0.0,,0.30288880534268015,0.6971111946573199,
facility_1846,facility_846,0.00958665985016649,0.10630751517016307,0.10630751517016307,1.0,آزمایشگاه ساحل,laboratory,35.7408714,51.5332756,Turan Hearing Aid Center,hospital,35.7417034,51.5326919,CALM,0.0,,0.04958665985016649,0.9504133401498335,
facility_2578,facility_848,0.16460304274893578,1.825301068107011,1.825301068107011,1.0,آزمایشگاه ایرانا,laboratory,35.760006,51.3301239,بیمارستان سلامت فردا,hospital,35.74368823718312,51.327500297168406,CALM,0.0,,0.2046030427489358,0.7953969572510642,
facility_2513,facility_851,0.5296550461845316,5.873402492343322,5.873402492343322,1.0,آزمایشگاه محسن,laboratory,35.6814232,51.3851814,درمانگاه شبانه‌روزی یاس,hospital,35.63380147765345,51.413563736577125,CALM,0.0,,0.5696550461845317,0.43034495381546833,
facility_2578,facility_855,0.5959960460650572,6.609065065275883,6.609065065275883,1.0,آزمایشگاه فیتاس,laboratory,35.708149,51.386158,بیمارستان سلامت فردا,hospital,35.74368823718312,51.327500297168406,CALM,0.0,,0.6359960460650572,0.3640039539349428,
facility_2578,facility_856,0.5652780920711893,6.26843032791814,6.26843032791814,1.0,آزمایشگاه آرتا,laboratory,35.7132988,51.3859406,بیمارستان سلامت فردا,hospital,35.74368823718312,51.327500297168406,CALM,0.0,,0.6052780920711893,0.3947219079288107,
facility_2442,facility_857,0.35482920917868704,3.9347397453478177,3.9347397453478177,1.0,آزمایشگاه پاتوبیولوژی و ژنتیک پزشکی تهران لب,laboratory,35.7342494,51.4104611,بیمارستان کودکان حضرت علی اصغر,hospital,35.767388599236256,51.42599559885438,CALM,0.0,,0.394829209178687,0.605170790821313,
facility_2442,facility_859,0.27169253149563305,3.012828072030783,3.012828072030783,1.0,آزمایشگاه بهمن طب,laboratory,35.7562828,51.3955803,بیمارستان کودکان حضرت علی اصغر,hospital,35.767388599236256,51.42599559885438,CALM,0.0,,0.31169253149563303,0.688307468504367,
facility_2442,facility_86,0.22787654858307835,2.5269478654757207,2.5269478654757207,1.0,مطب دکتر سهراب هاشمى فشارکى,doctors,35.7800155,51.4492664,بیمارستان کودکان حضرت علی اصغر,hospital,35.767388599236256,51.42599559885438,CALM,0.0,,0.26787654858307836,0.7321234514169217,
facility_2442,facility_860,0.43869168392436164,4.8646998613394565,4.8646998613394565,1.0,آزمایشگاه تاو,laboratory,35.7705307,51.3723156,بیمارستان کودکان حضرت علی اصغر,hospital,35.767388599236256,51.42599559885438,CALM,0.0,,0.4786916839243616,0.5213083160756384,
facility_2513,facility_862,0.5012430953048727,5.558339274667896,5.558339274667896,1.0,آزمایشگاه جاوید,laboratory,35.6818962,51.3963013,درمانگاه شبانه‌روزی یاس,hospital,35.63380147765345,51.413563736577125,CALM,0.0,,0.5412430953048727,0.4587569046951273,
facility_2442,facility_866,0.38848097570536716,4.307907849406052,4.307907849406052,1.0,آزمایشگاه تجریش,laboratory,35.8062286,51.4257469,بیمارستان کودکان حضرت علی اصغر,hospital,35.767388599236256,51.42599559885438,CALM,0.0,,0.42848097570536714,0.5715190242946329,
facility_2578,facility_869,0.5488018251508173,6.0857232095932225,6.0857232095932225,1.0,پژوهشگاه ملی مهندسی ژنتیک و زیست فن آوری و ژنتیک پزشکی,laboratory,35.7126045,51.3829536,بیمارستان سلامت فردا,hospital,35.74368823718312,51.327500297168406,CALM,0.0,,0.5888018251508174,0.41119817484918264,
facility_2513,facility_87,0.48968833090492836,5.430207233797226,5.430207233797226,1.0,آزمایشگاه پیشرفته,laboratory,35.6576189,51.3611572,درمانگاه شبانه‌روزی یاس,hospital,35.63380147765345,51.413563736577125,CALM,0.0,,0.5296883309049284,0.4703116690950716,
facility_2513,facility_870,0.6380181105221697,7.075052314701289,7.075052314701289,1.0,آزمایشگاه بهین,laboratory,35.6350784,51.4916878,درمانگاه شبانه‌روزی یاس,hospital,35.63380147765345,51.413563736577125,CALM,0.0,,0.6780181105221698,0.32198188947783024,
facility_1846,facility_871,0.016825541722490643,0.18658026464544084,0.18658026464544084,1.0,آزمایشگاه پند,laboratory,35.7432289,51.5318222,Turan Hearing Aid Center,hospital,35.7417034,51.5326919,CALM,0.0,,0.056825541722490644,0.9431744582775093,
facility_2442,facility_873,0.39198275480307254,4.346739459202389,4.346739459202389,1.0,آزمایشگاه فرین,laboratory,35.7977791,51.4563637,بیمارستان کودکان حضرت علی اصغر,hospital,35.767388599236256,51.42599559885438,CALM,0.0,,0.4319827548030725,0.5680172451969274,
facility_2513,facility_875,0.4235311865374095,4.696583454672265,4.696583454672265,1.0,آزمایشگاه حافظ,laboratory,35.6677003,51.3824708,درمانگاه شبانه‌روزی یاس,hospital,35.63380147765345,51.413563736577125,CALM,0.0,,0.4635311865374095,0.5364688134625906,
facility_2513,facility_877,0.6742647216464492,7.476994933109141,7.476994933109141,1.0,آزمایشگاه فر دانش,laboratory,35.6525078,51.4929085,درمانگاه شبانه‌روزی یاس,hospital,35.63380147765345,51.413563736577125,CALM,0.0,,0.7142647216464493,0.2857352783535507,
facility_2513,facility_878,0.4655142252897433,5.162137943807055,5.162137943807055,1.0,آزمایشگاه رایت,laboratory,35.6792755,51.4014091,درمانگاه شبانه‌روزی یاس,hospital,35.63380147765345,51.413563736577125,CALM,0.0,,0.5055142252897433,0.4944857747102567,
facility_2442,facility_879,0.5021052011635277,5.5678992604272395,5.5678992604272395,1.0,آزمایشگاه برنا,laboratory,35.7766342,51.4865417,بیمارستان کودکان حضرت علی اصغر,hospital,35.767388599236256,51.42599559885438,CALM,0.0,,0.5421052011635278,0.4578947988364722,
facility_2578,facility_880,0.5858668049867106,6.496740807773426,6.496740807773426,1.0,آزمایشگاه یکتا,laboratory,35.7070541,51.3835526,بیمارستان سلامت فردا,hospital,35.74368823718312,51.327500297168406,CALM,0.0,,0.6258668049867107,0.37413319501328934,
facility_2578,facility_881,0.1996550331224608,2.213996406902536,2.213996406902536,1.0,آزمایشگاه پزشکی آنالیز,laboratory,35.75951,51.3125687,بیمارستان سلامت فردا,hospital,35.74368823718312,51.327500297168406,CALM,0.0,,0.2396550331224608,0.7603449668775392,
facility_1846,facility_882,0.248795270119539,2.758917846870136,2.758917846870136,1.0,آزمایشگاه امید بهشت,laboratory,35.7432938,51.5631409,Turan Hearing Aid Center,hospital,35.7417034,51.5326919,CALM,0.0,,0.288795270119539,0.711204729880461,
facility_2442,facility_884,0.2541467901881021,2.8182614357492515,2.8182614357492515,1.0,آزمایشگاه جام جم,laboratory,35.7449608,51.4113426,بیمارستان کودکان حضرت علی اصغر,hospital,35.767388599236256,51.42599559885438,CALM,0.0,,0.2941467901881021,0.7058532098118979,
facility_2578,facility_888,0.19624396080765857,2.1761706545007686,2.1761706545007686,1.0,آزمایشگاه تشخیص طبی روشان,laboratory,35.7395668,51.3039703,بیمارستان سلامت فردا,hospital,35.74368823718312,51.327500297168406,CALM,0.0,,0.23624396080765858,0.7637560391923415,
facility_2442,facility_889,0.41031051888378683,4.549978031186548,4.549978031186548,1.0,آزمایشگاه شیلا,laboratory,35.7688522,51.4762993,بیمارستان کودکان حضرت علی اصغر,hospital,35.767388599236256,51.42599559885438,CALM,0.0,,0.4503105188837868,0.5496894811162132,
facility_2442,facility_894,0.41010431805795783,4.547691447771414,4.547691447771414,1.0,آزمایشگاه تشخیص طبی سامان,laboratory,35.7691231,51.4762611,بیمارستان کودکان حضرت علی اصغر,hospital,35.767388599236256,51.42599559885438,CALM,0.0,,0.4501043180579578,0.5498956819420422,
facility_2442,facility_895,0.2542688332796332,2.8196147848830613,2.8196147848830613,1.0,آزمایشگاه میارناژن,laboratory,35.7449074,51.4114342,بیمارستان کودکان حضرت علی اصغر,hospital,35.767388599236256,51.42599559885438,CALM,0.0,,0.29426883327963316,0.7057311667203668,
facility_2442,facility_899,0.6173939483440241,6.846348734111951,6.846348734111951,1.0,آزمایشگاه نیوان,laboratory,35.8001404,51.4902077,بیمارستان کودکان حضرت علی اصغر,hospital,35.767388599236256,51.42599559885438,CALM,0.0,,0.6573939483440241,0.3426060516559759,
facility_2578,facility_901,0.3370999536732034,3.7381381001384937,3.7381381001384937,1.0,آزمایشگاه پالادیوم,laboratory,35.7691543,51.3545859,بیمارستان سلامت فردا,hospital,35.74368823718312,51.327500297168406,CALM,0.0,,0.37709995367320337,0.6229000463267966,
facility_2513,facility_902,0.3997784298642945,4.433186548990197,4.433186548990197,1.0,آزمایشگاه اکرم,laboratory,35.6603546,51.3769608,درمانگاه شبانه‌روزی یاس,hospital,35.63380147765345,51.413563736577125,CALM,0.0,,0.4397784298642945,0.5602215701357055,
facility_2513,facility_903,0.6718035195218838,7.449702394698119,7.449702394698119,1.0,آزمایشگاه برتر,laboratory,35.6139641,51.4921608,درمانگاه شبانه‌روزی یاس,hospital,35.63380147765345,51.413563736577125,CALM,0.0,,0.7118035195218838,0.2881964804781162,
facility_2513,facility_908,0.039587199463087905,0.4389867663233511,0.4389867663233511,1.0,آزمایشگاه مهسا,laboratory,35.636692,51.4102516,درمانگاه شبانه‌روزی یاس,hospital,35.63380147765345,51.413563736577125,CALM,0.0,,0.0795871994630879,0.9204128005369121,
facility_1846,facility_910,0.0024264080773810297,0.026906703432344095,0.026906703432344095,1.0,آزمایشگاه سروین,laboratory,35.7416267,51.5329742,Turan Hearing Aid Center,hospital,35.7417034,51.5326919,CALM,0.0,,0.04242640807738103,0.9575735919226189,
facility_1846,facility_911,0.16339956161461663,1.8119555347363432,1.8119555347363432,1.0,آزمایشگاه رایان,laboratory,35.7580109,51.5314941,Turan Hearing Aid Center,hospital,35.7417034,51.5326919,CALM,0.0,,0.20339956161461664,0.7966004383853833,
facility_2578,facility_914,0.6334732792462864,7.024654185701395,7.024654185701395,1.0,آزمایشگاه تشخیص پزشکی سیمرغ,laboratory,35.7056002,51.3895575,بیمارستان سلامت فردا,hospital,35.74368823718312,51.327500297168406,CALM,0.0,,0.6734732792462864,0.3265267207537136,
facility_2442,facility_923,0.41905454964416133,4.646941540608522,4.646941540608522,1.0,آزمایشگاه نگین,laboratory,35.7710648,51.3747845,بیمارستان کودکان حضرت علی اصغر,hospital,35.767388599236256,51.42599559885438,CALM,0.0,,0.4590545496441613,0.5409454503558386,
facility_2442,facility_924,0.4724907697377402,5.239501605012565,5.239501605012565,1.0,آزمایشگاه دکتر زینلی,laboratory,35.7218538,51.4105661,بیمارستان کودکان حضرت علی اصغر,hospital,35.767388599236256,51.42599559885438,CALM,0.0,,0.5124907697377402,0.4875092302622598,
facility_1846,facility_927,0.11111981782009234,1.2322197619653805,1.2322197619653805,1.0,آزمایشگاه پاتوبیولوژی و ژنتیک پزشکی میلاد,laboratory,35.7310181,51.5289612,Turan Hearing Aid Center,hospital,35.7417034,51.5326919,CALM,0.0,,0.15111981782009234,0.8488801821799077,
facility_2513,facility_931,0.6918344237357205,7.671827273108981,7.671827273108981,1.0,آزمایشگاه کاوشگر تیسفون,laboratory,35.6287613,51.4980659,درمانگاه شبانه‌روزی یاس,hospital,35.63380147765345,51.413563736577125,CALM,0.0,,0.7318344237357205,0.2681655762642795,
facility_2578,facility_933,0.3757101397578225,4.166290658700607,4.166290658700607,1.0,آزمایشگاه پاتوبیولوژی سعادت آباد,laboratory,35.7716904,51.3582191,بیمارستان سلامت فردا,hospital,35.74368823718312,51.327500297168406,CALM,0.0,,0.4157101397578225,0.5842898602421776,
facility_2608,facility_941,0.6116982073068693,6.783188041422711,6.783188041422711,1.0,آزمایشگاه دکتر جعفری,laboratory,35.6469345,51.3370972,بیمارستان خیریه امام علی,hospital,35.65795459468426,51.263389734065655,CALM,0.0,,0.6516982073068693,0.34830179269313066,
facility_2658,facility_943,0.10942354543986403,1.2134096127984924,1.2134096127984924,1.0,آزمایشگاه وردآورد,laboratory,35.7392448,51.1355314,مرکز توانبخشی امید فردا,hospital,35.74719294308631,51.14475321540338,CALM,0.0,,0.14942354543986403,0.850576454560136,
facility_2513,facility_944,0.6016904319234051,6.67221073023974,6.67221073023974,1.0,آزمایشگاه تشخیص طبی و ژنتیک انستیتو پاستور,laboratory,35.692173,51.3957291,درمانگاه شبانه‌روزی یاس,hospital,35.63380147765345,51.413563736577125,CALM,0.0,,0.6416904319234051,0.35830956807659486,
facility_2513,facility_945,0.43402165813485766,4.812913436742977,4.812913436742977,1.0,آزمایشگاه لفلر,laboratory,35.6769981,51.4084892,درمانگاه شبانه‌روزی یاس,hospital,35.63380147765345,51.413563736577125,CALM,0.0,,0.47402165813485764,0.5259783418651424,
facility_2513,facility_947,0.395633777021893,4.387226042222973,4.387226042222973,1.0,آزمایشگاه سانترال,laboratory,35.6582565,51.375473,درمانگاه شبانه‌روزی یاس,hospital,35.63380147765345,51.413563736577125,CALM,0.0,,0.435633777021893,0.564366222978107,
facility_2578,facility_950,0.11772541510380999,1.305469949666012,1.305469949666012,1.0,کلینیک نگین آتریسا,clinic,35.7544162,51.3334411,بیمارستان سلامت فردا,hospital,35.74368823718312,51.327500297168406,CALM,0.0,,0.15772541510381,0.84227458489619,
facility_2442,facility_951,0.23569146824469864,2.6136083607332923,2.6136083607332923,1.0,آزمایشگاه مندل,laboratory,35.7472545,51.4109743,بیمارستان کودکان حضرت علی اصغر,hospital,35.767388599236256,51.42599559885438,CALM,0.0,,0.27569146824469865,0.7243085317553013,
facility_2442,facility_952,0.44129582677792123,4.893577485062098,4.893577485062098,1.0,آزمایشگاه جهان,laboratory,35.7291374,51.3990211,بیمارستان کودکان حضرت علی اصغر,hospital,35.767388599236256,51.42599559885438,CALM,0.0,,0.4812958267779212,0.5187041732220787,
facility_2578,facility_953,0.5798804879459857,6.430357886133704,6.430357886133704,1.0,آزمایشگاه فروردین نوین,laboratory,35.708271,51.3837929,بیمارستان سلامت فردا,hospital,35.74368823718312,51.327500297168406,CALM,0.0,,0.6198804879459857,0.3801195120540143,
facility_2578,facility_954,0.5792211647693705,6.423046579620743,6.423046579620743,1.0,آزمایشگاه روناش,laboratory,35.7083269,51.3837437,بیمارستان سلامت فردا,hospital,35.74368823718312,51.327500297168406,CALM,0.0,,0.6192211647693705,0.3807788352306295,
facility_2442,facility_956,0.48161354252259353,5.340665025993117,5.340665025993117,1.0,آزمایشگاه نامدار,laboratory,35.7235451,51.4015732,بیمارستان کودکان حضرت علی اصغر,hospital,35.767388599236256,51.42599559885438,CALM,0.0,,0.5216135425225935,0.4783864574774065,
facility_2578,facility_957,0.4138973156608865,4.589752411289039,4.589752411289039,1.0,آزمایشگاه پاتوبیولوژی سام,laboratory,35.735733,51.3773117,بیمارستان سلامت فردا,hospital,35.74368823718312,51.327500297168406,CALM,0.0,,0.4538973156608865,0.5461026843391135,
facility_2578,facility_958,0.34457595833471294,3.8210403300483025,3.8210403300483025,1.0,آزمایشگاه شافی,laboratory,35.7221336,51.3604622,بیمارستان سلامت فردا,hospital,35.74368823718312,51.327500297168406,CALM,0.0,,0.3845759583347129,0.6154240416652871,
facility_2578,facility_959,0.41099519857850825,4.557570518890389,4.557570518890389,1.0,آزمایشگاه ظریفی,laboratory,35.7708359,51.365345,بیمارستان سلامت فردا,hospital,35.74368823718312,51.327500297168406,CALM,0.0,,0.4509951985785082,0.5490048014214918,
facility_2442,facility_96,0.37641782627066817,4.174138271516321,4.174138271516321,1.0,دکتر حامد عباسی,doctors,35.8048619,51.4217257,بیمارستان کودکان حضرت علی اصغر,hospital,35.767388599236256,51.42599559885438,CALM,0.0,,0.41641782627066815,0.5835821737293319,
facility_2442,facility_963,0.551524656259349,6.115916980301693,6.115916980301693,1.0,آزمایشگاه سپند,laboratory,35.8020401,51.4786377,بیمارستان کودکان حضرت علی اصغر,hospital,35.767388599236256,51.42599559885438,CALM,0.0,,0.591524656259349,0.408475343740651,
facility_2442,facility_966,0.2314230388350012,2.566275282130707,2.566275282130707,1.0,آزمایشگاه نگاه,laboratory,35.7521858,51.4473953,بیمارستان کودکان حضرت علی اصغر,hospital,35.767388599236256,51.42599559885438,CALM,0.0,,0.2714230388350012,0.7285769611649988,
facility_2442,facility_967,0.4482848083275079,4.971079062641673,4.971079062641673,1.0,آزمایشگاه آتبین,laboratory,35.7240791,51.4118423,بیمارستان کودکان حضرت علی اصغر,hospital,35.767388599236256,51.42599559885438,CALM,0.0,,0.48828480832750787,0.5117151916724921,
facility_2442,facility_969,0.3095082696395889,3.4321709108548477,3.4321709108548477,1.0,آزمایشگاه روشن آزما,laboratory,35.7377205,51.4152031,بیمارستان کودکان حضرت علی اصغر,hospital,35.767388599236256,51.42599559885438,CALM,0.0,,0.34950826963958886,0.6504917303604112,
facility_2442,facility_970,0.2772796912896244,3.0747846954889044,3.0747846954889044,1.0,آزمایشگاه سنا,laboratory,35.7457123,51.4047928,بیمارستان کودکان حضرت علی اصغر,hospital,35.767388599236256,51.42599559885438,CALM,0.0,,0.31727969128962435,0.6827203087103757,
facility_2442,facility_972,0.36330825363465935,4.028764792780382,4.028764792780382,1.0,آزمایشگاه درمانگاه خورشید,laboratory,35.7444308,51.4605293,بیمارستان کودکان حضرت علی اصغر,hospital,35.767388599236256,51.42599559885438,CALM,0.0,,0.40330825363465933,0.5966917463653407,
facility_2442,facility_974,0.22789822844963023,2.527188275877088,2.527188275877088,1.0,آزمایشگاه کاوه,laboratory,35.7800636,51.4492302,بیمارستان کودکان حضرت علی اصغر,hospital,35.767388599236256,51.42599559885438,CALM,0.0,,0.26789822844963024,0.7321017715503697,
facility_1846,facility_976,0.010038179445986178,0.11131446514360913,0.11131446514360913,1.0,آزمایشگاه رها,laboratory,35.7406998,51.5326996,Turan Hearing Aid Center,hospital,35.7417034,51.5326919,CALM,0.0,,0.05003817944598618,0.9499618205540138,
facility_1846,facility_977,0.11148410174500097,1.2362593460831792,1.2362593460831792,1.0,آزمایشگاه بهار شرق,laboratory,35.7417221,51.5463638,Turan Hearing Aid Center,hospital,35.7417034,51.5326919,CALM,0.0,,0.15148410174500096,0.8485158982549991,
facility_1846,facility_978,0.07892913475366481,0.8752537715257881,0.8752537715257881,1.0,آزمایشگاه فضل,laboratory,35.7355461,51.526638,Turan Hearing Aid Center,hospital,35.7417034,51.5326919,CALM,0.0,,0.11892913475366482,0.8810708652463352,
facility_2442,facility_979,0.11868512019908704,1.3161122239898764,1.3161122239898764,1.0,آزمایشگاه نگار,laboratory,35.7702675,51.4401207,بیمارستان کودکان حضرت علی اصغر,hospital,35.767388599236256,51.42599559885438,CALM,0.0,,0.15868512019908704,0.8413148798009129,
facility_2513,facility_98,0.664270985539214,7.366173304989306,7.366173304989306,1.0,درمانگاه ابوریحان,clinic,35.6995742,51.4022672,درمانگاه شبانه‌روزی یاس,hospital,35.63380147765345,51.413563736577125,CALM,0.0,,0.7042709855392141,0.2957290144607859,
facility_2442,facility_980,0.5589224573330108,6.197952002108636,6.197952002108636,1.0,آزمایشگاه روشا,laboratory,35.7916145,51.487793,بیمارستان کودکان حضرت علی اصغر,hospital,35.767388599236256,51.42599559885438,CALM,0.0,,0.5989224573330109,0.40107754266698914,
facility_2442,facility_982,0.5572563294510913,6.179476128566558,6.179476128566558,1.0,آزمایشگاه دلتا,laboratory,35.8108177,51.4688301,بیمارستان کودکان حضرت علی اصغر,hospital,35.767388599236256,51.42599559885438,CALM,0.0,,0.5972563294510913,0.4027436705489087,
facility_2513,facility_983,0.19578228406066758,2.17105107077176,2.17105107077176,1.0,آزمایشگاه خانی آباد,laboratory,35.6258278,51.3916664,درمانگاه شبانه‌روزی یاس,hospital,35.63380147765345,51.413563736577125,CALM,0.0,,0.2357822840606676,0.7642177159393324,
facility_2442,facility_984,0.7393649892369765,8.198898890548652,8.198898890548652,1.0,آزمایشگاه دارآباد,laboratory,35.8182106,51.4918823,بیمارستان کودکان حضرت علی اصغر,hospital,35.767388599236256,51.42599559885438,CALM,0.0,,0.7793649892369765,0.2206350107630235,
facility_2442,facility_987,0.11181469388963539,1.2399253183801153,1.2399253183801153,1.0,آزمایشگاه صوفیا,laboratory,35.7759323,51.4171486,بیمارستان کودکان حضرت علی اصغر,hospital,35.767388599236256,51.42599559885438,CALM,0.0,,0.1518146938896354,0.8481853061103646,
facility_2513,facility_988,0.3622104812277398,4.01659147500068,4.01659147500068,1.0,آزمایشگاه صفاییه,laboratory,35.6095461,51.4464999,درمانگاه شبانه‌روزی یاس,hospital,35.63380147765345,51.413563736577125,CALM,0.0,,0.4022104812277398,0.5977895187722602,
facility_2578,facility_99,0.471411805032635,5.227536847886647,5.227536847886647,1.0,کاشت مو ایران نوین,clinic,35.7868693,51.3506788,بیمارستان سلامت فردا,hospital,35.74368823718312,51.327500297168406,CALM,0.0,,0.5114118050326351,0.48858819496736494,
facility_2442,facility_990,0.2069876163907476,2.295308221362746,2.295308221362746,1.0,ام.آر.آی ولیعصر,clinic,35.7843651,51.4405189,بیمارستان کودکان حضرت علی اصغر,hospital,35.767388599236256,51.42599559885438,CALM,0.0,,0.2469876163907476,0.7530123836092524,
facility_2513,facility_992,0.47642593970019986,5.283139133309148,5.283139133309148,1.0,آزمایشگاه مرجع بهداشت,laboratory,35.6814156,51.4118614,درمانگاه شبانه‌روزی یاس,hospital,35.63380147765345,51.413563736577125,CALM,0.0,,0.5164259397001999,0.4835740602998001,
facility_2513,facility_995,0.053316551877833525,0.5912330505264709,0.5912330505264709,1.0,درمانگاه شبانه روزی دکتر اطمینان,clinic,35.638652,51.4108551,درمانگاه شبانه‌روزی یاس,hospital,35.63380147765345,51.413563736577125,CALM,0.0,,0.09331655187783353,0.9066834481221665,
facility_2578,facility_997,0.4506002207693926,4.996754923383365,4.996754923383365,1.0,ساختمان پزشکان ستارخان,clinic,35.7134643,51.3684735,بیمارستان سلامت فردا,hospital,35.74368823718312,51.327500297168406,CALM,0.0,,0.4906002207693926,0.5093997792306074,
facility_2578,facility_998,0.3713720799911538,4.118185441486062,4.118185441486062,1.0,دکتر محمد صادق عالم رجبی,doctors,35.7802465,51.3354667,بیمارستان سلامت فردا,hospital,35.74368823718312,51.327500297168406,CALM,0.0,,0.41137207999115377,0.5886279200088462,
