site_id,name,facility_category,latitude,longitude,inside_no_fly_zone,drone_access_class
facility_0,مرکز درمانی دارالشفاء امام حسن مجتبی(ع),clinic,35.6852967,51.4541419,True,requires_special_authorization_or_ground_handoff
facility_1,مطب دکتر شفیع زاده,doctors,35.6985188,51.3809752,False,eligible_for_obstacle_safe_drone_routing
facility_2,درمانگاه شهید فلاحی,clinic,35.7847134,51.5027743,True,requires_special_authorization_or_ground_handoff
facility_3,درمانگاه شبانه روزی گرگان,clinic,35.705441,51.4439145,True,requires_special_authorization_or_ground_handoff
facility_4,پلی کلینیک تخصصی جشنواره,clinic,35.7294441,51.5472681,False,eligible_for_obstacle_safe_drone_routing
facility_5,مطب دکتر فارسی,doctors,35.7584329,51.4532798,True,requires_special_authorization_or_ground_handoff
facility_6,درمانگاه امیرکبیر,clinic,35.6617333,51.3437569,True,requires_special_authorization_or_ground_handoff
facility_7,درمانگاه شبانه‌روزی مشیری,clinic,35.6683568,51.3468576,True,requires_special_authorization_or_ground_handoff
facility_8,درمانگاه ازگل,clinic,35.7961139,51.4961524,False,eligible_for_obstacle_safe_drone_routing
facility_9,مرکز تصویربرداری پزشکی نماطب,clinic,35.7042035,51.4392284,True,requires_special_authorization_or_ground_handoff
facility_10,آزمایشگاه تشخیص طبی یونسی,laboratory,35.7118978,51.4504791,True,requires_special_authorization_or_ground_handoff
facility_11,آزمایشگاه تشخیص طبی تک,laboratory,35.7056554,51.4442209,True,requires_special_authorization_or_ground_handoff
facility_12,مرکز تصویربرداری پزشکی ملاصدرا MRI,clinic,35.7532647,51.3964376,False,eligible_for_obstacle_safe_drone_routing
facility_13,درمانگاه نور,clinic,35.5903596,51.4350716,False,eligible_for_obstacle_safe_drone_routing
facility_14,درمانگاه ایلیاد,clinic,35.7596124,51.3028471,False,eligible_for_obstacle_safe_drone_routing
facility_15,درمانگاه خیریه شهدای مسجد جامع غدیر خم,clinic,35.7573442,51.4575593,False,eligible_for_obstacle_safe_drone_routing
facility_16,آزمایشگاه تشخیص پزشکی دکتر فلاح,laboratory,35.6613018,51.4858747,False,eligible_for_obstacle_safe_drone_routing
facility_17,مرکز تصویربرداری پزشکی حقیقت,doctors,35.7299883,51.4955341,True,requires_special_authorization_or_ground_handoff
facility_18,داروخانه دکتر مفیدی,clinic,35.7474762,51.2634177,True,requires_special_authorization_or_ground_handoff
facility_19,درمانگاه شبانه روزی الزهرا,clinic,35.7234622,51.3103267,True,requires_special_authorization_or_ground_handoff
facility_20,درمانگاه خیریه حضرت ولیعصر(عج),clinic,35.6837091,51.4311174,False,eligible_for_obstacle_safe_drone_routing
facility_21,آزمایشگاه تشخیص طبی مهرآگین,laboratory,35.7450518,51.5162507,False,eligible_for_obstacle_safe_drone_routing
facility_22,درمانگاه شبانه‌روزی حضرت ابوالفضل,clinic,35.7048378,51.487854,True,requires_special_authorization_or_ground_handoff
facility_23,آزمایشگاه مسعود,laboratory,35.7627496,51.4123269,True,requires_special_authorization_or_ground_handoff
facility_24,درمانگاه شبانه‌روزی دولت,clinic,35.7804138,51.4630707,True,requires_special_authorization_or_ground_handoff
facility_25,درمانگاه مرزداران,clinic,35.7341808,51.3550407,False,eligible_for_obstacle_safe_drone_routing
facility_26,تراب,clinic,35.7795331,51.4482507,False,eligible_for_obstacle_safe_drone_routing
facility_27,درمانگاه شوکت,clinic,35.7473483,51.5021596,False,eligible_for_obstacle_safe_drone_routing
facility_28,آزمایشگاه تشخیص طبی دکتر محرابیان,laboratory,35.7498973,51.5443573,False,eligible_for_obstacle_safe_drone_routing
facility_29,مرکز بهداشتی و درمانی شهرداری تهران,clinic,35.7135296,51.487806,True,requires_special_authorization_or_ground_handoff
facility_30,کلینیک طب سوزنی,clinic,35.7056768,51.4402153,True,requires_special_authorization_or_ground_handoff
facility_31,درمانگاه شاهد,clinic,35.7339876,51.5390586,False,eligible_for_obstacle_safe_drone_routing
facility_32,ساختمان پزشکان سینا,clinic,35.7416841,51.546967,False,eligible_for_obstacle_safe_drone_routing
facility_33,درمانگاه ایرانپارس,clinic,35.7673953,51.3094619,False,eligible_for_obstacle_safe_drone_routing
facility_34,درمانگاه فرهنگیان,clinic,35.712956,51.4895529,True,requires_special_authorization_or_ground_handoff
facility_35,مطب دکتر محمد کمالی,doctors,35.7402559,51.338697,False,eligible_for_obstacle_safe_drone_routing
facility_36,unnamed,clinic,35.7378871,51.2859707,True,requires_special_authorization_or_ground_handoff
facility_37,کلینیک فوق تخصصی چشم پزشکی نور,clinic,35.7237573,51.4384316,True,requires_special_authorization_or_ground_handoff
facility_38,کلینیک اسرا طب سنتی,clinic,35.7163157,51.4907647,True,requires_special_authorization_or_ground_handoff
facility_39,مرکز بهداشت شرکت ارتباطات زیرساخت,clinic,35.7056453,51.3979621,False,eligible_for_obstacle_safe_drone_routing
facility_40,دکتر گیتی الیاسی,doctors,35.7110315,51.3157479,True,requires_special_authorization_or_ground_handoff
facility_41,درمانگاه تخصصی شهرداری منطقه ۸,clinic,35.7252862,51.5020768,True,requires_special_authorization_or_ground_handoff
facility_42,کلینیک نسیم قیطریه,clinic,35.7923,51.4529144,False,eligible_for_obstacle_safe_drone_routing
facility_43,کلینیک تخصصی شبانه روزی ندا,clinic,35.7973568,51.4573878,False,eligible_for_obstacle_safe_drone_routing
facility_44,درمانگاه خیریه,clinic,35.7191727,51.4721931,True,requires_special_authorization_or_ground_handoff
facility_45,مرکز بهداشت شهید دکمه چی,clinic,35.7341423,51.4741091,True,requires_special_authorization_or_ground_handoff
facility_46,کلینیک پوست دکتر دولتى,clinic,35.7619289,51.4126116,False,eligible_for_obstacle_safe_drone_routing
facility_47,کلینیک پوست به‌سیما,clinic,35.7492073,51.4108098,True,requires_special_authorization_or_ground_handoff
facility_48,مطب دکتر ناطقیان,doctors,35.7527628,51.4490184,False,eligible_for_obstacle_safe_drone_routing
facility_49,کلینیک,clinic,35.7864944,51.4869653,False,eligible_for_obstacle_safe_drone_routing
facility_50,درمانگاه پارتیان,clinic,35.7392684,51.4698598,True,requires_special_authorization_or_ground_handoff
facility_51,دکتر مجتبی کلینی جراح زیبایی,doctors,35.7444093,51.4115326,False,eligible_for_obstacle_safe_drone_routing
facility_52,مطب دکتر پارسا,doctors,35.770495,51.4400062,False,eligible_for_obstacle_safe_drone_routing
facility_53,کیلینیک تخصصی تصویربرداری دلیری,clinic,35.6574773,51.372674,False,eligible_for_obstacle_safe_drone_routing
facility_54,کلینیک تصویربرداری گامانایف,clinic,35.7671947,51.4255189,False,eligible_for_obstacle_safe_drone_routing
facility_55,مطب خانم دکتر توکلی,doctors,35.7680181,51.4415913,True,requires_special_authorization_or_ground_handoff
facility_56,آزمایشگاه هاشمی نژاد,laboratory,35.6666409,51.3662636,True,requires_special_authorization_or_ground_handoff
facility_57,کیلینیک تخصصی اطفال پگاه,clinic,35.7437132,51.4584503,False,eligible_for_obstacle_safe_drone_routing
facility_58,درمانگاه خانواده,clinic,35.6769213,51.327891,True,requires_special_authorization_or_ground_handoff
facility_59,درمانگاه,clinic,35.7563219,51.3768393,False,eligible_for_obstacle_safe_drone_routing
facility_60,آزمایشگاه پاتوبیولوژی مرکزی,laboratory,35.7977808,51.4184429,False,eligible_for_obstacle_safe_drone_routing
facility_61,درمانگاه اباصالح ع,clinic,35.7895742,51.4190029,True,requires_special_authorization_or_ground_handoff
facility_62,پلی کلینیک تخصصی موسسه رفاهی کشتیرانی,clinic,35.7700608,51.4926527,True,requires_special_authorization_or_ground_handoff
facility_63,ساختمان پزشکان,clinic,35.7374215,51.3765436,False,eligible_for_obstacle_safe_drone_routing
facility_64,درمانگاه شبانه روزی گلستان غرب,clinic,35.7497635,51.2414992,True,requires_special_authorization_or_ground_handoff
facility_65,حامد محمد قهری,doctors,35.7790877,51.4631243,True,requires_special_authorization_or_ground_handoff
facility_66,درمانگاه خیریه ولیعصر(ارشاد),clinic,35.6019747,51.427069,False,eligible_for_obstacle_safe_drone_routing
facility_67,درمانگاه دکتر ایرانزاد,clinic,35.7002855,51.3683891,True,requires_special_authorization_or_ground_handoff
facility_68,مطب دکتر بهار محجوبی,doctors,35.7285404,51.4352524,False,eligible_for_obstacle_safe_drone_routing
facility_69,دکتر نبوی فوق تخصص آلرژی کودکان,doctors,35.7797316,51.4493874,False,eligible_for_obstacle_safe_drone_routing
facility_70,پاتوبیولوژی نصرت,clinic,35.7063989,51.3648739,True,requires_special_authorization_or_ground_handoff
facility_71,کلینیک سید الشهدا,clinic,35.6557356,51.35354,True,requires_special_authorization_or_ground_handoff
facility_72,کلینیک امام رضا,clinic,35.6555559,51.3538284,False,eligible_for_obstacle_safe_drone_routing
facility_73,درمانگاه رئوف,clinic,35.7745606,51.4338977,False,eligible_for_obstacle_safe_drone_routing
facility_74,مرکز روماتیسم ایران,clinic,35.7186411,51.3898664,True,requires_special_authorization_or_ground_handoff
facility_75,رادیولوژی و سونوگرافی بزرگمهر,doctors,35.7036552,51.4046207,False,eligible_for_obstacle_safe_drone_routing
facility_76,درمانگاه بهاران,clinic,35.6504544,51.3562798,False,eligible_for_obstacle_safe_drone_routing
facility_77,مرکز خدمات پزشکی شهرک شهید باقری,clinic,35.7611605,51.2058682,True,requires_special_authorization_or_ground_handoff
facility_78,unnamed,clinic,35.76849,51.291753,False,eligible_for_obstacle_safe_drone_routing
facility_79,رادیولوژی طوس,doctors,35.7113416,51.3159634,True,requires_special_authorization_or_ground_handoff
facility_80,آزمایشگاه پاتوبیولوژی پژوهش,laboratory,35.7077595,51.3059735,True,requires_special_authorization_or_ground_handoff
facility_81,مرکز خدمات جامع سلامت شهید غفاری,clinic,35.707757,51.306238,True,requires_special_authorization_or_ground_handoff
facility_83,ساختمان پزشکان سبز,clinic,35.7214278,51.3465533,True,requires_special_authorization_or_ground_handoff
facility_84,کیش طب آریا /تن آور,clinic,35.7705886,51.4399076,False,eligible_for_obstacle_safe_drone_routing
facility_85,درمانگاه شبانه‌روزی اسفند,clinic,35.7004988,51.3906119,True,requires_special_authorization_or_ground_handoff
facility_86,مطب دکتر سهراب هاشمى فشارکى,doctors,35.7800155,51.4492664,False,eligible_for_obstacle_safe_drone_routing
facility_87,آزمایشگاه پیشرفته,laboratory,35.6576189,51.3611572,False,eligible_for_obstacle_safe_drone_routing
facility_88,دارالشفا قائم,clinic,35.8048757,51.4398969,True,requires_special_authorization_or_ground_handoff
facility_89,مرکز سی تی اسکن کامرانی,clinic,35.7005725,51.3902619,True,requires_special_authorization_or_ground_handoff
facility_90,آزمایشگاه دکتر نظری,laboratory,35.7254679,51.5243617,True,requires_special_authorization_or_ground_handoff
facility_91,آزمایشگاه نارمک,laboratory,35.7287748,51.4941788,True,requires_special_authorization_or_ground_handoff
facility_93,درمانگاه شهرداری منطقه ۱۷,clinic,35.6564587,51.3642435,True,requires_special_authorization_or_ground_handoff
facility_94,پایگاه سلامت شهید صفرپور,clinic,35.7530491,51.2195866,True,requires_special_authorization_or_ground_handoff
facility_95,درمانگاه افرا,clinic,35.6581232,51.3581127,True,requires_special_authorization_or_ground_handoff
facility_96,دکتر حامد عباسی,doctors,35.8048619,51.4217257,False,eligible_for_obstacle_safe_drone_routing
facility_97,صبا,clinic,35.6562412,51.3533501,True,requires_special_authorization_or_ground_handoff
facility_98,درمانگاه ابوریحان,clinic,35.6995742,51.4022672,False,eligible_for_obstacle_safe_drone_routing
facility_99,کاشت مو ایران نوین,clinic,35.7868693,51.3506788,False,eligible_for_obstacle_safe_drone_routing
facility_100,درمانگاه شبانه روزی ساج,clinic,35.7849008,51.3613315,False,eligible_for_obstacle_safe_drone_routing
facility_101,unnamed,clinic,35.7235184,51.4352105,False,eligible_for_obstacle_safe_drone_routing
facility_102,unnamed,clinic,35.7251761,51.4354727,False,eligible_for_obstacle_safe_drone_routing
facility_103,دکتر کوهستانی,doctors,35.7701583,51.3613338,False,eligible_for_obstacle_safe_drone_routing
facility_104,آزمایشگاه دکتر ریاضی,laboratory,35.7263279,51.3225103,False,eligible_for_obstacle_safe_drone_routing
facility_105,قضاوی,doctors,35.806854,51.4676503,False,eligible_for_obstacle_safe_drone_routing
facility_106,دکتر مالک اطمینان راد متخصص ستون فقرات,doctors,35.7211539,51.3915216,False,eligible_for_obstacle_safe_drone_routing
facility_107,unnamed,doctors,35.7246328,51.4377742,True,requires_special_authorization_or_ground_handoff
facility_108,unnamed,clinic,35.6979222,51.3406476,True,requires_special_authorization_or_ground_handoff
facility_109,درمانگاه سرسبز,clinic,35.7354138,51.4955203,True,requires_special_authorization_or_ground_handoff
facility_110,کلینیک پزشکان سبلان,clinic,35.7258986,51.4596324,True,requires_special_authorization_or_ground_handoff
facility_111,دکتر رزاقی,doctors,35.80627,51.4411202,True,requires_special_authorization_or_ground_handoff
facility_112,انجمن دندانپزشکان عمومی ایران,doctors,35.7793917,51.4212408,False,eligible_for_obstacle_safe_drone_routing
facility_113,دکتر چناری,doctors,35.7314102,51.3508291,False,eligible_for_obstacle_safe_drone_routing
facility_114,مطب دکتر فرزانه,doctors,35.7506357,51.4086453,False,eligible_for_obstacle_safe_drone_routing
facility_115,دکتر سهیلا عارفی,doctors,35.7769338,51.3543045,False,eligible_for_obstacle_safe_drone_routing
facility_116,دکتر مکبری نژاد,doctors,35.797532,51.4366166,True,requires_special_authorization_or_ground_handoff
facility_117,ساختمان پزشکان کاوه,clinic,35.780236,51.4491389,False,eligible_for_obstacle_safe_drone_routing
facility_118,آزمایشگاه فراز,laboratory,35.7283552,51.5137706,False,eligible_for_obstacle_safe_drone_routing
facility_119,ساختمان پزشکان صبا,clinic,35.6573992,51.3639239,True,requires_special_authorization_or_ground_handoff
facility_120,آزمایشگاه دکتر جوادی,laboratory,35.6573917,51.364081,True,requires_special_authorization_or_ground_handoff
facility_121,ساختمان پزشکان,doctors,35.6572375,51.3658002,True,requires_special_authorization_or_ground_handoff
facility_122,مطب دکتر مظاهری,doctors,35.6572864,51.3653296,True,requires_special_authorization_or_ground_handoff
facility_123,کلینیک ترک اعتیاد پردیس,clinic,35.6573359,51.3646126,True,requires_special_authorization_or_ground_handoff
facility_124,رادیولوژی فلاح,doctors,35.6573862,51.3641602,True,requires_special_authorization_or_ground_handoff
facility_125,آزمایشگاه بهنیا,laboratory,35.6570759,51.367056,True,requires_special_authorization_or_ground_handoff
facility_126,ساختمان شماره ۳ بیمارستان,hospital,35.640617,51.4204254,False,eligible_for_obstacle_safe_drone_routing
facility_127,دکتر راحله امانی,doctors,35.7738327,51.3762782,True,requires_special_authorization_or_ground_handoff
facility_128,دکتر مهسا قربانی,doctors,35.7503106,51.4102685,False,eligible_for_obstacle_safe_drone_routing
facility_129,درمانگاه هاشمی,clinic,35.6918119,51.3510205,True,requires_special_authorization_or_ground_handoff
facility_130,مرکز جراحی محدود گاندی,clinic,35.7567068,51.4133668,True,requires_special_authorization_or_ground_handoff
facility_131,unnamed,clinic,35.672278,51.4197943,True,requires_special_authorization_or_ground_handoff
facility_132,پایگاه سلامت جامعه زهرا همایون نامجو,clinic,35.7076664,51.4467109,True,requires_special_authorization_or_ground_handoff
facility_134,کلینیک کار درمانی صالحی,clinic,35.7077906,51.3873493,False,eligible_for_obstacle_safe_drone_routing
facility_135,مطب دکتر خدائیانی,doctors,35.7604104,51.4283268,True,requires_special_authorization_or_ground_handoff
facility_136,نصیری,doctors,35.7688571,51.3708374,False,eligible_for_obstacle_safe_drone_routing
facility_137,درمانگاه دروس,clinic,35.7675676,51.4496359,False,eligible_for_obstacle_safe_drone_routing
facility_138,مرکز توانبخشی ارمغان عصر,clinic,35.7468783,51.4126691,False,eligible_for_obstacle_safe_drone_routing
facility_139,درمانگاه شبانه روزی الزهرا,clinic,35.7398718,51.5955745,True,requires_special_authorization_or_ground_handoff
facility_140,مطب دکتر تقوى,doctors,35.7719957,51.4408716,False,eligible_for_obstacle_safe_drone_routing
facility_141,آزمایشگاه تشخیص پزشکی کاخ,laboratory,35.7094976,51.4041978,True,requires_special_authorization_or_ground_handoff
facility_142,درمانگاه مهزیار,clinic,35.6563352,51.3868483,False,eligible_for_obstacle_safe_drone_routing
facility_143,آزمایشگاه تشخیص طبی جواد,laboratory,35.6558827,51.3871816,False,eligible_for_obstacle_safe_drone_routing
facility_144,بهبود,clinic,35.7292904,51.4271573,True,requires_special_authorization_or_ground_handoff
facility_145,کلینیک گلریز,clinic,35.7332448,51.4064096,True,requires_special_authorization_or_ground_handoff
facility_146,۳۴۴ clinic,clinic,35.7236966,51.4171623,False,eligible_for_obstacle_safe_drone_routing
facility_147,مطب دکتر کشکولی,doctors,35.752491,51.3972619,False,eligible_for_obstacle_safe_drone_routing
facility_148,آزمایشگاه پاتوبیولوژی آزادی,laboratory,35.7003321,51.3749988,False,eligible_for_obstacle_safe_drone_routing
facility_149,مرکز جراحی و پلی کلینیک تخصصی ماد,clinic,35.7732109,51.3658294,False,eligible_for_obstacle_safe_drone_routing
facility_150,عينک شالچی,clinic,35.7015752,51.4301766,True,requires_special_authorization_or_ground_handoff
facility_151,ساختمان پزشکان ۲۰۰,clinic,35.7261546,51.4184368,True,requires_special_authorization_or_ground_handoff
facility_152,دکتر ناصر سیگاری طب سوزنی,doctors,35.7602223,51.4101898,False,eligible_for_obstacle_safe_drone_routing
facility_153,بیمارستان نهاد ریاست جمهوری,clinic,35.7101824,51.4008342,True,requires_special_authorization_or_ground_handoff
facility_154,درمانگاه یادگار,clinic,35.6985467,51.3556031,True,requires_special_authorization_or_ground_handoff
facility_155,دکتر معظمی,doctors,35.7583484,51.410928,True,requires_special_authorization_or_ground_handoff
facility_156,unnamed,clinic,35.7965948,51.429244,False,eligible_for_obstacle_safe_drone_routing
facility_157,رادیولوژی و سونوگرافی یاسین,doctors,35.6533639,51.4987045,True,requires_special_authorization_or_ground_handoff
facility_158,درمانگاه ۱۳ آبان,clinic,35.6399367,51.4111283,False,eligible_for_obstacle_safe_drone_routing
facility_159,درمانگاه شبانه روزی حیان,clinic,35.756358,51.28931,False,eligible_for_obstacle_safe_drone_routing
facility_160,درمانگاه شبانه روزی صدر,clinic,35.763346,51.2905259,True,requires_special_authorization_or_ground_handoff
facility_161,مجتمع پزشکان سلسبیل,clinic,35.6857042,51.3768593,True,requires_special_authorization_or_ground_handoff
facility_162,درمانگاه اکبر آباد,clinic,35.6791797,51.3772466,False,eligible_for_obstacle_safe_drone_routing
facility_163,کلینیک دیابت ثمین,clinic,35.7994558,51.4035064,True,requires_special_authorization_or_ground_handoff
facility_164,درمانگاه شبانه روزی دندانپزشکی الغدیر,clinic,35.6872941,51.3691566,True,requires_special_authorization_or_ground_handoff
facility_165,آزمایشگاه,laboratory,35.7011873,51.4104405,False,eligible_for_obstacle_safe_drone_routing
facility_166,درمانگاه دکتر صفدریان,clinic,35.7305871,51.480897,True,requires_special_authorization_or_ground_handoff
facility_167,آزمایشگاه پزشکی,laboratory,35.6620327,51.4451367,False,eligible_for_obstacle_safe_drone_routing
facility_168,طب سنتی دکتر پرما,doctors,35.7638965,51.4750673,False,eligible_for_obstacle_safe_drone_routing
facility_169,دکتر نفیسه کاشانی زاده,doctors,35.70313,51.4028201,False,eligible_for_obstacle_safe_drone_routing
facility_170,دکتر رضا عرفانیان سلیم,doctors,35.7642904,51.4201091,True,requires_special_authorization_or_ground_handoff
facility_171,آزمایشگاه پزشکی,laboratory,35.7091389,51.4063969,False,eligible_for_obstacle_safe_drone_routing
facility_173,آزمایشگاه پزشکی ناجا,laboratory,35.6999007,51.3926964,False,eligible_for_obstacle_safe_drone_routing
facility_174,پایگاه سلامت شهید شمیرانی,clinic,35.7055933,51.449003,True,requires_special_authorization_or_ground_handoff
facility_175,درمانگاه مجیدیه,clinic,35.7345487,51.4624641,False,eligible_for_obstacle_safe_drone_routing
facility_176,گروه پزشکی تخصصی غرب,clinic,35.6918629,51.3700485,True,requires_special_authorization_or_ground_handoff
facility_177,حکیم,doctors,35.7059675,51.4303857,True,requires_special_authorization_or_ground_handoff
facility_178,ساختمان پزشکان مهرداد,clinic,35.7250504,51.4258853,True,requires_special_authorization_or_ground_handoff
facility_179,کلینیک ویژه بیمارستان شریعتی,clinic,35.722021,51.389346,False,eligible_for_obstacle_safe_drone_routing
facility_180,کلینیک ارتوپدی پارت ارم,clinic,35.71121,51.4145661,True,requires_special_authorization_or_ground_handoff
facility_181,مطب دکتر علی پناه خلج متخصص کودکان,doctors,35.6572164,51.365549,True,requires_special_authorization_or_ground_handoff
facility_182,دکتر سارا میرزنده دل,doctors,35.7197676,51.3359315,True,requires_special_authorization_or_ground_handoff
facility_183,مرکز خدمات مشاوره ای جوان,clinic,35.7345286,51.4873718,True,requires_special_authorization_or_ground_handoff
facility_184,دکتر پریسا عبدلی,doctors,35.7412915,51.472301,False,eligible_for_obstacle_safe_drone_routing
facility_185,مرکز جراحی فک وصورت ایران,clinic,35.7586446,51.4103584,True,requires_special_authorization_or_ground_handoff
facility_186,مطب دکتر مجید حاتمی,doctors,35.7675956,51.411357,False,eligible_for_obstacle_safe_drone_routing
facility_187,آزمایشگاه پاتوبیولوژی شمس,laboratory,35.7488785,51.4716835,False,eligible_for_obstacle_safe_drone_routing
facility_188,درمانگاه خیریه ولی الله,clinic,35.6739691,51.4435639,True,requires_special_authorization_or_ground_handoff
facility_189,یاریگر,clinic,35.74609,51.4056011,False,eligible_for_obstacle_safe_drone_routing
facility_190,مطب محمدرضا سعادت,doctors,35.7023832,51.3135231,True,requires_special_authorization_or_ground_handoff
facility_191,کلینیک چشم پزشکی سینوهه,clinic,35.7747821,51.3771325,True,requires_special_authorization_or_ground_handoff
facility_192,unnamed,clinic,35.7432773,51.5310422,False,eligible_for_obstacle_safe_drone_routing
facility_193,unnamed,clinic,35.7950376,51.4823437,False,eligible_for_obstacle_safe_drone_routing
facility_194,آزمایشگاه نیلو,laboratory,35.7405977,51.4103486,False,eligible_for_obstacle_safe_drone_routing
facility_195,کلینیک سلامت,clinic,35.7814577,51.4674309,True,requires_special_authorization_or_ground_handoff
facility_196,فرهاد علی همتی,doctors,35.772903,51.4346088,False,eligible_for_obstacle_safe_drone_routing
facility_197,مطب خانم دکتر رزیتا داوری,doctors,35.7216972,51.389098,False,eligible_for_obstacle_safe_drone_routing
facility_198,درمانگاه خیریه امامزاده حسن,clinic,35.6655666,51.3598173,True,requires_special_authorization_or_ground_handoff
facility_199,unnamed,doctors,35.8098017,51.4128784,False,eligible_for_obstacle_safe_drone_routing
facility_200,تصویربرداری پزشکی کشور,doctors,35.7015576,51.3776909,True,requires_special_authorization_or_ground_handoff
facility_201,درمانگاه خیریه محمدولی فرمانفرمائیان,clinic,35.6446272,51.3070955,False,eligible_for_obstacle_safe_drone_routing
facility_202,درمانگاه خیریه المهدی,clinic,35.7500585,51.451529,False,eligible_for_obstacle_safe_drone_routing
facility_203,مرکز دیابت و بیماریهای متابولیک,clinic,35.7195306,51.3877882,True,requires_special_authorization_or_ground_handoff
facility_204,مطب دکتر اصغری,doctors,35.7817361,51.3731683,False,eligible_for_obstacle_safe_drone_routing
facility_205,آزمایشگاه پاتولوژی و ژنتیک کریمی نژاد - نجم آبادی,laboratory,35.7545488,51.3666761,False,eligible_for_obstacle_safe_drone_routing
facility_206,آزمایشگاه پزشکی ثمره,laboratory,35.7681173,51.4602444,True,requires_special_authorization_or_ground_handoff
facility_207,دکتر محمود ارشد فوق تخصص غدد,doctors,35.7230132,51.3720936,False,eligible_for_obstacle_safe_drone_routing
facility_208,مجتمع پزشکان قائم,clinic,35.6350592,51.4917414,False,eligible_for_obstacle_safe_drone_routing
facility_209,درمانگاه تخصصی مسعودیه,clinic,35.63533,51.4965719,True,requires_special_authorization_or_ground_handoff
facility_210,مجتمع خدمات پزشکی,clinic,35.7277734,51.3021797,True,requires_special_authorization_or_ground_handoff
facility_211,درمانگاه رازی,clinic,35.6337727,51.4969899,False,eligible_for_obstacle_safe_drone_routing
facility_212,درمانگاه شهرداری منطقه یک,clinic,35.8124656,51.4558123,False,eligible_for_obstacle_safe_drone_routing
facility_213,رادیولوژی تخصصی دهان و فک دکتر ساندرا مهر علی زاده,doctors,35.7409807,51.4636145,False,eligible_for_obstacle_safe_drone_routing
facility_214,لاله,clinic,35.7292646,51.3611484,False,eligible_for_obstacle_safe_drone_routing
facility_215,درمانگاه ستاره,clinic,35.771175,51.3793367,False,eligible_for_obstacle_safe_drone_routing
facility_216,شهید کلانتری,clinic,35.7160025,51.4178664,False,eligible_for_obstacle_safe_drone_routing
facility_217,مرکز جراحی شفا,clinic,35.7222786,51.331675,True,requires_special_authorization_or_ground_handoff
facility_218,درمانگاه سحر,clinic,35.7445133,51.3040702,False,eligible_for_obstacle_safe_drone_routing
facility_219,درمانگاه خیریه مکتب الزهرا,clinic,35.6784739,51.4626765,True,requires_special_authorization_or_ground_handoff
facility_220,درمانگاه شبانه روزی آودیسیان,clinic,35.7189726,51.4823201,True,requires_special_authorization_or_ground_handoff
facility_221,درمانگاه خیریه انصار,clinic,35.6740316,51.4398307,True,requires_special_authorization_or_ground_handoff
facility_222,مطب دکتر شهریار یحیوی,doctors,35.7562941,51.3946437,False,eligible_for_obstacle_safe_drone_routing
facility_223,درمانگاه شهرک دانشگاه,clinic,35.7158924,51.2071239,False,eligible_for_obstacle_safe_drone_routing
facility_224,unnamed,doctors,35.7236403,51.423459,False,eligible_for_obstacle_safe_drone_routing
facility_225,دکتر امینی,doctors,35.7589751,51.3961741,True,requires_special_authorization_or_ground_handoff
facility_226,مطب دکتر محمد میر,doctors,35.7249921,51.382961,False,eligible_for_obstacle_safe_drone_routing
facility_227,دکتر جهانبین,doctors,35.6681234,51.4530846,True,requires_special_authorization_or_ground_handoff
facility_228,مجتمع پرشکی حضرت زهرا(ع),clinic,35.7598027,51.2810414,False,eligible_for_obstacle_safe_drone_routing
facility_229,درمانگاه شبانه‌روزی پارت,clinic,35.7206171,51.3532662,True,requires_special_authorization_or_ground_handoff
facility_230,مطب دکتر رضوانی,doctors,35.7413788,51.4100457,False,eligible_for_obstacle_safe_drone_routing
facility_231,درمانگاه امام حسن مجتبی,clinic,35.7132164,51.4585872,True,requires_special_authorization_or_ground_handoff
facility_232,درمانگاه آموزش و پرورش منطقه ۸ تهران,clinic,35.7124396,51.4692934,True,requires_special_authorization_or_ground_handoff
facility_233,کلینیک تخصصی دندانپزشکی دکتر رامیار,clinic,35.7237962,51.3086091,True,requires_special_authorization_or_ground_handoff
facility_234,کلینیک ترک اعتیاد فانوس,clinic,35.7831609,51.3559053,False,eligible_for_obstacle_safe_drone_routing
facility_235,دکترفریده صمدی,doctors,35.7341851,51.4137519,False,eligible_for_obstacle_safe_drone_routing
facility_236,درمانگاه فرهنگیان زینب بختیاری,clinic,35.6511228,51.4868987,False,eligible_for_obstacle_safe_drone_routing
facility_237,درمانگاه شبانه روزی فرجام,clinic,35.7397622,51.4948536,False,eligible_for_obstacle_safe_drone_routing
facility_238,دکتر کیوان خسروی فرد,doctors,35.7355913,51.4880233,True,requires_special_authorization_or_ground_handoff
facility_239,درمانگاه شفا,clinic,35.7339323,51.5165364,False,eligible_for_obstacle_safe_drone_routing
facility_240,درمانگاه شبانه روزی اتکا,clinic,35.6250867,51.411495,False,eligible_for_obstacle_safe_drone_routing
facility_241,unnamed,doctors,35.7352843,51.4153207,True,requires_special_authorization_or_ground_handoff
facility_242,دکتر علی بهتری متخصص مغز,doctors,35.7408926,51.4104665,False,eligible_for_obstacle_safe_drone_routing
facility_243,رادیولوژی و سونوگرافی نوین پرتو,doctors,35.7957502,51.4478107,True,requires_special_authorization_or_ground_handoff
facility_244,سلامت مادران,clinic,35.7806149,51.4620316,False,eligible_for_obstacle_safe_drone_routing
facility_245,مطب حکیم دکتر حسین روازاده,doctors,35.696531,51.3870168,False,eligible_for_obstacle_safe_drone_routing
facility_246,دکتر مصطفی شریفیان,doctors,35.7626177,51.4441129,True,requires_special_authorization_or_ground_handoff
facility_247,مطب دکتر مجید صادقی,doctors,35.7817611,51.3732047,False,eligible_for_obstacle_safe_drone_routing
facility_248,مطب دکتر سخاوت‌فر,doctors,35.7817424,51.3732105,False,eligible_for_obstacle_safe_drone_routing
facility_249,مرکز بهداشت صبارو,clinic,35.7685647,51.390941,False,eligible_for_obstacle_safe_drone_routing
facility_250,کلینیک پزشکی و دندانپزشکی غدیر,clinic,35.7960261,51.5216656,True,requires_special_authorization_or_ground_handoff
facility_251,کلینیک,clinic,35.665753,51.4477242,False,eligible_for_obstacle_safe_drone_routing
facility_252,مطب دکتر فتحعلی,doctors,35.6681253,51.4499783,True,requires_special_authorization_or_ground_handoff
facility_253,مطب دکتر فاطمه اصفهانی,doctors,35.7769375,51.4655714,False,eligible_for_obstacle_safe_drone_routing
facility_254,درمانگاه تخصصی داخلی (خیریه) کاشانی پور,clinic,35.716251,51.4589166,True,requires_special_authorization_or_ground_handoff
facility_255,مرکز بهداشت المپیک,clinic,35.7599724,51.2652901,False,eligible_for_obstacle_safe_drone_routing
facility_256,درمانگاه به بخش,clinic,35.7364571,51.5559589,False,eligible_for_obstacle_safe_drone_routing
facility_257,رادیولوژی و سونوگرافی خورشید,doctors,35.7439335,51.5340766,False,eligible_for_obstacle_safe_drone_routing
facility_258,مرکز تصویربرداری پزشکی سینا اطهر,doctors,35.8024319,51.4343093,True,requires_special_authorization_or_ground_handoff
facility_259,هفت دریا,clinic,35.7574875,51.4130303,True,requires_special_authorization_or_ground_handoff
facility_260,میکرودرم دکتر آزادی فر,doctors,35.6399209,51.487396,False,eligible_for_obstacle_safe_drone_routing
facility_261,آزمایشگاه ثمین,laboratory,35.7960071,51.4482283,True,requires_special_authorization_or_ground_handoff
facility_262,unnamed,doctors,35.7761603,51.4653463,False,eligible_for_obstacle_safe_drone_routing
facility_264,مرکز تصویربرداری کوثر,clinic,35.772387,51.4615341,False,eligible_for_obstacle_safe_drone_routing
facility_265,مجتمع دارویی درمانی هلال ایران,clinic,35.7334259,51.5438503,False,eligible_for_obstacle_safe_drone_routing
facility_266,دکتر طاهره رشیدی,doctors,35.6543346,51.3870533,False,eligible_for_obstacle_safe_drone_routing
facility_267,درمانگاه شبانه روزی پاستور,clinic,35.7090573,51.473605,True,requires_special_authorization_or_ground_handoff
facility_268,دکتر سعادتمند,doctors,35.6445514,51.4051108,True,requires_special_authorization_or_ground_handoff
facility_269,درمانگاه کوثر,clinic,35.8004565,51.5078239,False,eligible_for_obstacle_safe_drone_routing
facility_270,unnamed,clinic,35.6684099,51.4445991,False,eligible_for_obstacle_safe_drone_routing
facility_271,امین کلینیک,clinic,35.7408344,51.4106089,False,eligible_for_obstacle_safe_drone_routing
facility_272,مطب دکتر پادمهر,doctors,35.7580802,51.4479836,True,requires_special_authorization_or_ground_handoff
facility_273,کلینیک شبانه روزی شهرزاد,clinic,35.7365513,51.2939851,True,requires_special_authorization_or_ground_handoff
facility_274,لابراتوار تخصصی ارتودنسی حبیبی,laboratory,35.7203501,51.4394329,True,requires_special_authorization_or_ground_handoff
facility_275,کلینیک درمان دردهای عضلانی و مفصلی,clinic,35.7358653,51.3341346,False,eligible_for_obstacle_safe_drone_routing
facility_276,ساختمان پزشکان,clinic,35.6818616,51.4496643,True,requires_special_authorization_or_ground_handoff
facility_277,مرکز بهداشت عظیم آباد,clinic,35.6111655,51.4120378,False,eligible_for_obstacle_safe_drone_routing
facility_278,درمانگاه مسجد جامع نارمک,clinic,35.7251424,51.4856502,True,requires_special_authorization_or_ground_handoff
facility_279,آزمایشگاه پاتوبیولوژی ۱۷ شهریور,laboratory,35.6803045,51.4473495,True,requires_special_authorization_or_ground_handoff
facility_280,درمانگاه پانزده شعبان,clinic,35.6551221,51.4446172,False,eligible_for_obstacle_safe_drone_routing
facility_281,مرکز بهداشت هفده شهریور,clinic,35.675451,51.4458422,True,requires_special_authorization_or_ground_handoff
facility_282,درمانگاه شبانه روزی طب الحسن,clinic,35.6390552,51.4987087,False,eligible_for_obstacle_safe_drone_routing
facility_284,کلینیک دامپزشکی رایان,clinic,35.7172004,51.4339799,True,requires_special_authorization_or_ground_handoff
facility_285,درمانگاه درمانی مرحوم عبدالوهاب تهرانی,clinic,35.748425,51.5077639,True,requires_special_authorization_or_ground_handoff
facility_286,درمانگاه فجر صنعت نفت,clinic,35.717382,51.5027923,True,requires_special_authorization_or_ground_handoff
facility_287,مطب دکتر درخشان,doctors,35.7565147,51.4105262,False,eligible_for_obstacle_safe_drone_routing
facility_288,رادیولوژی و سونوگرافی راد,doctors,35.707711,51.3862222,False,eligible_for_obstacle_safe_drone_routing
facility_289,دکتر مسعود شیروانی,doctors,35.7668885,51.3648045,False,eligible_for_obstacle_safe_drone_routing
facility_290,مطب دکتر مجید شهدی,doctors,35.7647673,51.4189563,True,requires_special_authorization_or_ground_handoff
facility_291,چشم‌ پزشکی هلال احمر,clinic,35.7347296,51.5456346,False,eligible_for_obstacle_safe_drone_routing
facility_292,کلینیک زیبایی ویولت,clinic,35.7340632,51.3751923,False,eligible_for_obstacle_safe_drone_routing
facility_293,درمانگاه زعفرانیه,clinic,35.809852,51.4088771,True,requires_special_authorization_or_ground_handoff
facility_294,کلینیک شبانه روزی یاس ناز,clinic,35.7969511,51.41741,False,eligible_for_obstacle_safe_drone_routing
facility_295,کلینیک ارتوپدی ماهان,clinic,35.7232856,51.4237348,False,eligible_for_obstacle_safe_drone_routing
facility_296,آزمایشگاه تخت طاووس,laboratory,35.7241381,51.430115,True,requires_special_authorization_or_ground_handoff
facility_297,ساختمان پزشکان مهرآفرین,clinic,35.766865,51.4406502,False,eligible_for_obstacle_safe_drone_routing
facility_298,ساختمان پزشکان کیان مهر,clinic,35.7671141,51.441426,True,requires_special_authorization_or_ground_handoff
facility_299,گروه پزشکی آریان,clinic,35.7667566,51.3644928,False,eligible_for_obstacle_safe_drone_routing
facility_300,درمانگاه خیریه تخصصی و فوق تخصصی اباعبدالله الحسین علیه السلام,clinic,35.7349127,51.531675,False,eligible_for_obstacle_safe_drone_routing
facility_301,درمانگاه شهدای علی آباد,clinic,35.6245442,51.4231461,False,eligible_for_obstacle_safe_drone_routing
facility_302,حسین الماسیان,doctors,35.7430526,51.4442808,True,requires_special_authorization_or_ground_handoff
facility_303,درمانگاه شهدای دخانیات,clinic,35.6733252,51.3870344,False,eligible_for_obstacle_safe_drone_routing
facility_304,طب کار آسا,clinic,35.7155542,51.4074123,True,requires_special_authorization_or_ground_handoff
facility_305,مرکز مشاوره ، نوروفیدبک و روان شناسی کرانه خرد,clinic,35.7276929,51.4190408,True,requires_special_authorization_or_ground_handoff
facility_306,آزمایشگاه پاتوبیولوژی کیکاووس,laboratory,35.7792128,51.4446891,False,eligible_for_obstacle_safe_drone_routing
facility_307,مرکز لیزر و زیبایی الیزه,clinic,35.7299853,51.4951879,True,requires_special_authorization_or_ground_handoff
facility_309,آزمایشگاه پاتوبیولوژی نور,laboratory,35.7080574,51.3884066,False,eligible_for_obstacle_safe_drone_routing
facility_310,مرکز تصویر برداری پزشکی نگارازما,laboratory,35.6895295,51.44804,True,requires_special_authorization_or_ground_handoff
facility_311,آزمایشگاه شبانه روزی نارمک,laboratory,35.7210779,51.4883475,True,requires_special_authorization_or_ground_handoff
facility_312,درمانگاه شبانه روزی ایران زمین,clinic,35.7057587,51.3901098,False,eligible_for_obstacle_safe_drone_routing
facility_313,مرکز تصویربرداری پزشکی پارسیان,clinic,35.7055667,51.3866146,False,eligible_for_obstacle_safe_drone_routing
facility_314,unnamed,clinic,35.7598036,51.4101106,False,eligible_for_obstacle_safe_drone_routing
facility_315,مرکز جراحی محدود ارم,clinic,35.7541953,51.2603624,True,requires_special_authorization_or_ground_handoff
facility_316,درمانگاه پایتخت,clinic,35.7901168,51.4352388,False,eligible_for_obstacle_safe_drone_routing
facility_317,ساختمان پزشکان فتح,clinic,35.7599977,51.3301176,False,eligible_for_obstacle_safe_drone_routing
facility_318,آزمایشگاه دامپزشکی لابرا,laboratory,35.7095659,51.3724566,False,eligible_for_obstacle_safe_drone_routing
facility_319,مطب طب سنتی,doctors,35.7388203,51.3252228,False,eligible_for_obstacle_safe_drone_routing
facility_320,مطب دکتر آقاجانی,doctors,35.77808,51.33556,True,requires_special_authorization_or_ground_handoff
facility_321,آزمایشگاه پارسه,laboratory,35.7198237,51.3358424,True,requires_special_authorization_or_ground_handoff
facility_322,دکتر ستایش مهر,doctors,35.7631806,51.4438895,False,eligible_for_obstacle_safe_drone_routing
facility_323,بیمارستان تخصصی چشم پزشکی بینا,hospital,35.7380742,51.4779358,False,eligible_for_obstacle_safe_drone_routing
facility_324,مرکز زوج درمانی دکتر قاسمی,doctors,35.7680578,51.4419855,True,requires_special_authorization_or_ground_handoff
facility_325,دکتر کریمیان,doctors,35.7585751,51.4115553,True,requires_special_authorization_or_ground_handoff
facility_326,مجتمع پزشکان تهرانپارس,clinic,35.743181,51.5317656,False,eligible_for_obstacle_safe_drone_routing
facility_327,فیزیوتراپی و مرکز سلامت رامتن,clinic,35.7544532,51.3824505,False,eligible_for_obstacle_safe_drone_routing
facility_328,درمانگاه جواد ائمه,clinic,35.6458797,51.4904015,False,eligible_for_obstacle_safe_drone_routing
facility_329,مرکز تصویربرداری دیجیتال فرجام,clinic,35.7357823,51.5231092,True,requires_special_authorization_or_ground_handoff
facility_330,درمانگاه تجریش,clinic,35.806004,51.4258076,False,eligible_for_obstacle_safe_drone_routing
facility_331,آزمایشگاه ژنتیک و پاتوبیولوژی نورا,laboratory,35.7999769,51.4505039,False,eligible_for_obstacle_safe_drone_routing
facility_332,آزمایشگاه فردا,laboratory,35.7988016,51.473791,True,requires_special_authorization_or_ground_handoff
facility_333,ساختمان پزشکان,clinic,35.7969348,51.4341329,True,requires_special_authorization_or_ground_handoff
facility_334,مجتمع پزشکی اسدی,clinic,35.8000556,51.4338156,True,requires_special_authorization_or_ground_handoff
facility_335,ساختمان پزشکان دی,clinic,35.7475191,51.4120008,True,requires_special_authorization_or_ground_handoff
facility_336,درمانگاه شبانه روزی مینا,clinic,35.7004267,51.4479685,True,requires_special_authorization_or_ground_handoff
facility_337,مرکز درمانی ۱۱۰,clinic,35.7537034,51.4513239,False,eligible_for_obstacle_safe_drone_routing
facility_338,درمانگاه دكتر حبيب جريری,clinic,35.7529824,51.4485696,True,requires_special_authorization_or_ground_handoff
facility_339,ساختمان پزشکی شریعتی,clinic,35.7489972,51.4493603,False,eligible_for_obstacle_safe_drone_routing
facility_340,حدود دکتر محمد مهدی امام,doctors,35.7237492,51.4071256,False,eligible_for_obstacle_safe_drone_routing
facility_341,آزمایشگاه امید بهشت,laboratory,35.7269649,51.5246431,True,requires_special_authorization_or_ground_handoff
facility_342,دکتر علیرضا فهیم زاد,doctors,35.7587147,51.4468238,True,requires_special_authorization_or_ground_handoff
facility_343,فلسفی,doctors,35.733209,51.4841819,True,requires_special_authorization_or_ground_handoff
facility_344,آزمایشگاه تخصصی پروین,laboratory,35.7420116,51.5413499,True,requires_special_authorization_or_ground_handoff
facility_345,دكتر فرناز محامدي متخصص كودكان و نوزادان (اطفال),doctors,35.7755707,51.3662705,False,eligible_for_obstacle_safe_drone_routing
facility_346,مرکز مشاوره بینش نوین,clinic,35.7652777,51.4412608,False,eligible_for_obstacle_safe_drone_routing
facility_347,آزمایشگاه هیوا,laboratory,35.7646914,51.4408683,False,eligible_for_obstacle_safe_drone_routing
facility_348,دکتر اسفندیار کریمی,doctors,35.7438202,51.5338707,False,eligible_for_obstacle_safe_drone_routing
facility_349,درمانگاه شبانه روزی سلیم,clinic,35.6253652,51.4196073,False,eligible_for_obstacle_safe_drone_routing
facility_350,مطب حکیم مومن تبریزی,doctors,35.7098008,51.4317754,True,requires_special_authorization_or_ground_handoff
facility_351,آزمایشگاه پاتوبیولوژی رشد,laboratory,35.7286473,51.502671,True,requires_special_authorization_or_ground_handoff
facility_352,کلینیک طب سوزنی دکتر سمیه غیاثی,clinic,35.7704308,51.3561496,False,eligible_for_obstacle_safe_drone_routing
facility_353,کلینیک دامپزشکی کسری,clinic,35.8200969,51.4806086,False,eligible_for_obstacle_safe_drone_routing
facility_354,بیمارستان روانپزشکی رضایی,hospital,35.8155589,51.4674889,False,eligible_for_obstacle_safe_drone_routing
facility_355,مجتمع پزشکان شهر آرا,clinic,35.7222961,51.372193,False,eligible_for_obstacle_safe_drone_routing
facility_357,کلینیک فروردین,clinic,35.7973554,51.4468361,False,eligible_for_obstacle_safe_drone_routing
facility_358,دکتر کورش صمدپور,doctors,35.7382272,51.3266522,False,eligible_for_obstacle_safe_drone_routing
facility_359,آزمایشکاه دکتر ایزددوست,laboratory,35.7583299,51.4104068,True,requires_special_authorization_or_ground_handoff
facility_360,آزمایشگاه پاتوبیولوژی ایران,laboratory,35.6867928,51.3764234,True,requires_special_authorization_or_ground_handoff
facility_361,کلینیک سامیا,clinic,35.7672078,51.4576403,False,eligible_for_obstacle_safe_drone_routing
facility_362,دكتر پرورش,doctors,35.7565622,51.3986713,False,eligible_for_obstacle_safe_drone_routing
facility_363,پزشکی هسته ای,clinic,35.7610179,51.3705493,False,eligible_for_obstacle_safe_drone_routing
facility_364,مجتمع تخصصی دارالشفا,clinic,35.7964536,51.4573723,False,eligible_for_obstacle_safe_drone_routing
facility_365,دکتر علیرضا عارف زاده، فوق تخصص غدد,doctors,35.7639199,51.4447113,False,eligible_for_obstacle_safe_drone_routing
facility_366,دکتر علی اکبر سیاری,doctors,35.7653245,51.4433321,False,eligible_for_obstacle_safe_drone_routing
facility_367,دکتر رامین عالی نژاد,doctors,35.8094207,51.4430693,False,eligible_for_obstacle_safe_drone_routing
facility_368,مطب دکتر ثریا شادمان فر,doctors,35.742405,51.4495271,False,eligible_for_obstacle_safe_drone_routing
facility_369,ساختمان پزشکان منظرنژاد,clinic,35.7617448,51.4457903,True,requires_special_authorization_or_ground_handoff
facility_370,کلینیک سلامت روان ره‌پویان,clinic,35.7619502,51.4456354,True,requires_special_authorization_or_ground_handoff
facility_371,کلینیک فوق تخصصی محب مهر,clinic,35.7615128,51.410373,False,eligible_for_obstacle_safe_drone_routing
facility_372,درمانگاه کوثر,clinic,35.6742351,51.5132375,False,eligible_for_obstacle_safe_drone_routing
facility_373,درمانگاه شبانه روزی منان,clinic,35.7892811,51.3459213,False,eligible_for_obstacle_safe_drone_routing
facility_374,دکتر محمود آستانه,doctors,35.7290118,51.4129121,False,eligible_for_obstacle_safe_drone_routing
facility_375,دکتر علایی,doctors,35.7615246,51.4442231,True,requires_special_authorization_or_ground_handoff
facility_376,مطب دکتر خدیجه ابراهیم نژاد،جراح زنان و زایمان,doctors,35.7437518,51.4049508,True,requires_special_authorization_or_ground_handoff
facility_377,آزمایشگاه و پاتوبیولوژی فروغ,laboratory,35.7477904,51.5365726,False,eligible_for_obstacle_safe_drone_routing
facility_378,کلینیک آنو,clinic,35.759865,51.4102193,False,eligible_for_obstacle_safe_drone_routing
facility_379,کلینیک گلبرگ,clinic,35.7297498,51.492039,True,requires_special_authorization_or_ground_handoff
facility_380,مرکز تخصصی نورفیبدک و بیوفیدبک در تهران,clinic,35.7790172,51.361209,True,requires_special_authorization_or_ground_handoff
facility_381,درمانگاه شبانه روزی فرشته,clinic,35.7923764,51.4174107,False,eligible_for_obstacle_safe_drone_routing
facility_382,مرکز تصویربرداری و پرتو درمانی پردیس نور نیلو,clinic,35.7620249,51.4595939,False,eligible_for_obstacle_safe_drone_routing
facility_383,مرکز ولگا,clinic,35.7672226,51.4617019,False,eligible_for_obstacle_safe_drone_routing
facility_384,مرکز بهداشتی درمانی دگمه چی,clinic,35.7341433,51.474404,True,requires_special_authorization_or_ground_handoff
facility_385,درمانگاه نادر,clinic,35.7303205,51.5408652,False,eligible_for_obstacle_safe_drone_routing
facility_386,مرکز خدمات جامع سلامت طالقانی(شبانه روزی),clinic,35.8057159,51.4393269,True,requires_special_authorization_or_ground_handoff
facility_387,مرکز بهداشت نیک نژاد,clinic,35.5900167,51.445203,False,eligible_for_obstacle_safe_drone_routing
facility_388,مرکز بهداشتی درمانی میثم,clinic,35.6653298,51.3676249,True,requires_special_authorization_or_ground_handoff
facility_389,مرکز بهداشتی شهید واحدی,clinic,35.6274124,51.399066,True,requires_special_authorization_or_ground_handoff
facility_390,آزمایشگاه ویروس شناسی کیوان,laboratory,35.7271983,51.414396,True,requires_special_authorization_or_ground_handoff
facility_391,مرکز بهداشتی درمانی تقوی,clinic,35.6891795,51.4383018,True,requires_special_authorization_or_ground_handoff
facility_392,مطب دکتر مهتاب مرجانی، متخصص زنان و زایمان,doctors,35.7438094,51.4048279,True,requires_special_authorization_or_ground_handoff
facility_393,دکتر صفیه چعباوی زاده,doctors,35.7531649,51.4106417,False,eligible_for_obstacle_safe_drone_routing
facility_394,خانه سلامت کن,clinic,35.7645451,51.2813887,False,eligible_for_obstacle_safe_drone_routing
facility_395,آزمایشگاه سلاله,laboratory,35.7076604,51.3978645,False,eligible_for_obstacle_safe_drone_routing
facility_396,ساختمان پزشکان میلاد,clinic,35.7680075,51.4602598,True,requires_special_authorization_or_ground_handoff
facility_397,کلینیک دکتر محرابی,doctors,35.6517857,51.3619372,False,eligible_for_obstacle_safe_drone_routing
facility_398,ساختمان پزشکان سبز دو,clinic,35.7752831,51.4362188,True,requires_special_authorization_or_ground_handoff
facility_399,کلینیک دکتر صادقی,clinic,35.7993344,51.4164847,True,requires_special_authorization_or_ground_handoff
facility_400,unnamed,clinic,35.7047143,51.3160787,True,requires_special_authorization_or_ground_handoff
facility_401,مرکز جراحی محدود خیریه حضرت زینب,clinic,35.682746,51.4378667,True,requires_special_authorization_or_ground_handoff
facility_402,آزمایشگاه ماد,laboratory,35.7806571,51.4620272,False,eligible_for_obstacle_safe_drone_routing
facility_403,کلینیک شهرداری,clinic,35.6827854,51.3984391,True,requires_special_authorization_or_ground_handoff
facility_404,کلینیک آسمان,clinic,35.8100402,51.4305489,True,requires_special_authorization_or_ground_handoff
facility_405,ساختمان پزشکان ظفر,clinic,35.7656513,51.4425887,False,eligible_for_obstacle_safe_drone_routing
facility_406,آزمایشگاه فارابی,laboratory,35.8047775,51.4367103,True,requires_special_authorization_or_ground_handoff
facility_407,unnamed,clinic,35.7330678,51.3987121,False,eligible_for_obstacle_safe_drone_routing
facility_408,درمانگاه تخصصی تشخیص و درمان ناباروری نیکان,clinic,35.8000274,51.4903378,False,eligible_for_obstacle_safe_drone_routing
facility_409,کلینیک خانه سفید,clinic,35.7685729,51.4144624,False,eligible_for_obstacle_safe_drone_routing
facility_410,مجتمع پزشکان سجاد,clinic,35.7661156,51.3402676,False,eligible_for_obstacle_safe_drone_routing
facility_411,مطب حکیم حسین خیراندیش,doctors,35.7661154,51.3402729,False,eligible_for_obstacle_safe_drone_routing
facility_412,رادیولوژی فک و صورت اندرزگو,doctors,35.8000068,51.4505964,False,eligible_for_obstacle_safe_drone_routing
facility_413,کلینیک دندانپزشکی اقاقیا,clinic,35.7471492,51.3255792,False,eligible_for_obstacle_safe_drone_routing
facility_414,پازل کلینیک,clinic,35.791249,51.4185184,True,requires_special_authorization_or_ground_handoff
facility_415,کلینیک فیزیوتراپی رامتن,clinic,35.7232878,51.4238688,False,eligible_for_obstacle_safe_drone_routing
facility_416,کلینیک اسمایل اسپا,clinic,35.8072228,51.4085673,False,eligible_for_obstacle_safe_drone_routing
facility_417,درمانگاه شبانه روزی مهر تهرانپارس,clinic,35.7496418,51.5417932,False,eligible_for_obstacle_safe_drone_routing
facility_418,درمانگاه شهرداری منطقه چهار,clinic,35.7426447,51.5570039,False,eligible_for_obstacle_safe_drone_routing
facility_419,آزمایشگاه پاتوبیولوژی دکتر خسروشاهی,laboratory,35.7990647,51.4143652,False,eligible_for_obstacle_safe_drone_routing
facility_420,بخش کرونا,hospital,35.8154618,51.4961203,False,eligible_for_obstacle_safe_drone_routing
facility_421,کلینیک سیماگل,clinic,35.798522,51.4196661,False,eligible_for_obstacle_safe_drone_routing
facility_422,کلینیک زیبایی دکتر زرگران,clinic,35.8012869,51.4603921,False,eligible_for_obstacle_safe_drone_routing
facility_423,درمانگاه آهنگ,clinic,35.6577613,51.4761268,False,eligible_for_obstacle_safe_drone_routing
facility_424,درمانگاه آراز,clinic,35.7329537,51.4989179,True,requires_special_authorization_or_ground_handoff
facility_425,درمانگاه صدر,clinic,35.7330123,51.5007479,True,requires_special_authorization_or_ground_handoff
facility_426,درمانگاه آزادگان,clinic,35.6259613,51.43574,False,eligible_for_obstacle_safe_drone_routing
facility_427,unnamed,doctors,35.7840985,51.4617982,False,eligible_for_obstacle_safe_drone_routing
facility_428,دکتر عبدالصمد مدرسی,doctors,35.6310515,51.3686609,False,eligible_for_obstacle_safe_drone_routing
facility_429,کلینیک دندانپزشکی مطهر,hospital,35.6310205,51.3686736,False,eligible_for_obstacle_safe_drone_routing
facility_430,درمانگاه شبانه روزی مطهر,hospital,35.6310016,51.3686865,False,eligible_for_obstacle_safe_drone_routing
facility_431,مجتمع پزشکان مهر,clinic,35.6397959,51.3659479,True,requires_special_authorization_or_ground_handoff
facility_432,خانه بهداشت مینی سیتی,clinic,35.7993955,51.5055316,False,eligible_for_obstacle_safe_drone_routing
facility_433,لیا کلینیک,clinic,35.7971215,51.4460706,False,eligible_for_obstacle_safe_drone_routing
facility_434,دکتر لیلا محمدی متخصص زنان و زایمان,doctors,35.7915122,51.476528,True,requires_special_authorization_or_ground_handoff
facility_435,دکتر هاشم شمشادی,doctors,35.7413278,51.4094393,False,eligible_for_obstacle_safe_drone_routing
facility_436,مرکز بهداشت و درمان دانشگاه تهران,clinic,35.7335834,51.3864601,False,eligible_for_obstacle_safe_drone_routing
facility_437,کلینیک شمیرانات,clinic,35.8017039,51.4336797,True,requires_special_authorization_or_ground_handoff
facility_438,کلینیک شمیران نو,clinic,35.7967268,51.4341805,False,eligible_for_obstacle_safe_drone_routing
facility_439,کلینیک قلب و عروق کوروش,clinic,35.8005295,51.4334327,True,requires_special_authorization_or_ground_handoff
facility_440,کلینیک ارتوپدی فنی پارسیان طب,clinic,35.7973176,51.4331067,True,requires_special_authorization_or_ground_handoff
facility_441,کلینیک زخم دستهای مهربان,clinic,35.7886623,51.4319212,False,eligible_for_obstacle_safe_drone_routing
facility_442,کلینیک قیطریه,clinic,35.7958126,51.4397241,False,eligible_for_obstacle_safe_drone_routing
facility_443,دارالشفاء قائم,clinic,35.8016417,51.4404436,False,eligible_for_obstacle_safe_drone_routing
facility_444,گروه درمان چاقی باراکا,clinic,35.77329,51.4429885,False,eligible_for_obstacle_safe_drone_routing
facility_445,طب کار پازند,clinic,35.6970665,51.2540968,True,requires_special_authorization_or_ground_handoff
facility_446,ساختمان پزشکان سپهر,doctors,35.7632289,51.4435778,False,eligible_for_obstacle_safe_drone_routing
facility_447,بیمارستان روانپزشکی دلارام سینا,hospital,35.6363573,51.4344209,False,eligible_for_obstacle_safe_drone_routing
facility_448,کلینیک تخصصی اطفال,clinic,35.7286378,51.4840881,True,requires_special_authorization_or_ground_handoff
facility_449,دکتر سمیه فرهادی ، متخصص اطفال,doctors,35.728563,51.4840771,True,requires_special_authorization_or_ground_handoff
facility_450,مطب دکتر زهرا قلی زاده,doctors,35.685765,51.3767789,True,requires_special_authorization_or_ground_handoff
facility_451,مطب دکتر سامان محمدی پور,doctors,35.7800297,51.4598466,False,eligible_for_obstacle_safe_drone_routing
facility_452,مرکز پزشکان بازرگان,clinic,35.652062,51.3405365,False,eligible_for_obstacle_safe_drone_routing
facility_453,دکتر غزل فرهادی,doctors,35.7286244,51.4839324,True,requires_special_authorization_or_ground_handoff
facility_454,دکتر سعید قرایی اردکانی,doctors,35.6771629,51.3680439,True,requires_special_authorization_or_ground_handoff
facility_455,مرکز زیبایی دکتر اسکندری,clinic,35.7407277,51.4445914,True,requires_special_authorization_or_ground_handoff
facility_456,unnamed,clinic,35.7299657,51.4958118,True,requires_special_authorization_or_ground_handoff
facility_457,unnamed,laboratory,35.7299356,51.4956495,True,requires_special_authorization_or_ground_handoff
facility_458,مطب دکتر آزیتا دادگر,doctors,35.6919478,51.376204,False,eligible_for_obstacle_safe_drone_routing
facility_459,کلینیک درد بهار,clinic,35.7356279,51.3354876,False,eligible_for_obstacle_safe_drone_routing
facility_460,ساختمان پزشکان صدرا,clinic,35.7571642,51.4069285,True,requires_special_authorization_or_ground_handoff
facility_461,درمانگاه درکه,clinic,35.8086493,51.3819038,False,eligible_for_obstacle_safe_drone_routing
facility_462,ساختمان پزشکان,clinic,35.7260091,51.4647447,True,requires_special_authorization_or_ground_handoff
facility_463,دکتر آذر اصلانی مقدم,doctors,35.7412094,51.4095206,False,eligible_for_obstacle_safe_drone_routing
facility_464,درمانگاه شبانه روزی حکیمان,clinic,35.7690849,51.4763686,False,eligible_for_obstacle_safe_drone_routing
facility_465,دارالشفاء کوثر,clinic,35.5857303,51.4368644,False,eligible_for_obstacle_safe_drone_routing
facility_466,دکتر مهسا ساداتی,doctors,35.730672,51.3786787,False,eligible_for_obstacle_safe_drone_routing
facility_467,مطب دکتر القاسی,doctors,35.7566395,51.3958122,False,eligible_for_obstacle_safe_drone_routing
facility_468,کلینیک دندانپزشکی صدف,clinic,35.7192342,51.3892498,True,requires_special_authorization_or_ground_handoff
facility_469,آزمایشگاه کیوان,laboratory,35.7446715,51.4256562,True,requires_special_authorization_or_ground_handoff
facility_470,کلینیک ایرانیان,clinic,35.7796864,51.4597092,False,eligible_for_obstacle_safe_drone_routing
facility_471,کلینیک آرتمن,clinic,35.7805087,51.4652718,True,requires_special_authorization_or_ground_handoff
facility_472,مرکز بهداشت شرق,clinic,35.7125101,51.4935499,True,requires_special_authorization_or_ground_handoff
facility_473,درمانگاه شبانه روزی اکباتان,clinic,35.7097892,51.3128559,True,requires_special_authorization_or_ground_handoff
facility_474,انجمن آلزایمر ایران,clinic,35.71376,51.309016,True,requires_special_authorization_or_ground_handoff
facility_475,کلینیک تخصصی داخلی حافظه,clinic,35.7138089,51.309159,True,requires_special_authorization_or_ground_handoff
facility_476,مرکز جراحی شبانه روزی محدود سلامت غرب چشم,clinic,35.703755,51.3175473,True,requires_special_authorization_or_ground_handoff
facility_477,آزمایشگاه پارسیان,laboratory,35.7313047,51.4875165,True,requires_special_authorization_or_ground_handoff
facility_478,مطب دکتر احمد عامری جراح و فوق تخصص چشم,doctors,35.7287164,51.4155876,True,requires_special_authorization_or_ground_handoff
facility_479,دکتر نسترن گودرزی متخصص بیماریهای دهان، فک و صورت,doctors,35.76399,51.445051,False,eligible_for_obstacle_safe_drone_routing
facility_480,درمانگاه شفا مهر صدرا,clinic,35.7241501,51.4080173,False,eligible_for_obstacle_safe_drone_routing
facility_481,مرکز بهداشت ۱۲ بهمن,clinic,35.6472919,51.4714922,False,eligible_for_obstacle_safe_drone_routing
facility_482,مرکز بهداشت امام رضا,clinic,35.6300901,51.3511021,False,eligible_for_obstacle_safe_drone_routing
facility_483,مرکز بهداشت قائم,clinic,35.8059414,51.5258507,False,eligible_for_obstacle_safe_drone_routing
facility_484,unnamed,clinic,35.6378672,51.4440823,False,eligible_for_obstacle_safe_drone_routing
facility_485,مرکز بهداشت تقی نیا,clinic,35.6738053,51.3506126,True,requires_special_authorization_or_ground_handoff
facility_486,مرکز خدمات جامع سلامت امامزاده قاسم,clinic,35.815953,51.4357331,False,eligible_for_obstacle_safe_drone_routing
facility_487,مرکز بهداشت افسریه,clinic,35.6596684,51.5002853,True,requires_special_authorization_or_ground_handoff
facility_488,مرکز بهداشت ارشاد,clinic,35.7571022,51.4473063,True,requires_special_authorization_or_ground_handoff
facility_489,مرکز بهداشت بعثت,clinic,35.6446747,51.4953312,True,requires_special_authorization_or_ground_handoff
facility_490,مرکز بهداشت زارع زاده,clinic,35.6764449,51.4508441,True,requires_special_authorization_or_ground_handoff
facility_491,مرکز بهداشت سمرقندی,clinic,35.7487544,51.5245633,False,eligible_for_obstacle_safe_drone_routing
facility_492,مرکز بهداشت سردار جنگل,clinic,35.7646155,51.3257311,False,eligible_for_obstacle_safe_drone_routing
facility_493,مرکز بهداشت شهید آیت,clinic,35.6393505,51.3698631,False,eligible_for_obstacle_safe_drone_routing
facility_494,مرکز بهداشت صفا,clinic,35.6971596,51.4550914,True,requires_special_authorization_or_ground_handoff
facility_495,مرکز بهداشت مسعودیه,clinic,35.6282887,51.4911155,True,requires_special_authorization_or_ground_handoff
facility_496,مرکز بهداشت محمدیان,clinic,35.7016085,51.4966455,True,requires_special_authorization_or_ground_handoff
facility_497,مرکز بهداشت وحدت اسلامی,clinic,35.6648103,51.4062497,True,requires_special_authorization_or_ground_handoff
facility_498,مرکز بهداشت همایون,clinic,35.7302567,51.468206,True,requires_special_authorization_or_ground_handoff
facility_499,پایگاه بهداشت جلالی,clinic,35.6831815,51.4497904,True,requires_special_authorization_or_ground_handoff
facility_500,خانه بهداشت شهرک آزادی,clinic,35.7107576,51.274092,True,requires_special_authorization_or_ground_handoff
facility_501,درمانگاه شهدای شهر ری,clinic,35.6055038,51.4469045,False,eligible_for_obstacle_safe_drone_routing
facility_502,مرکز بهداشت هنگام,clinic,35.7494016,51.5106442,False,eligible_for_obstacle_safe_drone_routing
facility_503,مرکز بهداشت امام حسن مجتبی,clinic,35.7432546,51.5556084,False,eligible_for_obstacle_safe_drone_routing
facility_504,کلینیک الزهرا,clinic,35.7655757,51.3908599,False,eligible_for_obstacle_safe_drone_routing
facility_505,مرکز بهداشت آفرینش,clinic,35.6370684,51.4664476,False,eligible_for_obstacle_safe_drone_routing
facility_506,مرکز بهداشت شهید صفدری,clinic,35.6765176,51.4791748,True,requires_special_authorization_or_ground_handoff
facility_507,مرکز بهداشت شمال‌غرب,clinic,35.7282959,51.4153813,True,requires_special_authorization_or_ground_handoff
facility_508,مرکز بهداشت ولیعصر,clinic,35.648404,51.3407879,True,requires_special_authorization_or_ground_handoff
facility_509,مرکز بهداشت شهر زیبا,clinic,35.7490426,51.2873198,False,eligible_for_obstacle_safe_drone_routing
facility_510,مرکز بهداشت جوادیه شهید شاطری,clinic,35.6571216,51.387062,False,eligible_for_obstacle_safe_drone_routing
facility_511,مرکز بهداشت خواجه نوری,clinic,35.6964644,51.4389217,True,requires_special_authorization_or_ground_handoff
facility_512,مرکز بهداشت سازمان برنامه,clinic,35.7464269,51.3003536,False,eligible_for_obstacle_safe_drone_routing
facility_513,مرکز بهداشت دانشگاه علامه طباطبائی,clinic,35.7580381,51.2645713,True,requires_special_authorization_or_ground_handoff
facility_514,مرکز سلامت ظهیرآباد,clinic,35.5909773,51.4483575,False,eligible_for_obstacle_safe_drone_routing
facility_515,مرکز بهداشت کادوس,clinic,35.736346,51.5351521,False,eligible_for_obstacle_safe_drone_routing
facility_516,مرکز سلامت مبارکی,clinic,35.7747455,51.4925987,False,eligible_for_obstacle_safe_drone_routing
facility_517,مرکز بهداشت پورهدایت,clinic,35.6802153,51.4639628,True,requires_special_authorization_or_ground_handoff
facility_518,مرکز سلامت جامعه مبارکی,clinic,35.6088542,51.426017,False,eligible_for_obstacle_safe_drone_routing
facility_519,مرکز بهداشت ناصری نیا,clinic,35.7387088,51.3774646,False,eligible_for_obstacle_safe_drone_routing
facility_520,مرکز خانه سلامت شقایق,clinic,35.7576577,51.3022288,False,eligible_for_obstacle_safe_drone_routing
facility_521,مرکز سلامت شهرک چشمه,clinic,35.7557081,51.2581918,True,requires_special_authorization_or_ground_handoff
facility_522,آزمایشگاه مواد غذایی مرجعان خاتم,laboratory,35.6235265,51.3823964,False,eligible_for_obstacle_safe_drone_routing
facility_523,مرکز بهداشت چیذر,clinic,35.7978293,51.4562501,False,eligible_for_obstacle_safe_drone_routing
facility_524,مرکز جامع سلامت سعادت‌آباد,clinic,35.7917388,51.3833946,False,eligible_for_obstacle_safe_drone_routing
facility_525,مرکز بهداشت خواجه نظام الملک,clinic,35.7236207,51.4531217,True,requires_special_authorization_or_ground_handoff
facility_526,مرکز بهداشت سمنگان,clinic,35.7290102,51.487408,True,requires_special_authorization_or_ground_handoff
facility_527,مرکز جامع سلامت مسجدالسادات,clinic,35.7243657,51.4079958,False,eligible_for_obstacle_safe_drone_routing
facility_528,مرکز بهداشت ۱۷ شهریور,clinic,35.6931253,51.4520082,True,requires_special_authorization_or_ground_handoff
facility_529,مرکز بهداشت حاج یحیی آقا سید عبدالله,clinic,35.6540904,51.4937715,False,eligible_for_obstacle_safe_drone_routing
facility_530,مرکز بهداشت صاحب الزمان,clinic,35.65422,51.3216562,True,requires_special_authorization_or_ground_handoff
facility_531,مركز خدمات جامع بهداشت فرحزاد,clinic,35.7942854,51.3427725,False,eligible_for_obstacle_safe_drone_routing
facility_532,مرکز بهداشت شیبانی,clinic,35.7802363,51.4579198,False,eligible_for_obstacle_safe_drone_routing
facility_533,unnamed,clinic,35.663773,51.4350647,False,eligible_for_obstacle_safe_drone_routing
facility_534,مرکز خدمات جامع جامع سلامت شهری غیاثی,clinic,35.6692185,51.464164,True,requires_special_authorization_or_ground_handoff
facility_535,مرکز سلامت شیخ احمد کافی,clinic,35.6383991,51.4178932,False,eligible_for_obstacle_safe_drone_routing
facility_536,مرکز بهداشت شهید یغماییان,clinic,35.6184574,51.4537798,False,eligible_for_obstacle_safe_drone_routing
facility_537,مرکز بهداشت شهید جمالی,clinic,35.597802,51.4397532,False,eligible_for_obstacle_safe_drone_routing
facility_538,مرکز بهداشت وردآورد,clinic,35.7390202,51.1370768,False,eligible_for_obstacle_safe_drone_routing
facility_539,نقاهتگاه ۱۷ شهریور,clinic,35.7121446,51.4841692,True,requires_special_authorization_or_ground_handoff
facility_540,کلینیک شبانه روزی خانی آباد,clinic,35.6283713,51.3909381,False,eligible_for_obstacle_safe_drone_routing
facility_541,کلینیک سپینود,clinic,35.8061666,51.4624286,False,eligible_for_obstacle_safe_drone_routing
facility_542,دکتر لیلا ملکی / جراح بینی,doctors,35.7973926,51.4080866,False,eligible_for_obstacle_safe_drone_routing
facility_543,دکتر سعید رضا یوسف,doctors,35.7862089,51.4266892,False,eligible_for_obstacle_safe_drone_routing
facility_544,کلینیک دامپزشکی آریانا,clinic,35.7540861,51.3262618,False,eligible_for_obstacle_safe_drone_routing
facility_545,مطب دندانپزشکی نیک,clinic,35.7358756,51.3344331,False,eligible_for_obstacle_safe_drone_routing
facility_546,دکتر افشین طاهری اعظم,doctors,35.7806345,51.3685178,False,eligible_for_obstacle_safe_drone_routing
facility_547,رنگ و ابزار شهریاری,clinic,35.7187299,51.3740239,False,eligible_for_obstacle_safe_drone_routing
facility_548,درمانگاه شبانه روزی قائم آل احمد عج,clinic,35.6766834,51.4905538,True,requires_special_authorization_or_ground_handoff
facility_549,نگین آزادی,clinic,35.7009035,51.3810186,False,eligible_for_obstacle_safe_drone_routing
facility_550,دکتر زارعی شریف,doctors,35.6647371,51.2646316,True,requires_special_authorization_or_ground_handoff
facility_551,دکتر محمدعلی اخوت پور,doctors,35.7562248,51.3941513,False,eligible_for_obstacle_safe_drone_routing
facility_552,کلینیک لیزر دالیا شعبه ۲,clinic,35.6795099,51.4486085,True,requires_special_authorization_or_ground_handoff
facility_553,کلینیک لیزر وزیبایی دالیا,clinic,35.6904737,51.4631471,True,requires_special_authorization_or_ground_handoff
facility_554,کلینیک شبانه‌روزی نادری,clinic,35.7787011,51.3352749,True,requires_special_authorization_or_ground_handoff
facility_555,درمانگاه شبانه‌روزی فولاد,clinic,35.702399,51.4048944,True,requires_special_authorization_or_ground_handoff
facility_556,راهپویان شفا,clinic,35.7709113,51.3060098,False,eligible_for_obstacle_safe_drone_routing
facility_557,کلینیک اعصاب و روان و مشاوره آلما,clinic,35.695308,51.2544809,True,requires_special_authorization_or_ground_handoff
facility_558,ساختمان پزشکان ۳۱۷,clinic,35.690223,51.4593281,True,requires_special_authorization_or_ground_handoff
facility_559,مرکز جامع سلامت سوهانک,clinic,35.8034743,51.5355365,False,eligible_for_obstacle_safe_drone_routing
facility_560,آزمایشگاه زمرد,laboratory,35.7578985,51.450719,False,eligible_for_obstacle_safe_drone_routing
facility_561,دکتر رضا آقاجانی پوست مو زیبایی,doctors,35.5905546,51.439327,True,requires_special_authorization_or_ground_handoff
facility_562,درمانگاه شبانه روزی فرح بخش,clinic,35.7406509,51.4661826,False,eligible_for_obstacle_safe_drone_routing
facility_563,پایگاه سلامت شهری شماره یک - قمربنی هاشم,clinic,35.6826759,51.361373,True,requires_special_authorization_or_ground_handoff
facility_564,درمانگاه شبانه روزی امین,clinic,35.6373572,51.4507743,False,eligible_for_obstacle_safe_drone_routing
facility_565,مرکز بهداشتی درمانی راهور,clinic,35.7002131,51.375257,False,eligible_for_obstacle_safe_drone_routing
facility_566,رادیولوژی و سونوگرافی فرمانیه,doctors,35.7992,51.473791,True,requires_special_authorization_or_ground_handoff
facility_567,پلی کلینیک ۲۲ بهمن,clinic,35.7002408,51.3680744,True,requires_special_authorization_or_ground_handoff
facility_568,کلینیک ارتوپدی سپید,clinic,35.768871,51.475804,False,eligible_for_obstacle_safe_drone_routing
facility_569,کلینیک فوق تخصصی قلب سلامت,clinic,35.7996193,51.4492294,False,eligible_for_obstacle_safe_drone_routing
facility_570,دکتر حسین دباغیان (فوق متخصص قلب و عروق),doctors,35.7995694,51.4491602,False,eligible_for_obstacle_safe_drone_routing
facility_571,درمانگاه شبانه روزی سپیدار,clinic,35.7428588,51.5376249,False,eligible_for_obstacle_safe_drone_routing
facility_572,لیزر گلبرگ,clinic,35.7273148,51.515763,True,requires_special_authorization_or_ground_handoff
facility_573,دکتر امیر حسین محمدی مفرد جراح بینی,doctors,35.7780881,51.3602779,True,requires_special_authorization_or_ground_handoff
facility_574,دکتر غزوینیان,doctors,35.76018,51.4002049,False,eligible_for_obstacle_safe_drone_routing
facility_575,مرکز ارتوپدی فنی پایار,clinic,35.7597404,51.4173847,False,eligible_for_obstacle_safe_drone_routing
facility_576,آزمایشگاه قلهک,laboratory,35.7725819,51.437476,True,requires_special_authorization_or_ground_handoff
facility_577,کلینیک رازنو,clinic,35.740636,51.4456874,False,eligible_for_obstacle_safe_drone_routing
facility_578,دكتر سميرا حسن خانی جراح و متخصص زنان، زايمان و نازایی,doctors,35.7135598,51.3683833,False,eligible_for_obstacle_safe_drone_routing
facility_579,کلینیک تخصصی توحید دکتر علیرضا رمضان زاده,clinic,35.7065437,51.3765494,True,requires_special_authorization_or_ground_handoff
facility_580,ساختمان پزشکان ۵۳,clinic,35.7618414,51.4453992,True,requires_special_authorization_or_ground_handoff
facility_581,ساختمان پزشکان نیام,clinic,35.761601,51.4455191,True,requires_special_authorization_or_ground_handoff
facility_582,دکتر نیما توکلی - متخصص اعصاب و روان,doctors,35.7235261,51.4235984,False,eligible_for_obstacle_safe_drone_routing
facility_583,دکتر نازنین صفائی,doctors,35.7972275,51.409595,False,eligible_for_obstacle_safe_drone_routing
facility_584,وستالب,clinic,35.7542463,51.4109982,False,eligible_for_obstacle_safe_drone_routing
facility_585,آزمایشگاه ژنتیک بنیان,laboratory,35.757943,51.4473186,True,requires_special_authorization_or_ground_handoff
facility_586,کلینیک جوان,clinic,35.7445613,51.4119459,False,eligible_for_obstacle_safe_drone_routing
facility_587,دکتر رضا کریمیان ، جراح بینی,doctors,35.7780896,51.3603729,True,requires_special_authorization_or_ground_handoff
facility_588,درمانگاه آزادگان,clinic,35.6625474,51.4594474,False,eligible_for_obstacle_safe_drone_routing
facility_589,مطب دکتر فاطمه ابراهیمی,doctors,35.7458743,51.41138,False,eligible_for_obstacle_safe_drone_routing
facility_590,کلینیک پوست و مو ساعی,clinic,35.7680988,51.4191241,False,eligible_for_obstacle_safe_drone_routing
facility_591,مطب دکتر مهدی صالح زاده,doctors,35.7362856,51.4638748,False,eligible_for_obstacle_safe_drone_routing
facility_592,کلینیک ماهک,clinic,35.723316,51.41166,False,eligible_for_obstacle_safe_drone_routing
facility_593,دکتر سیامک مرادی,doctors,35.7664665,51.4429076,False,eligible_for_obstacle_safe_drone_routing
facility_594,ساختمان پزشکان سبز,doctors,35.7655706,51.4421084,False,eligible_for_obstacle_safe_drone_routing
facility_595,دکتر زهرا امیدوار,doctors,35.7426129,51.4472434,False,eligible_for_obstacle_safe_drone_routing
facility_596,کلینیک زیبایی پارسیان طب,clinic,35.7599931,51.4426617,False,eligible_for_obstacle_safe_drone_routing
facility_597,ساختمان پزشکان حکیم,doctors,35.7650152,51.4415233,False,eligible_for_obstacle_safe_drone_routing
facility_598,unnamed,doctors,35.7080639,51.388873,False,eligible_for_obstacle_safe_drone_routing
facility_599,مرکز بهداشت دولت آباد,clinic,35.6171059,51.452614,False,eligible_for_obstacle_safe_drone_routing
facility_600,آزمایشگاه تشخیص طبی خاتم,laboratory,35.6336878,51.3726782,False,eligible_for_obstacle_safe_drone_routing
facility_601,آزمایشگاه تشخیص طبی سفیر,laboratory,35.6345679,51.3786164,True,requires_special_authorization_or_ground_handoff
facility_602,آزمایشگاه تشخیص طبی شریعتی,laboratory,35.6352072,51.3786158,True,requires_special_authorization_or_ground_handoff
facility_603,آزمایشگاه تشخیص طبی ماهان,laboratory,35.6343738,51.3790994,True,requires_special_authorization_or_ground_handoff
facility_604,بان کلینیک,clinic,35.796139,51.4761078,True,requires_special_authorization_or_ground_handoff
facility_605,ویولا کلینیک,clinic,35.7357096,51.5255071,True,requires_special_authorization_or_ground_handoff
facility_606,مرکز جراحی سهند,clinic,35.7323872,51.4426082,False,eligible_for_obstacle_safe_drone_routing
facility_607,مرکز ارتوپدی فنی طب نو,clinic,35.7339081,51.4404107,False,eligible_for_obstacle_safe_drone_routing
facility_608,کلینیک دامپزشکی سهروردی,clinic,35.7275337,51.4368537,False,eligible_for_obstacle_safe_drone_routing
facility_609,درمانگاه خيريه امام جعفر صادق ع تهرانپارس,clinic,35.7431631,51.554655,False,eligible_for_obstacle_safe_drone_routing
facility_610,پایگاه سلامت باغ اناری,clinic,35.7527238,51.5446671,False,eligible_for_obstacle_safe_drone_routing
facility_611,کلینیک گوارش,clinic,35.7348696,51.3284603,False,eligible_for_obstacle_safe_drone_routing
facility_612,کلینیک پزشگان,clinic,35.7347783,51.3276466,False,eligible_for_obstacle_safe_drone_routing
facility_613,مرکز لیزر پوست و مو دوان,clinic,35.7601607,51.4356871,True,requires_special_authorization_or_ground_handoff
facility_614,مرکز بهداشت صفا,clinic,35.7010889,51.4578185,True,requires_special_authorization_or_ground_handoff
facility_615,دکتر سپید,doctors,35.7721707,51.3746402,False,eligible_for_obstacle_safe_drone_routing
facility_616,درمانگاه امام حسن عسگری,clinic,35.6928201,51.479175,True,requires_special_authorization_or_ground_handoff
facility_617,مرکز همودیالیز به آفرین,clinic,35.7454423,51.2314876,True,requires_special_authorization_or_ground_handoff
facility_618,کلینیک تخصصی پوست، مو و زیبایی همسا,clinic,35.7259021,51.4743895,True,requires_special_authorization_or_ground_handoff
facility_619,مطب دکتر حمیدرضا سمیعی,doctors,35.7405476,51.4674886,False,eligible_for_obstacle_safe_drone_routing
facility_620,مرکز توانبخشی معلولان ذهنی آوای رضوان,clinic,35.6394519,51.4454012,False,eligible_for_obstacle_safe_drone_routing
facility_621,کلینیک دندانپزشکی بهبود,clinic,35.7592498,51.4115221,False,eligible_for_obstacle_safe_drone_routing
facility_622,مطب دکتر محمدرضا چراغیان,doctors,35.7359205,51.4057337,True,requires_special_authorization_or_ground_handoff
facility_623,درمانگاه خیریه حضرت علی‌اصغر,clinic,35.613511,51.4527176,False,eligible_for_obstacle_safe_drone_routing
facility_624,درمانگاه شهرداری منطقه ۱۰,clinic,35.6701984,51.3727813,False,eligible_for_obstacle_safe_drone_routing
facility_625,درمانگاه خیریه امام صادق,clinic,35.7190814,51.5058919,True,requires_special_authorization_or_ground_handoff
facility_626,مرکز تصویربرداری پزشکی تهران,clinic,35.7195006,51.4056101,False,eligible_for_obstacle_safe_drone_routing
facility_627,مرکز خدمات جامع سلامت احمدی,clinic,35.7055657,51.4591962,True,requires_special_authorization_or_ground_handoff
facility_628,دکتر آذر محمدی | زیبایی,doctors,35.7942438,51.4365002,False,eligible_for_obstacle_safe_drone_routing
facility_629,درمانگاه خیریه شبانه روزی رضویه,clinic,35.8150957,51.4796625,True,requires_special_authorization_or_ground_handoff
facility_630,مرکز جراحی سعادت آباد,clinic,35.7828861,51.3774344,False,eligible_for_obstacle_safe_drone_routing
facility_631,درمانگاه تامین اجتماعی آزادی,clinic,35.7004703,51.320568,True,requires_special_authorization_or_ground_handoff
facility_632,کلینیک هورسام,clinic,35.7714843,51.3574539,False,eligible_for_obstacle_safe_drone_routing
facility_633,پایگاه سلامت هروی,clinic,35.7595737,51.4725099,True,requires_special_authorization_or_ground_handoff
facility_634,مطب دکتر مهدی احمدی احمدی، فوق تخصص جراحی پلاستیک و زیبایی,doctors,35.7520551,51.4107961,False,eligible_for_obstacle_safe_drone_routing
facility_635,درمانگاه نبوی,clinic,35.6028701,51.4344949,False,eligible_for_obstacle_safe_drone_routing
facility_636,پایگاه بهداشت ولی آباد بهشتی,clinic,35.5807898,51.4197847,False,eligible_for_obstacle_safe_drone_routing
facility_637,کلینیک ایدن,clinic,35.7990995,51.4417285,True,requires_special_authorization_or_ground_handoff
facility_638,مرکز بهداشت چهارصد دستگاه,clinic,35.6898035,51.4550574,True,requires_special_authorization_or_ground_handoff
facility_639,دکتر فرشاد جعفری، فوق تخصص قلب کودکان,doctors,35.7746777,51.4097932,False,eligible_for_obstacle_safe_drone_routing
facility_640,کلینیک پوست و زیبایی دکتر مهدی میمنت,clinic,35.8135513,51.4760156,True,requires_special_authorization_or_ground_handoff
facility_641,کلینیک کاردرمانی و گفتاردرمانی آریان,clinic,35.7749888,51.3615286,False,eligible_for_obstacle_safe_drone_routing
facility_642,unnamed,doctors,35.6788967,51.3605591,True,requires_special_authorization_or_ground_handoff
facility_643,لیزر سلین,clinic,35.7866517,51.4356664,False,eligible_for_obstacle_safe_drone_routing
facility_644,رادیولوژی و سونوگرافی کیهان,doctors,35.7301342,51.3791311,False,eligible_for_obstacle_safe_drone_routing
facility_645,مرکز پزشکی هسته ای آفتاب,laboratory,35.7265487,51.5240473,True,requires_special_authorization_or_ground_handoff
facility_646,مرکز زیبایی دکتر شیدوش,clinic,35.781618,51.4490163,False,eligible_for_obstacle_safe_drone_routing
facility_647,سمعک برتر,clinic,35.766951,51.4406803,False,eligible_for_obstacle_safe_drone_routing
facility_648,مرکز شنوایی سنجی و فروش سمعک آلفا,clinic,35.7591169,51.4115882,False,eligible_for_obstacle_safe_drone_routing
facility_649,کلینیک پوست و مو ماهور,clinic,35.8063828,51.456959,False,eligible_for_obstacle_safe_drone_routing
facility_650,رادیولوژی دکتر صدری,doctors,35.745168,51.4507107,False,eligible_for_obstacle_safe_drone_routing
facility_651,رادیولوژی و سونوگرافی ستارخان,doctors,35.7097293,51.3733673,False,eligible_for_obstacle_safe_drone_routing
facility_652,آزمایشگاه میرداماد,laboratory,35.7596761,51.4458384,False,eligible_for_obstacle_safe_drone_routing
facility_653,درمانگاه فرهنگیان منطقه ۱۴,clinic,35.6884082,51.4595495,True,requires_special_authorization_or_ground_handoff
facility_654,آزمایشگاه آرامش,laboratory,35.7826933,51.3742202,False,eligible_for_obstacle_safe_drone_routing
facility_655,دکتر رضا خدادادی,doctors,35.7884939,51.4191711,False,eligible_for_obstacle_safe_drone_routing
facility_656,درمانگاه چمران,clinic,35.7012352,51.4450741,True,requires_special_authorization_or_ground_handoff
facility_657,رادیولوژی فک و صورت دکتر یاراحمدی,doctors,35.7617812,51.445565,True,requires_special_authorization_or_ground_handoff
facility_658,مطب دکتر روحانی,doctors,35.7758069,51.3662419,False,eligible_for_obstacle_safe_drone_routing
facility_659,کلینیک فیزیوتراپی بامداد سلامت,clinic,35.7273361,51.4079008,False,eligible_for_obstacle_safe_drone_routing
facility_660,کلینیک مهر پویا (دکتر اسدالله امان الهی),clinic,35.7264103,51.3225612,False,eligible_for_obstacle_safe_drone_routing
facility_661,کلینیک مهر پویا (دکتر اسدالله امان الهی),clinic,35.7770192,51.3550218,False,eligible_for_obstacle_safe_drone_routing
facility_662,دکتر حبیبه احمدی متخصص زنان,doctors,35.7813764,51.3712249,False,eligible_for_obstacle_safe_drone_routing
facility_663,آزمایشگاه پاتوبیولوژی دکتر ویشکائی,laboratory,35.7320724,51.524702,False,eligible_for_obstacle_safe_drone_routing
facility_664,آزمایشگاه چهر,laboratory,35.7426242,51.4466474,False,eligible_for_obstacle_safe_drone_routing
facility_665,دکتر مسعود صدرالدینی,doctors,35.7990161,51.4409996,True,requires_special_authorization_or_ground_handoff
facility_666,دکتر فاطمه سمامی,doctors,35.7990474,51.4410042,True,requires_special_authorization_or_ground_handoff
facility_667,مرکز تخصصی طب کار چشم انداز,clinic,35.7197576,51.3360106,True,requires_special_authorization_or_ground_handoff
facility_668,دکتر غزاله موسوی زاده,doctors,35.7572782,51.2894104,False,eligible_for_obstacle_safe_drone_routing
facility_669,دکتر سپیده مدعی نما,doctors,35.7685596,51.4609959,True,requires_special_authorization_or_ground_handoff
facility_670,دکتر علی اصغر شیرازی,doctors,35.7287479,51.4164594,False,eligible_for_obstacle_safe_drone_routing
facility_671,آزمایشگاه پاتوبیولوژی سروش,laboratory,35.6919556,51.4771805,True,requires_special_authorization_or_ground_handoff
facility_672,آزمایشگاه دکتر حیدریان,laboratory,35.5914345,51.431324,True,requires_special_authorization_or_ground_handoff
facility_673,آزمایشگاه تشخیص طبی الوند,laboratory,35.5912628,51.4426384,False,eligible_for_obstacle_safe_drone_routing
facility_674,آزمایشگاه پاتوبیولوژی پلاسما طب,laboratory,35.592617,51.4401512,False,eligible_for_obstacle_safe_drone_routing
facility_675,آزمایشگاه پاتوبیولوژی امروز,laboratory,35.5907631,51.438282,False,eligible_for_obstacle_safe_drone_routing
facility_676,آزمایشگاه حکمت,laboratory,35.6178643,51.4537853,False,eligible_for_obstacle_safe_drone_routing
facility_677,آزمایشگاه زکریا رازی,laboratory,35.6002769,51.4384613,False,eligible_for_obstacle_safe_drone_routing
facility_678,آزمایشگاه امامی اهری,laboratory,35.6641159,51.3988113,False,eligible_for_obstacle_safe_drone_routing
facility_679,آزمایشگاه نیاوران,laboratory,35.8116747,51.4633353,False,eligible_for_obstacle_safe_drone_routing
facility_680,آزمایشگاه هدیه,laboratory,35.715229,51.431633,True,requires_special_authorization_or_ground_handoff
facility_681,آزمایشگاه ساعی,laboratory,35.7353783,51.525074,True,requires_special_authorization_or_ground_handoff
facility_682,آزمایشگاه دکتر منشدی,laboratory,35.7646027,51.4192009,True,requires_special_authorization_or_ground_handoff
facility_683,آزمایشگاه تسکین,laboratory,35.6768227,51.3598137,True,requires_special_authorization_or_ground_handoff
facility_684,آزمایشگاه تشخیص طبی دکتر فرحتاج,laboratory,35.5837517,51.4525452,False,eligible_for_obstacle_safe_drone_routing
facility_685,آزمایشگاه پاتوبیولوژی یاس,laboratory,35.6742744,51.3431625,True,requires_special_authorization_or_ground_handoff
facility_686,آزمایشگاه شمیران نو,laboratory,35.748909,51.5023346,False,eligible_for_obstacle_safe_drone_routing
facility_687,آزمایشگاه احسان,laboratory,35.7384338,51.558136,False,eligible_for_obstacle_safe_drone_routing
facility_688,آزمایشگاه بهرینگ,laboratory,35.7570915,51.4006958,True,requires_special_authorization_or_ground_handoff
facility_689,آزمایشگاه الیا,laboratory,35.7601395,51.4425507,False,eligible_for_obstacle_safe_drone_routing
facility_690,آزمایشگاه ظفر,laboratory,35.7653323,51.4434054,False,eligible_for_obstacle_safe_drone_routing
facility_691,رادیولوژی تات,laboratory,35.7388362,51.5314233,False,eligible_for_obstacle_safe_drone_routing
facility_692,آزمایشگاه یزدان,laboratory,35.7243576,51.4378357,True,requires_special_authorization_or_ground_handoff
facility_693,آزمایشگاه نیکنام,laboratory,35.6429367,51.4207954,True,requires_special_authorization_or_ground_handoff
facility_694,آزمایشگاه سینا,laboratory,35.6731474,51.2668707,True,requires_special_authorization_or_ground_handoff
facility_695,آزمایشگاه ابن سینا,laboratory,35.7237015,51.442646,True,requires_special_authorization_or_ground_handoff
facility_696,آزمایشگاه تشخیص پزشکی دکتر آقامحمدی,laboratory,35.6347359,51.3502237,False,eligible_for_obstacle_safe_drone_routing
facility_697,آزمایشگاه شهران,laboratory,35.7580396,51.2899768,False,eligible_for_obstacle_safe_drone_routing
facility_698,آزمایشگاه دیبا,laboratory,35.7707253,51.3042412,False,eligible_for_obstacle_safe_drone_routing
facility_699,آزمایشگاه دکتر امامی,laboratory,35.6367811,51.411036,False,eligible_for_obstacle_safe_drone_routing
facility_700,آزمایشگاه تخت جمشید,laboratory,35.7100067,51.4303398,True,requires_special_authorization_or_ground_handoff
facility_701,آزمایشگاه برنارد,laboratory,35.7248878,51.4187355,False,eligible_for_obstacle_safe_drone_routing
facility_702,آزمایشگاه امیر کبیر,laboratory,35.6616637,51.3437566,True,requires_special_authorization_or_ground_handoff
facility_703,آزمایشگاه پاسکال,laboratory,35.7005184,51.3904161,True,requires_special_authorization_or_ground_handoff
facility_704,آزمایشگاه کاوش,laboratory,35.763382,51.2905006,True,requires_special_authorization_or_ground_handoff
facility_705,آزمایشگاه جلوه,laboratory,35.7349281,51.4997025,False,eligible_for_obstacle_safe_drone_routing
facility_706,آزمایشگاه دکتر تقوی,laboratory,35.7415009,51.533287,False,eligible_for_obstacle_safe_drone_routing
facility_707,آزمایشگاه لاوازیه,laboratory,35.736248,51.4888077,True,requires_special_authorization_or_ground_handoff
facility_708,آزمایشگاه دکتر حبیبی,laboratory,35.6973495,51.4154472,False,eligible_for_obstacle_safe_drone_routing
facility_709,آزمایشگاه لوتوس,laboratory,35.7345734,51.3553772,False,eligible_for_obstacle_safe_drone_routing
facility_710,آزمایشگاه داورپناه,laboratory,35.7029533,51.4130936,False,eligible_for_obstacle_safe_drone_routing
facility_711,آزمایشگاه دکتر سبزپوشان,laboratory,35.7227097,51.3319206,True,requires_special_authorization_or_ground_handoff
facility_712,آزمایشگاه بیمارستان رسالت,laboratory,35.7421875,51.4489136,False,eligible_for_obstacle_safe_drone_routing
facility_713,آزمایشگاه پزشکی ری,laboratory,35.596097,51.4392883,False,eligible_for_obstacle_safe_drone_routing
facility_714,آزمایشگاه دکتر عمادی,laboratory,35.6488647,51.3425827,True,requires_special_authorization_or_ground_handoff
facility_715,آزمایشگاه پاتوبیولوژی و تشخیص پزشکی بهار,laboratory,35.7163734,51.389782,True,requires_special_authorization_or_ground_handoff
facility_716,آزمایشگاه شهباز,laboratory,35.6712608,51.4461823,True,requires_special_authorization_or_ground_handoff
facility_717,آزمایشگاه جشنواره,laboratory,35.7346649,51.5353622,False,eligible_for_obstacle_safe_drone_routing
facility_718,آزمایشگاه دکتر علوی,laboratory,35.6748962,51.3363876,True,requires_special_authorization_or_ground_handoff
facility_719,آزمایشگاه بیمارستان شهریار,laboratory,35.6992264,51.3667107,True,requires_special_authorization_or_ground_handoff
facility_720,آزمایشگاه فارابی,laboratory,35.7656441,51.4426422,False,eligible_for_obstacle_safe_drone_routing
facility_721,آزمایشگاه لامارک,laboratory,35.7275124,51.4070663,False,eligible_for_obstacle_safe_drone_routing
facility_722,آزمایشگاه کیمیا,laboratory,35.6701164,51.3793488,False,eligible_for_obstacle_safe_drone_routing
facility_723,آزمایشگاه ویلسون,laboratory,35.6601143,51.4310837,False,eligible_for_obstacle_safe_drone_routing
facility_724,آزمایشگاه کوروش,laboratory,35.8063052,51.430051,False,eligible_for_obstacle_safe_drone_routing
facility_725,آزمایشگاه مبنا,laboratory,35.7361641,51.4058952,True,requires_special_authorization_or_ground_handoff
facility_726,آزمایشگاه تشخیص طبی دکتر خطایی,laboratory,35.713398,51.4600716,True,requires_special_authorization_or_ground_handoff
facility_727,آزمایشگاه تشخیص پزشکی پارس,laboratory,35.6919518,51.3494072,True,requires_special_authorization_or_ground_handoff
facility_728,آزمایشگاه زکریا,laboratory,35.7322578,51.3105049,True,requires_special_authorization_or_ground_handoff
facility_729,آزمایشگاه موسسه غرب,laboratory,35.76091,51.4002342,False,eligible_for_obstacle_safe_drone_routing
facility_730,آزمایشگاه گلستان,laboratory,35.7700844,51.4598694,True,requires_special_authorization_or_ground_handoff
facility_731,آزمایشگاه پاتوبیولوژی شرق,laboratory,35.7161865,51.4907074,True,requires_special_authorization_or_ground_handoff
facility_732,آزمایشگاه تشخیص پزشکی بهمن,laboratory,35.6582565,51.3575478,True,requires_special_authorization_or_ground_handoff
facility_733,آزمایشگاه صبا,laboratory,35.7105255,51.436348,True,requires_special_authorization_or_ground_handoff
facility_734,آزمایشگاه مهناز,laboratory,35.7323036,51.4324951,False,eligible_for_obstacle_safe_drone_routing
facility_735,آزمایشگاه ستارخان,laboratory,35.7184906,51.3638649,False,eligible_for_obstacle_safe_drone_routing
facility_736,آزمایشگاه آلبرت,laboratory,35.6907365,51.4613728,True,requires_special_authorization_or_ground_handoff
facility_737,کلینیک سلامت ملل متحد,clinic,35.8043752,51.4567557,False,eligible_for_obstacle_safe_drone_routing
facility_738,آزمایشگاه ولی عصر,laboratory,35.6417618,51.3387337,False,eligible_for_obstacle_safe_drone_routing
facility_739,آزمایشگاه پاتوبیولوژی خزانه,laboratory,35.6353836,51.4215279,False,eligible_for_obstacle_safe_drone_routing
facility_740,آزمایشگاه دکتر عزیزپور,laboratory,35.6655693,51.4476128,False,eligible_for_obstacle_safe_drone_routing
facility_741,آزمایشگاه مریم,laboratory,35.7689781,51.3783722,False,eligible_for_obstacle_safe_drone_routing
facility_742,کلینیک زیبایی هستیا,clinic,35.7971755,51.446072,False,eligible_for_obstacle_safe_drone_routing
facility_743,کلینیک الهام,clinic,35.7782516,51.3598442,True,requires_special_authorization_or_ground_handoff
facility_744,آزمایشگاه پاس,laboratory,35.7224818,51.4510102,True,requires_special_authorization_or_ground_handoff
facility_745,آزمایشگاه بیمارستان ساسان,laboratory,35.7109413,51.4032326,True,requires_special_authorization_or_ground_handoff
facility_746,آزمایشگاه تهرانسر,laboratory,35.6966553,51.2543716,True,requires_special_authorization_or_ground_handoff
facility_747,آزمایشگاه اقدسیه,laboratory,35.8007278,51.4828148,True,requires_special_authorization_or_ground_handoff
facility_748,آزمایشگاه مشیریه,laboratory,35.6249046,51.4896088,True,requires_special_authorization_or_ground_handoff
facility_749,آزمایشگاه دکتر جلالی,laboratory,35.730175,51.3790703,False,eligible_for_obstacle_safe_drone_routing
facility_750,آزمایشگاه شهرآرا,laboratory,35.7224388,51.3722115,False,eligible_for_obstacle_safe_drone_routing
facility_751,آزمایشگاه پاتوبیولوژی دی,laboratory,35.6370468,51.4020844,False,eligible_for_obstacle_safe_drone_routing
facility_752,آزمایشگاه تشخیص طبی ملاصدرا,laboratory,35.7163696,51.4657669,True,requires_special_authorization_or_ground_handoff
facility_753,آزمایشگاه بیمارستان جم,laboratory,35.7227821,51.4230309,False,eligible_for_obstacle_safe_drone_routing
facility_754,آزمایشگاه سازمان انتقال خون,laboratory,35.7483864,51.375206,False,eligible_for_obstacle_safe_drone_routing
facility_755,آزمایشگاه پرژن,laboratory,35.7440147,51.3281364,False,eligible_for_obstacle_safe_drone_routing
facility_756,آزمایشگاه فرمند,laboratory,35.778038,51.3604012,True,requires_special_authorization_or_ground_handoff
facility_757,آزمایشگاه توانا,laboratory,35.7740479,51.3771744,True,requires_special_authorization_or_ground_handoff
facility_758,آزمایشگاه پاتوبیولوژی دکتر تیموری,laboratory,35.7479324,51.2478676,True,requires_special_authorization_or_ground_handoff
facility_759,آزمایشگاه دکتر پورلشگری,laboratory,35.7617569,51.4456139,True,requires_special_authorization_or_ground_handoff
facility_760,آزمایشگاه اروند,laboratory,35.7179527,51.3891487,True,requires_special_authorization_or_ground_handoff
facility_761,آزمایشگاه لیانا,laboratory,35.7576218,51.4394341,True,requires_special_authorization_or_ground_handoff
facility_762,آزمایشگاه اکسین,laboratory,35.7107773,51.2761803,True,requires_special_authorization_or_ground_handoff
facility_763,آزمایشگاه دولت,laboratory,35.7749138,51.4637718,False,eligible_for_obstacle_safe_drone_routing
facility_764,آزمایشگاه سپیدار,laboratory,35.7015915,51.3621979,True,requires_special_authorization_or_ground_handoff
facility_765,آزمایشگاه نگین اختیاریه,laboratory,35.7882309,51.4670029,False,eligible_for_obstacle_safe_drone_routing
facility_766,آزمایشگاه صدرا,laboratory,35.7778713,51.3356956,True,requires_special_authorization_or_ground_handoff
facility_767,آزمایشگاه رسالت,laboratory,35.7383385,51.4771347,False,eligible_for_obstacle_safe_drone_routing
facility_768,آزمایشگاه امین,laboratory,35.6772614,51.3728104,True,requires_special_authorization_or_ground_handoff
facility_769,آزمایشگاه پاتوبیولوژی صادقیه,laboratory,35.7214203,51.3410416,True,requires_special_authorization_or_ground_handoff
facility_770,آزمایشگاه سحر,laboratory,35.7300224,51.495636,True,requires_special_authorization_or_ground_handoff
facility_771,آزمایشگاه سبحان,laboratory,35.7003899,51.4899216,True,requires_special_authorization_or_ground_handoff
facility_772,آزمایشگاه پاتوبیولوژی ادیب,laboratory,35.6927071,51.4855042,True,requires_special_authorization_or_ground_handoff
facility_773,آزمایشگاه قانون,laboratory,35.736702,51.3195343,False,eligible_for_obstacle_safe_drone_routing
facility_774,آزمایشگاه گرگان,laboratory,35.716732,51.455101,True,requires_special_authorization_or_ground_handoff
facility_775,آزمایشگاه آریا,laboratory,35.752594,51.5310555,False,eligible_for_obstacle_safe_drone_routing
facility_776,آزمایشگاه پاتوبیولوژی همت,laboratory,35.7483101,51.478199,False,eligible_for_obstacle_safe_drone_routing
facility_777,آزمایشگاه کیهان,laboratory,35.712326,51.3671875,False,eligible_for_obstacle_safe_drone_routing
facility_778,آزمایشگاه سپهر,laboratory,35.6604156,51.4477997,True,requires_special_authorization_or_ground_handoff
facility_779,آزمایشگاه خادم,laboratory,35.7972794,51.4100609,False,eligible_for_obstacle_safe_drone_routing
facility_780,آزمایشگاه آریاشهر,laboratory,35.7257118,51.3358192,True,requires_special_authorization_or_ground_handoff
facility_781,آزمایشگاه نگرش,laboratory,35.7002182,51.2546883,True,requires_special_authorization_or_ground_handoff
facility_782,آزمایشگاه پاد,laboratory,35.7607498,51.3357353,True,requires_special_authorization_or_ground_handoff
facility_783,آزمایشگاه پاتوبیولوژی شفق طب آزما,laboratory,35.63694,51.4056206,False,eligible_for_obstacle_safe_drone_routing
facility_784,آزمایشگاه بازرگانان,laboratory,35.6520042,51.3405037,False,eligible_for_obstacle_safe_drone_routing
facility_785,آزمایشگاه نوبنیاد,laboratory,35.7912903,51.4772034,True,requires_special_authorization_or_ground_handoff
facility_786,آزمایشگاه پامچال,laboratory,35.6229401,51.4853363,True,requires_special_authorization_or_ground_handoff
facility_787,آزمایشگاه نگین ونک,laboratory,35.7592735,51.4112701,True,requires_special_authorization_or_ground_handoff
facility_788,آزمایشگاه مرزداران,laboratory,35.7341003,51.3595505,True,requires_special_authorization_or_ground_handoff
facility_789,آزمایشگاه دکتر نیکوکار,laboratory,35.7680511,51.3268242,False,eligible_for_obstacle_safe_drone_routing
facility_790,آزمایشگاه دقیق,laboratory,35.6225967,51.4867516,True,requires_special_authorization_or_ground_handoff
facility_791,آزمایشگاه پاتوبیولوژی هما,laboratory,35.7599411,51.3247299,False,eligible_for_obstacle_safe_drone_routing
facility_792,آزمایشگاه نمونه,laboratory,35.6527176,51.3114281,True,requires_special_authorization_or_ground_handoff
facility_793,آزمایشگاه نور دانش,laboratory,35.7458954,51.2630157,True,requires_special_authorization_or_ground_handoff
facility_794,آزمایشگاه پاتوبیولوژی حکیمیه,laboratory,35.7398071,51.5958672,True,requires_special_authorization_or_ground_handoff
facility_795,آزمایشگاه تشخیص طبی و آسیب شناسی مهرگان,laboratory,35.7341843,51.3527145,True,requires_special_authorization_or_ground_handoff
facility_796,آزمایشگاه سعید,laboratory,35.7618675,51.4542923,True,requires_special_authorization_or_ground_handoff
facility_797,آزمایشگاه تشخیص طبی نیک,laboratory,35.7553711,51.4768562,False,eligible_for_obstacle_safe_drone_routing
facility_798,آزمایشگاه فرجام,laboratory,35.7365532,51.5165291,False,eligible_for_obstacle_safe_drone_routing
facility_799,آزمایشگاه پاتوبیولوژی دکتر زیدی,laboratory,35.7786789,51.4785538,True,requires_special_authorization_or_ground_handoff
facility_800,آزمایشگاه ژنتیک پزشکی دکتر اکبری,laboratory,35.7063179,51.4246826,False,eligible_for_obstacle_safe_drone_routing
facility_801,آزمایشگاه تشخیص طبی معین,laboratory,35.6886711,51.3460388,True,requires_special_authorization_or_ground_handoff
facility_802,آزمایشگاه تشخیص پزشکی پویش,laboratory,35.7099075,51.4739456,True,requires_special_authorization_or_ground_handoff
facility_803,آزمایشگاه تشخیص پزشکی آروین,laboratory,35.7092628,51.3158875,True,requires_special_authorization_or_ground_handoff
facility_804,آزمایشگاه کاج,laboratory,35.7845993,51.3734703,True,requires_special_authorization_or_ground_handoff
facility_805,آزمایشگاه شفق,laboratory,35.725605,51.435585,False,eligible_for_obstacle_safe_drone_routing
facility_806,آزمایشگاه افق,laboratory,35.7382317,51.5064163,False,eligible_for_obstacle_safe_drone_routing
facility_807,آزمایشگاه نعمت آباد,laboratory,35.6283188,51.3558121,False,eligible_for_obstacle_safe_drone_routing
facility_808,آزمایشگاه نبرد,laboratory,35.6880913,51.47892,True,requires_special_authorization_or_ground_handoff
facility_809,آزمایشگاه تحقیق,laboratory,35.6934357,51.2520256,True,requires_special_authorization_or_ground_handoff
facility_810,آزمایشگاه هدف,laboratory,35.7267841,51.3768334,False,eligible_for_obstacle_safe_drone_routing
facility_811,آزمایشگاه قیطریه,laboratory,35.7989006,51.4408913,True,requires_special_authorization_or_ground_handoff
facility_812,آزمایشگاه فردوس,laboratory,35.7259903,51.3069992,True,requires_special_authorization_or_ground_handoff
facility_813,آزمایشگاه اردیبهشت,laboratory,35.7320175,51.5208931,True,requires_special_authorization_or_ground_handoff
facility_814,آزمایشگاه دولت آباد,laboratory,35.6182747,51.4489594,False,eligible_for_obstacle_safe_drone_routing
facility_815,آزمایشگاه تشخیص طبی بهرامی نژاد,laboratory,35.7306252,51.178688,True,requires_special_authorization_or_ground_handoff
facility_816,آزمایشگاه نیایش,laboratory,35.7154236,51.5040245,True,requires_special_authorization_or_ground_handoff
facility_817,آزمایشگاه ارسطو,laboratory,35.6666069,51.4597092,True,requires_special_authorization_or_ground_handoff
facility_818,آزمایشگاه پیوند,laboratory,35.766243,51.4302483,True,requires_special_authorization_or_ground_handoff
facility_819,آزمایشگاه جوانه,laboratory,35.6377335,51.3563538,False,eligible_for_obstacle_safe_drone_routing
facility_820,آزمایشگاه تشخیص طبی دکتر قنبری,laboratory,35.6788826,51.3598518,True,requires_special_authorization_or_ground_handoff
facility_821,آزمایشگاه بینا,laboratory,35.6891785,51.3566628,True,requires_special_authorization_or_ground_handoff
facility_822,آزمایشگاه حاذق,laboratory,35.7185783,51.4638672,True,requires_special_authorization_or_ground_handoff
facility_823,آزمایشگاه شایان,laboratory,35.7439117,51.3035851,False,eligible_for_obstacle_safe_drone_routing
facility_824,آزمایشگاه نیما,laboratory,35.6911545,51.4709587,True,requires_special_authorization_or_ground_handoff
facility_825,آزمایشگاه پارامیس,laboratory,35.753685,51.3663788,False,eligible_for_obstacle_safe_drone_routing
facility_826,آزمایشگاه پاتوبیولوژی فروردین,laboratory,35.6868668,51.3672218,True,requires_special_authorization_or_ground_handoff
facility_827,آزمایشگاه دکتر محمدی جوبنی,laboratory,35.632534,51.4175987,False,eligible_for_obstacle_safe_drone_routing
facility_828,آزمایشگاه امگا,laboratory,35.7565689,51.3943939,False,eligible_for_obstacle_safe_drone_routing
facility_829,آزمایشگاه جردن,laboratory,35.761261,51.4196243,False,eligible_for_obstacle_safe_drone_routing
facility_830,آزمایشگاه ایثار,laboratory,35.7865753,51.3506737,False,eligible_for_obstacle_safe_drone_routing
facility_831,آزمایشگاه شاهین,laboratory,35.6605835,51.3034325,True,requires_special_authorization_or_ground_handoff
facility_832,آزمایشگاه شاهنگیان,laboratory,35.7186089,51.504097,True,requires_special_authorization_or_ground_handoff
facility_833,آزمایشگاه به آزما نوین,laboratory,35.7679462,51.4419858,True,requires_special_authorization_or_ground_handoff
facility_834,آزمایشگاه پاتوبیولوژی مادر,laboratory,35.7371407,51.3763123,False,eligible_for_obstacle_safe_drone_routing
facility_835,آزمایشگاه پاتوبیولوژی ملت,laboratory,35.7315979,51.1890755,False,eligible_for_obstacle_safe_drone_routing
facility_836,آزمایشگاه آرژانتین,laboratory,35.7396584,51.4151573,False,eligible_for_obstacle_safe_drone_routing
facility_837,آزمایشگاه باران,laboratory,35.7596817,51.4361343,True,requires_special_authorization_or_ground_handoff
facility_838,آزمایشگاه بصیر,laboratory,35.7084351,51.4974747,True,requires_special_authorization_or_ground_handoff
facility_839,آزمایشگاه پیروزی,laboratory,35.6901436,51.4603004,True,requires_special_authorization_or_ground_handoff
facility_840,آزمایشگاه سلام,laboratory,35.71101,51.377388,False,eligible_for_obstacle_safe_drone_routing
facility_841,آزمایشگاه آفاق,laboratory,35.7212753,51.3358841,True,requires_special_authorization_or_ground_handoff
facility_842,آزمایشگاه پارسیا,laboratory,35.6491127,51.3922997,False,eligible_for_obstacle_safe_drone_routing
facility_843,آزمایشگاه افشار,laboratory,35.7368965,51.5556488,False,eligible_for_obstacle_safe_drone_routing
facility_844,آزمایشگاه پاتریس,laboratory,35.7125435,51.3719177,False,eligible_for_obstacle_safe_drone_routing
facility_845,آزمایشگاه کیانشهر,laboratory,35.6355858,51.4456863,False,eligible_for_obstacle_safe_drone_routing
facility_846,آزمایشگاه ساحل,laboratory,35.7408714,51.5332756,False,eligible_for_obstacle_safe_drone_routing
facility_847,آزمایشگاه اکسیر,laboratory,35.729454,51.3260498,True,requires_special_authorization_or_ground_handoff
facility_848,آزمایشگاه ایرانا,laboratory,35.760006,51.3301239,False,eligible_for_obstacle_safe_drone_routing
facility_849,آزمایشگاه داریوش,laboratory,35.731739,51.4667473,True,requires_special_authorization_or_ground_handoff
facility_850,آزمایشگاه برسا,laboratory,35.7600555,51.437088,True,requires_special_authorization_or_ground_handoff
facility_851,آزمایشگاه محسن,laboratory,35.6814232,51.3851814,False,eligible_for_obstacle_safe_drone_routing
facility_852,آزمایشگاه آرمین,laboratory,35.7270864,51.4187089,True,requires_special_authorization_or_ground_handoff
facility_853,آزمایشگاه آرام مهر,laboratory,35.7618027,51.4458199,True,requires_special_authorization_or_ground_handoff
facility_854,آزمایشگاه صفا,laboratory,35.697216,51.4476929,True,requires_special_authorization_or_ground_handoff
facility_855,آزمایشگاه فیتاس,laboratory,35.708149,51.386158,False,eligible_for_obstacle_safe_drone_routing
facility_856,آزمایشگاه آرتا,laboratory,35.7132988,51.3859406,False,eligible_for_obstacle_safe_drone_routing
facility_857,آزمایشگاه پاتوبیولوژی و ژنتیک پزشکی تهران لب,laboratory,35.7342494,51.4104611,False,eligible_for_obstacle_safe_drone_routing
facility_858,آزمایشگاه مانی,laboratory,35.7205734,51.4667244,True,requires_special_authorization_or_ground_handoff
facility_859,آزمایشگاه بهمن طب,laboratory,35.7562828,51.3955803,False,eligible_for_obstacle_safe_drone_routing
facility_860,آزمایشگاه تاو,laboratory,35.7705307,51.3723156,False,eligible_for_obstacle_safe_drone_routing
facility_861,آزمایشگاه پاتوبیولوژی و ژنتیک مدیکال,laboratory,35.701683,51.4457855,True,requires_special_authorization_or_ground_handoff
facility_862,آزمایشگاه جاوید,laboratory,35.6818962,51.3963013,False,eligible_for_obstacle_safe_drone_routing
facility_863,آزمایشگاه سما,laboratory,35.7220268,51.3366623,True,requires_special_authorization_or_ground_handoff
facility_864,آزمایشگاه هادی,laboratory,35.6916084,51.4439888,True,requires_special_authorization_or_ground_handoff
facility_865,آزمایشگاه ارس,laboratory,35.797348,51.4334602,True,requires_special_authorization_or_ground_handoff
facility_866,آزمایشگاه تجریش,laboratory,35.8062286,51.4257469,False,eligible_for_obstacle_safe_drone_routing
facility_867,آزمایشگاه ژن لند,laboratory,35.7066003,51.4259671,True,requires_special_authorization_or_ground_handoff
facility_868,آزمایشگاه پاتوبیولوژی هستی,laboratory,35.6911888,51.4721451,True,requires_special_authorization_or_ground_handoff
facility_869,پژوهشگاه ملی مهندسی ژنتیک و زیست فن آوری و ژنتیک پزشکی,laboratory,35.7126045,51.3829536,False,eligible_for_obstacle_safe_drone_routing
facility_870,آزمایشگاه بهین,laboratory,35.6350784,51.4916878,False,eligible_for_obstacle_safe_drone_routing
facility_871,آزمایشگاه پند,laboratory,35.7432289,51.5318222,False,eligible_for_obstacle_safe_drone_routing
facility_872,آزمایشگاه مدرن,laboratory,35.7247238,51.4189796,True,requires_special_authorization_or_ground_handoff
facility_873,آزمایشگاه فرین,laboratory,35.7977791,51.4563637,False,eligible_for_obstacle_safe_drone_routing
facility_874,آزمایشگاه طلوع,laboratory,35.6924324,51.4821625,True,requires_special_authorization_or_ground_handoff
facility_875,آزمایشگاه حافظ,laboratory,35.6677003,51.3824708,False,eligible_for_obstacle_safe_drone_routing
facility_876,آزمایشگاه تشخیص پزشکی تهران طب,laboratory,35.7621994,51.3039398,True,requires_special_authorization_or_ground_handoff
facility_877,آزمایشگاه فر دانش,laboratory,35.6525078,51.4929085,False,eligible_for_obstacle_safe_drone_routing
facility_878,آزمایشگاه رایت,laboratory,35.6792755,51.4014091,False,eligible_for_obstacle_safe_drone_routing
facility_879,آزمایشگاه برنا,laboratory,35.7766342,51.4865417,False,eligible_for_obstacle_safe_drone_routing
facility_880,آزمایشگاه یکتا,laboratory,35.7070541,51.3835526,False,eligible_for_obstacle_safe_drone_routing
facility_881,آزمایشگاه پزشکی آنالیز,laboratory,35.75951,51.3125687,False,eligible_for_obstacle_safe_drone_routing
facility_882,آزمایشگاه امید بهشت,laboratory,35.7432938,51.5631409,False,eligible_for_obstacle_safe_drone_routing
facility_883,آزمایشگاه قائم مقام,laboratory,35.7233582,51.4199409,True,requires_special_authorization_or_ground_handoff
facility_884,آزمایشگاه جام جم,laboratory,35.7449608,51.4113426,False,eligible_for_obstacle_safe_drone_routing
facility_885,آزمایشگاه مهر ایران,laboratory,35.7391167,51.4435387,True,requires_special_authorization_or_ground_handoff
facility_886,آزمایشگاه حکیم,laboratory,35.7445946,51.2352219,True,requires_special_authorization_or_ground_handoff
facility_887,آزمایشگاه نانو,laboratory,35.7356148,51.4872894,True,requires_special_authorization_or_ground_handoff
facility_888,آزمایشگاه تشخیص طبی روشان,laboratory,35.7395668,51.3039703,False,eligible_for_obstacle_safe_drone_routing
facility_889,آزمایشگاه شیلا,laboratory,35.7688522,51.4762993,False,eligible_for_obstacle_safe_drone_routing
facility_890,آزمایشگاه ابوذر,laboratory,35.6873436,51.4912567,True,requires_special_authorization_or_ground_handoff
facility_891,آزمایشگاه وایت,laboratory,35.6974144,51.3714638,True,requires_special_authorization_or_ground_handoff
facility_892,آزمایشگاه مدیا,laboratory,35.7241211,51.3281593,True,requires_special_authorization_or_ground_handoff
facility_893,آزمایشگاه پرگن,laboratory,35.7177582,51.3409805,True,requires_special_authorization_or_ground_handoff
facility_894,آزمایشگاه تشخیص طبی سامان,laboratory,35.7691231,51.4762611,False,eligible_for_obstacle_safe_drone_routing
facility_895,آزمایشگاه میارناژن,laboratory,35.7449074,51.4114342,False,eligible_for_obstacle_safe_drone_routing
facility_896,آزمایشگاه بهبود,laboratory,35.729105,51.4268645,True,requires_special_authorization_or_ground_handoff
facility_897,آزمایشگاه رصد,laboratory,35.7369461,51.4895859,True,requires_special_authorization_or_ground_handoff
facility_898,آزمایشگاه پارت,laboratory,35.7196002,51.3887632,True,requires_special_authorization_or_ground_handoff
facility_899,آزمایشگاه نیوان,laboratory,35.8001404,51.4902077,False,eligible_for_obstacle_safe_drone_routing
facility_900,آزمایشگاه بوستان,laboratory,35.7517281,51.5473366,True,requires_special_authorization_or_ground_handoff
facility_901,آزمایشگاه پالادیوم,laboratory,35.7691543,51.3545859,False,eligible_for_obstacle_safe_drone_routing
facility_902,آزمایشگاه اکرم,laboratory,35.6603546,51.3769608,False,eligible_for_obstacle_safe_drone_routing
facility_903,آزمایشگاه برتر,laboratory,35.6139641,51.4921608,False,eligible_for_obstacle_safe_drone_routing
facility_904,آزمایشگاه زیباشهر,laboratory,35.7386627,51.3050613,True,requires_special_authorization_or_ground_handoff
facility_905,آزمایشگاه مهستان,laboratory,35.7588414,51.4102441,True,requires_special_authorization_or_ground_handoff
facility_906,آزمایشگاه پاتوبیولوژی حجت,laboratory,35.7205811,51.3537216,True,requires_special_authorization_or_ground_handoff
facility_907,آزمایشگاه نویان,laboratory,35.723053,51.3182068,True,requires_special_authorization_or_ground_handoff
facility_908,آزمایشگاه مهسا,laboratory,35.636692,51.4102516,False,eligible_for_obstacle_safe_drone_routing
facility_909,آزمایشگاه میثم,laboratory,35.7652283,51.2885056,True,requires_special_authorization_or_ground_handoff
facility_910,آزمایشگاه سروین,laboratory,35.7416267,51.5329742,False,eligible_for_obstacle_safe_drone_routing
facility_911,آزمایشگاه رایان,laboratory,35.7580109,51.5314941,False,eligible_for_obstacle_safe_drone_routing
facility_912,آزمایشگاه ویروس شناسی خاورمیانه,laboratory,35.7101974,51.4181137,False,eligible_for_obstacle_safe_drone_routing
facility_913,آزمایشگاه اتابک,laboratory,35.7464333,51.2369003,True,requires_special_authorization_or_ground_handoff
facility_914,آزمایشگاه تشخیص پزشکی سیمرغ,laboratory,35.7056002,51.3895575,False,eligible_for_obstacle_safe_drone_routing
facility_915,آزمایشگاه پاتوبیولوژی نصرت,laboratory,35.7063522,51.3648453,True,requires_special_authorization_or_ground_handoff
facility_916,آزمایشگاه صاحبقرانیه,laboratory,35.7991486,51.4739342,True,requires_special_authorization_or_ground_handoff
facility_917,آزمایشگاه وصال,laboratory,35.765377,51.3549347,True,requires_special_authorization_or_ground_handoff
facility_918,آزمایشگاه بیمارستان مهراد,laboratory,35.7265816,51.4263496,True,requires_special_authorization_or_ground_handoff
facility_919,آزمایشگاه ژینر,laboratory,35.6847687,51.4832077,True,requires_special_authorization_or_ground_handoff
facility_920,آزمایشگاه ممتاز,laboratory,35.6899033,51.4455185,True,requires_special_authorization_or_ground_handoff
facility_921,آزمایشگاه بیمارستان آزادی,laboratory,35.6968155,51.3572693,True,requires_special_authorization_or_ground_handoff
facility_922,آزمایشگاه پاتوبیولوژی وحیدیه,laboratory,35.7151718,51.4739609,True,requires_special_authorization_or_ground_handoff
facility_923,آزمایشگاه نگین,laboratory,35.7710648,51.3747845,False,eligible_for_obstacle_safe_drone_routing
facility_924,آزمایشگاه دکتر زینلی,laboratory,35.7218538,51.4105661,False,eligible_for_obstacle_safe_drone_routing
facility_925,آزمایشگاه پاتوبیولوژی زعفرانیه,laboratory,35.8033447,51.4203796,True,requires_special_authorization_or_ground_handoff
facility_926,آزمایشگاه طبیب,laboratory,35.6854897,51.4468422,True,requires_special_authorization_or_ground_handoff
facility_927,آزمایشگاه پاتوبیولوژی و ژنتیک پزشکی میلاد,laboratory,35.7310181,51.5289612,False,eligible_for_obstacle_safe_drone_routing
facility_928,آزمایشگاه پاتوبیولوژی دریان نو,laboratory,35.7126579,51.3584518,True,requires_special_authorization_or_ground_handoff
facility_929,آزمایشگاه پاتوبیولوژی برهان,laboratory,35.6954918,51.3774567,True,requires_special_authorization_or_ground_handoff
facility_930,آزمایشگاه لشگرک,laboratory,35.7992706,51.501358,True,requires_special_authorization_or_ground_handoff
facility_931,آزمایشگاه کاوشگر تیسفون,laboratory,35.6287613,51.4980659,False,eligible_for_obstacle_safe_drone_routing
facility_932,آزمایشگاه پل رومی,laboratory,35.7947464,51.4349442,True,requires_special_authorization_or_ground_handoff
facility_933,آزمایشگاه پاتوبیولوژی سعادت آباد,laboratory,35.7716904,51.3582191,False,eligible_for_obstacle_safe_drone_routing
facility_934,آزمایشگاه مهدیه,laboratory,35.7170868,51.3970604,True,requires_special_authorization_or_ground_handoff
facility_935,آزمایشگاه تشخیص طبی آفتاب,laboratory,35.7067032,51.3161736,True,requires_special_authorization_or_ground_handoff
facility_936,آزمایشگاه پرتولب,laboratory,35.7581291,51.4060249,True,requires_special_authorization_or_ground_handoff
facility_937,آزمایشگاه مایسا,laboratory,35.7736816,51.3775902,True,requires_special_authorization_or_ground_handoff
facility_938,آزمایشگاه دکتر عبدی,laboratory,35.6643524,51.3243904,True,requires_special_authorization_or_ground_handoff
facility_939,آزمایشگاه کیفیت,laboratory,35.674427,51.2668266,True,requires_special_authorization_or_ground_handoff
facility_940,آزمایشگاه مهرآباد,laboratory,35.6727333,51.3362808,True,requires_special_authorization_or_ground_handoff
facility_941,آزمایشگاه دکتر جعفری,laboratory,35.6469345,51.3370972,False,eligible_for_obstacle_safe_drone_routing
facility_942,آزمایشگاه پویان,laboratory,35.7035866,51.3175125,True,requires_special_authorization_or_ground_handoff
facility_943,آزمایشگاه وردآورد,laboratory,35.7392448,51.1355314,False,eligible_for_obstacle_safe_drone_routing
facility_944,آزمایشگاه تشخیص طبی و ژنتیک انستیتو پاستور,laboratory,35.692173,51.3957291,False,eligible_for_obstacle_safe_drone_routing
facility_945,آزمایشگاه لفلر,laboratory,35.6769981,51.4084892,False,eligible_for_obstacle_safe_drone_routing
facility_946,آزمایشگاه نوید,laboratory,35.6919518,51.3699799,True,requires_special_authorization_or_ground_handoff
facility_947,آزمایشگاه سانترال,laboratory,35.6582565,51.375473,False,eligible_for_obstacle_safe_drone_routing
facility_948,آزمایشگاه قصر,laboratory,35.6852875,51.3708344,True,requires_special_authorization_or_ground_handoff
facility_949,استروبوسکوپی ابن سینا,clinic,35.7221391,51.3330993,True,requires_special_authorization_or_ground_handoff
facility_950,کلینیک نگین آتریسا,clinic,35.7544162,51.3334411,False,eligible_for_obstacle_safe_drone_routing
facility_951,آزمایشگاه مندل,laboratory,35.7472545,51.4109743,False,eligible_for_obstacle_safe_drone_routing
facility_952,آزمایشگاه جهان,laboratory,35.7291374,51.3990211,False,eligible_for_obstacle_safe_drone_routing
facility_953,آزمایشگاه فروردین نوین,laboratory,35.708271,51.3837929,False,eligible_for_obstacle_safe_drone_routing
facility_954,آزمایشگاه روناش,laboratory,35.7083269,51.3837437,False,eligible_for_obstacle_safe_drone_routing
facility_955,آزمایشگاه پاتوبیولوژی پیشرو,laboratory,35.7085429,51.3750255,True,requires_special_authorization_or_ground_handoff
facility_956,آزمایشگاه نامدار,laboratory,35.7235451,51.4015732,False,eligible_for_obstacle_safe_drone_routing
facility_957,آزمایشگاه پاتوبیولوژی سام,laboratory,35.735733,51.3773117,False,eligible_for_obstacle_safe_drone_routing
facility_958,آزمایشگاه شافی,laboratory,35.7221336,51.3604622,False,eligible_for_obstacle_safe_drone_routing
facility_959,آزمایشگاه ظریفی,laboratory,35.7708359,51.365345,False,eligible_for_obstacle_safe_drone_routing
facility_960,آزمایشگاه  دکتر مهدوی,laboratory,35.7245789,51.3272133,True,requires_special_authorization_or_ground_handoff
facility_961,آزمایشگاه بزرگمهر,laboratory,35.7529182,51.2198639,True,requires_special_authorization_or_ground_handoff
facility_962,آزمایشگاه مبنای دانش,laboratory,35.7943192,51.5330734,True,requires_special_authorization_or_ground_handoff
facility_963,آزمایشگاه سپند,laboratory,35.8020401,51.4786377,False,eligible_for_obstacle_safe_drone_routing
facility_964,آزمایشگاه نیکو,laboratory,35.7676964,51.4582977,True,requires_special_authorization_or_ground_handoff
facility_965,آزمایشگاه لقمان,laboratory,35.7354355,51.495266,True,requires_special_authorization_or_ground_handoff
facility_966,آزمایشگاه نگاه,laboratory,35.7521858,51.4473953,False,eligible_for_obstacle_safe_drone_routing
facility_967,آزمایشگاه آتبین,laboratory,35.7240791,51.4118423,False,eligible_for_obstacle_safe_drone_routing
facility_968,آزمایشگاه بهداد,laboratory,35.7262497,51.4191132,True,requires_special_authorization_or_ground_handoff
facility_969,آزمایشگاه روشن آزما,laboratory,35.7377205,51.4152031,False,eligible_for_obstacle_safe_drone_routing
facility_970,آزمایشگاه سنا,laboratory,35.7457123,51.4047928,False,eligible_for_obstacle_safe_drone_routing
facility_971,آزمایشگاه سبلان,laboratory,35.7257347,51.4594269,True,requires_special_authorization_or_ground_handoff
facility_972,آزمایشگاه درمانگاه خورشید,laboratory,35.7444308,51.4605293,False,eligible_for_obstacle_safe_drone_routing
facility_973,آزمایشگاه سبز آزما,laboratory,35.7272339,51.5159798,True,requires_special_authorization_or_ground_handoff
facility_974,آزمایشگاه کاوه,laboratory,35.7800636,51.4492302,False,eligible_for_obstacle_safe_drone_routing
facility_975,آزمایشگاه نماد,laboratory,35.7134255,51.4850403,True,requires_special_authorization_or_ground_handoff
facility_976,آزمایشگاه رها,laboratory,35.7406998,51.5326996,False,eligible_for_obstacle_safe_drone_routing
facility_977,آزمایشگاه بهار شرق,laboratory,35.7417221,51.5463638,False,eligible_for_obstacle_safe_drone_routing
facility_978,آزمایشگاه فضل,laboratory,35.7355461,51.526638,False,eligible_for_obstacle_safe_drone_routing
facility_979,آزمایشگاه نگار,laboratory,35.7702675,51.4401207,False,eligible_for_obstacle_safe_drone_routing
facility_980,آزمایشگاه روشا,laboratory,35.7916145,51.487793,False,eligible_for_obstacle_safe_drone_routing
facility_981,آزمایشگاه رسا,laboratory,35.7571678,51.4482346,True,requires_special_authorization_or_ground_handoff
facility_982,آزمایشگاه دلتا,laboratory,35.8108177,51.4688301,False,eligible_for_obstacle_safe_drone_routing
facility_983,آزمایشگاه خانی آباد,laboratory,35.6258278,51.3916664,False,eligible_for_obstacle_safe_drone_routing
facility_984,آزمایشگاه دارآباد,laboratory,35.8182106,51.4918823,False,eligible_for_obstacle_safe_drone_routing
facility_985,آزمایشگاه امین شرق,laboratory,35.6998253,51.4929314,True,requires_special_authorization_or_ground_handoff
facility_986,آزمایشگاه الزهرا,laboratory,35.641964,51.4210968,True,requires_special_authorization_or_ground_handoff
facility_987,آزمایشگاه صوفیا,laboratory,35.7759323,51.4171486,False,eligible_for_obstacle_safe_drone_routing
facility_988,آزمایشگاه صفاییه,laboratory,35.6095461,51.4464999,False,eligible_for_obstacle_safe_drone_routing
facility_989,آزمایشگاه آرتین,laboratory,35.7991805,51.440974,True,requires_special_authorization_or_ground_handoff
facility_990,ام.آر.آی ولیعصر,clinic,35.7843651,51.4405189,False,eligible_for_obstacle_safe_drone_routing
facility_991,آزمایشگاه حسان,laboratory,35.6593323,51.3772964,True,requires_special_authorization_or_ground_handoff
facility_992,آزمایشگاه مرجع بهداشت,laboratory,35.6814156,51.4118614,False,eligible_for_obstacle_safe_drone_routing
facility_993,دکتر رشادی,doctors,35.7615195,51.329615,True,requires_special_authorization_or_ground_handoff
facility_994,کلینیک فردوس,clinic,35.7278547,51.3018093,True,requires_special_authorization_or_ground_handoff
facility_995,درمانگاه شبانه روزی دکتر اطمینان,clinic,35.638652,51.4108551,False,eligible_for_obstacle_safe_drone_routing
facility_996,آزمایشگاه پاتوبیولوژی پارس طب,laboratory,35.7569542,51.4118164,True,requires_special_authorization_or_ground_handoff
facility_997,ساختمان پزشکان ستارخان,clinic,35.7134643,51.3684735,False,eligible_for_obstacle_safe_drone_routing
facility_998,دکتر محمد صادق عالم رجبی,doctors,35.7802465,51.3354667,False,eligible_for_obstacle_safe_drone_routing
facility_999,کلینیک دندانپزشکی شادمان,clinic,35.7006613,51.3654209,True,requires_special_authorization_or_ground_handoff
facility_1000,دکتر بابک محی ، جراح بینی گوشتی و بینی استخوانی,doctors,35.7728751,51.3786006,True,requires_special_authorization_or_ground_handoff
facility_1001,مطب دکتر حمید علمی راد,doctors,35.7585343,51.4104505,True,requires_special_authorization_or_ground_handoff
facility_1002,دکتر عاطفه فرامرزی,doctors,35.8012584,51.4598896,False,eligible_for_obstacle_safe_drone_routing
facility_1003,آزمایشگاه جانان,laboratory,35.6763103,51.3290585,True,requires_special_authorization_or_ground_handoff
facility_1004,دندانپزشکی  dencare,clinic,35.790461,51.4186763,True,requires_special_authorization_or_ground_handoff
facility_1005,کلینیک تخصصی پوست و مو وی‌وان,clinic,35.760718,51.4448132,True,requires_special_authorization_or_ground_handoff
facility_1006,مرکز سلامت جامع شهری بعثت,clinic,35.6492914,51.4299076,False,eligible_for_obstacle_safe_drone_routing
facility_1007,آزمایشگاه ظفر آریا,laboratory,35.7682953,51.4176483,False,eligible_for_obstacle_safe_drone_routing
facility_1008,مطب دکتر تکتم کیاماری,doctors,35.7440522,51.5342515,False,eligible_for_obstacle_safe_drone_routing
facility_1009,آزمایشگاه کاخال,laboratory,35.780117,51.4605026,False,eligible_for_obstacle_safe_drone_routing
facility_1010,دکتر قاسم اسحاقی,doctors,35.7559971,51.4108728,False,eligible_for_obstacle_safe_drone_routing
facility_1011,مجتمع پزشکی صدر,doctors,35.7864287,51.4476054,False,eligible_for_obstacle_safe_drone_routing
facility_1012,دکتر نازنین علوی,clinic,35.7734565,51.3800705,False,eligible_for_obstacle_safe_drone_routing
facility_1013,کلینیک حنجره دکتر احمدی,doctors,35.7173821,51.3637635,False,eligible_for_obstacle_safe_drone_routing
facility_1014,اورژانس اجتماعي تهران شميرانات,hospital,35.7632471,51.4070116,False,eligible_for_obstacle_safe_drone_routing
facility_1015,کلینیک روانشناسی روان آرام,clinic,35.7601621,51.4003867,False,eligible_for_obstacle_safe_drone_routing
facility_1016,مرکز پوست و زیبایی دکتر شمسی,clinic,35.7648828,51.3570292,True,requires_special_authorization_or_ground_handoff
facility_1017,مرکز مشاوره روانشناسی دکتر علیرضا چیره نژاد,clinic,35.64736,51.4713845,False,eligible_for_obstacle_safe_drone_routing
facility_1018,کلینیک دندانپزشکی لبخند مشکوه,clinic,35.7298087,51.3426693,False,eligible_for_obstacle_safe_drone_routing
facility_1019,کلینیک آفا,clinic,35.7713677,51.376164,False,eligible_for_obstacle_safe_drone_routing
facility_1020,آزمایشگاه یوسف آباد,laboratory,35.7433685,51.4052546,True,requires_special_authorization_or_ground_handoff
facility_1021,دکتر عباس کبیری ابیانه,clinic,35.7462594,51.2860578,True,requires_special_authorization_or_ground_handoff
facility_1022,دکتر اسماعیل ایدنی فوق تخصص بیماری های ریه,doctors,35.7544086,51.4114237,True,requires_special_authorization_or_ground_handoff
facility_1023,کلینیک ارتوپدی طب نادر,clinic,35.7707022,51.3744368,False,eligible_for_obstacle_safe_drone_routing
facility_1024,کلنیک نسخه,clinic,35.7567496,51.3959809,False,eligible_for_obstacle_safe_drone_routing
facility_1025,کلینیک فیزیوتراپی آرکا,clinic,35.789427,51.37461,False,eligible_for_obstacle_safe_drone_routing
facility_1026,دکتر سید حسن مهاجرانی,clinic,35.7597925,51.4354988,True,requires_special_authorization_or_ground_handoff
facility_1027,کلینیک زیبایی فلورا,clinic,35.7680269,51.3315467,False,eligible_for_obstacle_safe_drone_routing
facility_1028,آزمایشگاه چک آپ,laboratory,35.7270727,51.3349944,True,requires_special_authorization_or_ground_handoff
facility_1029,مطب خانم دکتر سمیه حجازی نیا,doctors,35.7664604,51.4413127,False,eligible_for_obstacle_safe_drone_routing
facility_1030,آزمایشگاه دکتر حفیظی,laboratory,35.7820039,51.3775046,True,requires_special_authorization_or_ground_handoff
facility_1031,آزمایشگاه فروزنده شاملو,laboratory,35.7710953,51.3669662,False,eligible_for_obstacle_safe_drone_routing
facility_1032,مطب دکتر نرگس سروش,doctors,35.7810588,51.3703886,False,eligible_for_obstacle_safe_drone_routing
facility_1033,مطب زیبایی دکتر اسفندیارجلیل زاده,doctors,35.7866128,51.4241838,False,eligible_for_obstacle_safe_drone_routing
facility_1034,درمانگاه تخصصی داخلی ظفرآریا,clinic,35.7683265,51.4177611,False,eligible_for_obstacle_safe_drone_routing
facility_1035,دکتر محمدجواد نخعی,doctors,35.8036274,51.4205427,True,requires_special_authorization_or_ground_handoff
facility_1036,نگار سنتر;مجموعه صنعتی آذرپترو,clinic,35.7826323,51.3753217,False,eligible_for_obstacle_safe_drone_routing
facility_1037,ساختمان یاس دکتر بنفشه شاه نظری,doctors,35.7407171,51.4103535,False,eligible_for_obstacle_safe_drone_routing
facility_1038,کلینیک باربد,doctors,35.7998358,51.4493942,False,eligible_for_obstacle_safe_drone_routing
facility_1039,مطب دکتر نفیسه جوادی,doctors,35.7801187,51.4498545,False,eligible_for_obstacle_safe_drone_routing
facility_1040,ساختمان پزشکان رامیار,doctors,35.7238322,51.3086347,True,requires_special_authorization_or_ground_handoff
facility_1041,کلینیک زیبایی دکتر صلح جو,clinic,35.6372836,51.4109449,False,eligible_for_obstacle_safe_drone_routing
facility_1042,آزمایشگاه پاتوبیولوژی آسا,laboratory,35.7213812,51.3890529,False,eligible_for_obstacle_safe_drone_routing
facility_1043,کلنیک آلرژی و ایمونولوژی خورشید,clinic,35.7444305,51.4605811,False,eligible_for_obstacle_safe_drone_routing
facility_1044,دکتر حمیدرضا حسنانی,doctors,35.7587292,51.4114374,True,requires_special_authorization_or_ground_handoff
facility_1045,دکتر شیرین شمس,doctors,35.7587554,51.4115783,True,requires_special_authorization_or_ground_handoff
facility_1046,کلینیک زیبایی سوین,clinic,35.7809391,51.3529271,False,eligible_for_obstacle_safe_drone_routing
facility_1047,انجمن جراحان پستان ایران,doctors,35.8069887,51.4320322,False,eligible_for_obstacle_safe_drone_routing
facility_1048,دکتر پریسا عظیمی نژادان,doctors,35.7542358,51.4111184,True,requires_special_authorization_or_ground_handoff
facility_1049,دکتر مهدی اوصیا,doctors,35.8078085,51.4055771,False,eligible_for_obstacle_safe_drone_routing
facility_1050,دکتر شاهرخ خوش سیرت,doctors,35.7592725,51.4115024,False,eligible_for_obstacle_safe_drone_routing
facility_1051,دکتر نسرین راستا,doctors,35.7716943,51.3781206,False,eligible_for_obstacle_safe_drone_routing
facility_1052,دکتر هلن جوانمرد,doctors,35.7725671,51.3585453,False,eligible_for_obstacle_safe_drone_routing
facility_1053,دکتر اعظم السادات مهدوی,doctors,35.8031408,51.4206714,True,requires_special_authorization_or_ground_handoff
facility_1054,دکتر صالح محبی,doctors,35.7819368,51.376293,True,requires_special_authorization_or_ground_handoff
facility_1055,دکتر محسن اسدی,doctors,35.7830113,51.4475791,False,eligible_for_obstacle_safe_drone_routing
facility_1056,دکتر صنم ساسان,doctors,35.8081538,51.4292349,True,requires_special_authorization_or_ground_handoff
facility_1057,دکتر سیده معصومه قاضی میرسعید,doctors,35.7566191,51.3961023,False,eligible_for_obstacle_safe_drone_routing
facility_1058,دکتر اشکان خواجو,doctors,35.7780726,51.3594365,True,requires_special_authorization_or_ground_handoff
facility_1059,دکتر معصومه صابریان,doctors,35.7859395,51.4225029,False,eligible_for_obstacle_safe_drone_routing
facility_1060,دکتر افسانه ثنایی,doctors,35.7602727,51.4153001,False,eligible_for_obstacle_safe_drone_routing
facility_1061,دکتر حمیدرضا فتحی,doctors,35.7626777,51.41985,False,eligible_for_obstacle_safe_drone_routing
facility_1062,دکتر رضا شیروانی بختیاری,doctors,35.77716,51.4243664,False,eligible_for_obstacle_safe_drone_routing
facility_1063,دکتر شاهین جمیلی,doctors,35.7540411,51.4060117,False,eligible_for_obstacle_safe_drone_routing
facility_1064,دکتر مهرنوش امیری سیاوشانی,doctors,35.7989635,51.473168,False,eligible_for_obstacle_safe_drone_routing
facility_1065,دکتر پژمان سرشارزاده,doctors,35.7488803,51.4095208,False,eligible_for_obstacle_safe_drone_routing
facility_1066,دکتر آرمین فرساد,doctors,35.7437661,51.4047307,True,requires_special_authorization_or_ground_handoff
facility_1067,دکتر امیر سعید صادقی,doctors,35.7759503,51.3766156,False,eligible_for_obstacle_safe_drone_routing
facility_1068,دکتر محمدرضا ترحمی,doctors,35.7757547,51.366164,False,eligible_for_obstacle_safe_drone_routing
facility_1069,دکتر سروش کانی,doctors,35.8000411,51.4114491,False,eligible_for_obstacle_safe_drone_routing
facility_1070,دکتر فتانه ضیایی,doctors,35.775578,51.3641563,False,eligible_for_obstacle_safe_drone_routing
facility_1071,دکتر نوید توفیقی راد,doctors,35.8048044,51.4025868,False,eligible_for_obstacle_safe_drone_routing
facility_1072,کلینیک آلرژی صبا,doctors,35.7164312,51.3897176,True,requires_special_authorization_or_ground_handoff
facility_1073,دکتر مهدی آریانا,doctors,35.7811867,51.3707093,False,eligible_for_obstacle_safe_drone_routing
facility_1074,دکتر سمیه زمانی نیا,doctors,35.7393243,51.3132098,True,requires_special_authorization_or_ground_handoff
facility_1075,مرکز سونوگرافی و رادیولوژی تخصصی طنین,doctors,35.778402,51.3617001,True,requires_special_authorization_or_ground_handoff
facility_1076,دکتر پریسا اشتر نخعی,doctors,35.7631656,51.4439405,False,eligible_for_obstacle_safe_drone_routing
facility_1077,دکتر بهزاد فرخی,doctors,35.7600716,51.4085952,False,eligible_for_obstacle_safe_drone_routing
facility_1078,کلینیک نیلفروش‌زاده,clinic,35.7613516,51.418546,False,eligible_for_obstacle_safe_drone_routing
facility_1079,دکتر لیلا تدین,doctors,35.7549242,51.4767471,False,eligible_for_obstacle_safe_drone_routing
facility_1080,کلینیک کاردرمانی و گفتاردرمانی حامی,clinic,35.7623864,51.4621274,False,eligible_for_obstacle_safe_drone_routing
facility_1081,دکتر سعید ظفرمند,doctors,35.7249898,51.3829194,False,eligible_for_obstacle_safe_drone_routing
facility_1082,دکتر پرویز محمدی,clinic,35.711643,51.3843124,False,eligible_for_obstacle_safe_drone_routing
facility_1083,کلینیک زیبایی آنا,clinic,35.7616514,51.3360319,False,eligible_for_obstacle_safe_drone_routing
facility_1084,دکتر پرویز محمدی,hospital,35.7658532,51.3806161,False,eligible_for_obstacle_safe_drone_routing
facility_1085,دکتر مریم تراب پرهیز,doctors,35.7468376,51.4130691,False,eligible_for_obstacle_safe_drone_routing
facility_1086,دکتر لیلا سلطانی,doctors,35.7382973,51.3267518,False,eligible_for_obstacle_safe_drone_routing
facility_1087,دکتر الهه ثناگو,doctors,35.7538591,51.4780755,False,eligible_for_obstacle_safe_drone_routing
facility_1088,دکتر مهدی مقتدایی,doctors,35.7558955,51.4109566,False,eligible_for_obstacle_safe_drone_routing
facility_1089,دکتر داریوش نادری,doctors,35.7685819,51.4610076,True,requires_special_authorization_or_ground_handoff
facility_1090,دکتر شاهین بهجو,doctors,35.7776437,51.358396,False,eligible_for_obstacle_safe_drone_routing
facility_1091,دکتر علیرضا فروتن,doctors,35.7588771,51.4128496,False,eligible_for_obstacle_safe_drone_routing
facility_1092,دکتر مهران زمان زاده,doctors,35.7459405,51.4113934,False,eligible_for_obstacle_safe_drone_routing
facility_1093,دکتر رفیع پرنیا,doctors,35.7627594,51.4193014,False,eligible_for_obstacle_safe_drone_routing
facility_1094,دکتر علی منافی,doctors,35.7587255,51.409909,True,requires_special_authorization_or_ground_handoff
facility_1095,دکتر آرش آذری پور,doctors,35.8035878,51.4204557,True,requires_special_authorization_or_ground_handoff
facility_1096,دکتر سید علی بصام,doctors,35.7592997,51.4110565,True,requires_special_authorization_or_ground_handoff
facility_1097,دکتر مصطفی خدایاری,doctors,35.6922492,51.4869797,True,requires_special_authorization_or_ground_handoff
facility_1098,دکتر ناصر مهربان,doctors,35.7800469,51.4496672,False,eligible_for_obstacle_safe_drone_routing
facility_1099,دکتر سوسن میرزامحمدی,doctors,35.7217569,51.336028,True,requires_special_authorization_or_ground_handoff
facility_1100,دکتر میترا بهمن پور,doctors,35.8108974,51.4043194,False,eligible_for_obstacle_safe_drone_routing
facility_1101,دکتر وحید دارابی,doctors,35.7678228,51.4582727,True,requires_special_authorization_or_ground_handoff
facility_1102,گروه روانشناسی و روانپزشکی مهربد,doctors,35.7982584,51.4141001,False,eligible_for_obstacle_safe_drone_routing
facility_1103,دکتر میترا معنوی,doctors,35.7610526,51.4457987,True,requires_special_authorization_or_ground_handoff
facility_1104,دکتر شهرام سیدی,doctors,35.7831112,51.4362614,True,requires_special_authorization_or_ground_handoff
facility_1105,منصور ابوالقاسمیان,doctors,35.7614728,51.4106453,False,eligible_for_obstacle_safe_drone_routing
facility_1106,دکتر بابک ثابتی,doctors,35.7432578,51.404244,True,requires_special_authorization_or_ground_handoff
facility_1107,دکتر مسعود راستکاری,doctors,35.7627898,51.4550092,True,requires_special_authorization_or_ground_handoff
facility_1108,دکتر شراره صفاپور,doctors,35.7715447,51.4610196,False,eligible_for_obstacle_safe_drone_routing
facility_1109,دکتر مرجان ثابتی,doctors,35.7379178,51.3055587,True,requires_special_authorization_or_ground_handoff
facility_1110,دکتر کامران جزایری,doctors,35.7866474,51.424108,False,eligible_for_obstacle_safe_drone_routing
facility_1111,دکتر کامران جزایری,doctors,35.7866365,51.4240839,False,eligible_for_obstacle_safe_drone_routing
facility_1112,کلینیک روانشناسی روانمهر,clinic,35.7821579,51.4260719,False,eligible_for_obstacle_safe_drone_routing
facility_1113,دکتر مریم چمنی,doctors,35.7346505,51.3278635,False,eligible_for_obstacle_safe_drone_routing
facility_1114,دکتر علی تارات,doctors,35.7771252,51.4133569,True,requires_special_authorization_or_ground_handoff
facility_1115,دکتر علیرضا بخشایی کیا,doctors,35.8102489,51.4111424,False,eligible_for_obstacle_safe_drone_routing
facility_1116,دکتر سوزان پیروان,doctors,35.7579013,51.4130831,True,requires_special_authorization_or_ground_handoff
facility_1117,دکتر رکسانا عباسی,doctors,35.7632306,51.4123936,True,requires_special_authorization_or_ground_handoff
facility_1118,دکتر ساره حیدری,doctors,35.7757292,51.3764657,False,eligible_for_obstacle_safe_drone_routing
facility_1119,دکتر پوپک یحیوی,doctors,35.7232268,51.4240973,False,eligible_for_obstacle_safe_drone_routing
facility_1120,ناهید نفیسی,doctors,35.7735522,51.4623683,False,eligible_for_obstacle_safe_drone_routing
facility_1121,دکتر زهرا خلج,doctors,35.7733822,51.3801145,False,eligible_for_obstacle_safe_drone_routing
facility_1122,دکتر ربابه غیبی,doctors,35.770611,51.3955606,False,eligible_for_obstacle_safe_drone_routing
facility_1123,دکتر حامد بصیرزاده,doctors,35.724615,51.4086941,False,eligible_for_obstacle_safe_drone_routing
facility_1124,دکتر ندا حاجیها,doctors,35.7644886,51.419173,True,requires_special_authorization_or_ground_handoff
facility_1125,دکتر مسعود پورشاهی,clinic,35.7866914,51.4241058,False,eligible_for_obstacle_safe_drone_routing
facility_1126,دکتر محمدرضا آریانی,doctors,35.7232316,51.4233418,False,eligible_for_obstacle_safe_drone_routing
facility_1127,دکتر سوره علاف اکبری,doctors,35.7321811,51.3787267,False,eligible_for_obstacle_safe_drone_routing
facility_1128,دکتر حبیب رشادی,doctors,35.7673341,51.3305729,False,eligible_for_obstacle_safe_drone_routing
facility_1129,دکتر طاهره نوروززاده,clinic,35.771109,51.3835583,False,eligible_for_obstacle_safe_drone_routing
facility_1130,دکتر مریم حبیبی زاده,doctors,35.7477528,51.4118787,True,requires_special_authorization_or_ground_handoff
facility_1131,دکتر مهشیدکریمی,doctors,35.7246561,51.4189506,True,requires_special_authorization_or_ground_handoff
facility_1132,دکتر اکرم مهدی زاده شاهی,doctors,35.724024,51.3294148,True,requires_special_authorization_or_ground_handoff
facility_1133,دکتر شهریار حدادی,doctors,35.7592176,51.4110081,True,requires_special_authorization_or_ground_handoff
facility_1134,دکتر محمدرضا آخوندی نسب,doctors,35.7764255,51.420328,False,eligible_for_obstacle_safe_drone_routing
facility_1135,دکتر غلامرضا بیاضیان,doctors,35.7606471,51.4118577,False,eligible_for_obstacle_safe_drone_routing
facility_1136,دکتر سید مهدی جلالی,doctors,35.7618124,51.4445563,True,requires_special_authorization_or_ground_handoff
facility_1137,دکتر بابک ساعدی,doctors,35.7614619,51.445035,True,requires_special_authorization_or_ground_handoff
facility_1138,دکتر منصور هادیلو,doctors,35.7595602,51.442469,False,eligible_for_obstacle_safe_drone_routing
facility_1139,مرکز ناباروری بهاران,doctors,35.7303368,51.4091053,False,eligible_for_obstacle_safe_drone_routing
facility_1140,مرکز مشاوره ژنتیک دکتر مریم اسلامی,doctors,35.800815,51.4837628,True,requires_special_authorization_or_ground_handoff
facility_1141,دکتر سعید انصاری,doctors,35.7986177,51.4137938,False,eligible_for_obstacle_safe_drone_routing
facility_1142,دکتر علیرضا قربانی شریف,doctors,35.7475431,51.4106622,False,eligible_for_obstacle_safe_drone_routing
facility_1143,دکتر محمدرضا مقیمی,doctors,35.5921617,51.4361202,False,eligible_for_obstacle_safe_drone_routing
facility_1144,دکتر زهرا امام,doctors,35.771784,51.357839,False,eligible_for_obstacle_safe_drone_routing
facility_1145,دکتر آرمان انقطاع,doctors,35.7610267,51.4456997,True,requires_special_authorization_or_ground_handoff
facility_1146,دکتر شهناز شایان فر,doctors,35.7436538,51.4047923,True,requires_special_authorization_or_ground_handoff
facility_1147,دکتر سیمین وحیدی,doctors,35.7217906,51.3340751,True,requires_special_authorization_or_ground_handoff
facility_1148,دکتر سامان ستوده نیا,doctors,35.7470975,51.4112074,False,eligible_for_obstacle_safe_drone_routing
facility_1149,دکتر سارا لطفی,doctors,35.7664664,51.4566574,False,eligible_for_obstacle_safe_drone_routing
facility_1150,دکتر حامد رجایی,doctors,35.7551608,51.4122045,True,requires_special_authorization_or_ground_handoff
facility_1151,دکتر بابک نیکومرام,doctors,35.7592226,51.411481,False,eligible_for_obstacle_safe_drone_routing
facility_1152,دکتر حسین ختمی,doctors,35.7608855,51.4335744,True,requires_special_authorization_or_ground_handoff
facility_1153,دکتر حمیده آقایی,doctors,35.7222882,51.3324414,True,requires_special_authorization_or_ground_handoff
facility_1154,دکتر فریده کردلو,doctors,35.7421152,51.4491838,False,eligible_for_obstacle_safe_drone_routing
facility_1155,مطب دکتر علیرضا ابیانه,doctors,35.7041949,51.3736163,True,requires_special_authorization_or_ground_handoff
facility_1156,دکتر سارا بهروان,doctors,35.7618166,51.4453277,True,requires_special_authorization_or_ground_handoff
facility_1157,دکتر آرش میرمحمد صادقی,doctors,35.7570996,51.4485859,False,eligible_for_obstacle_safe_drone_routing
facility_1158,دکتر نگار حدادی,doctors,35.7402977,51.5320752,False,eligible_for_obstacle_safe_drone_routing
facility_1159,دکتر رزیتا جعفری,doctors,35.7988856,51.473317,False,eligible_for_obstacle_safe_drone_routing
facility_1160,دکتر علیرضا جباری,doctors,35.7685429,51.4588389,True,requires_special_authorization_or_ground_handoff
facility_1161,دکتر علیرضا جباری,doctors,35.7982512,51.4140695,False,eligible_for_obstacle_safe_drone_routing
facility_1162,دکتر آزاده مکری,doctors,35.7713909,51.3671611,False,eligible_for_obstacle_safe_drone_routing
facility_1163,دکتر فرشته جلالپور,doctors,35.7688223,51.4765296,False,eligible_for_obstacle_safe_drone_routing
facility_1164,دکتر یاسمین افسری,doctors,35.7665564,51.4430946,False,eligible_for_obstacle_safe_drone_routing
facility_1165,دکتر کاوه قرنی زاده,doctors,35.7972686,51.4079153,False,eligible_for_obstacle_safe_drone_routing
facility_1166,دکتر احمد طاهری,doctors,35.7824664,51.3801728,False,eligible_for_obstacle_safe_drone_routing
facility_1167,دکتر نسرین زارع پور,doctors,35.7550341,51.3039382,True,requires_special_authorization_or_ground_handoff
facility_1168,دکتر ندا هادی,doctors,35.7419752,51.448051,False,eligible_for_obstacle_safe_drone_routing
facility_1169,دکتر زهرا پرتو,doctors,35.7678779,51.3378103,False,eligible_for_obstacle_safe_drone_routing
facility_1170,دکتر بهناز عطار شاکری,doctors,35.7565681,51.3946728,False,eligible_for_obstacle_safe_drone_routing
facility_1171,دکتر داوود نجفی توانا,doctors,35.7637134,51.4440995,False,eligible_for_obstacle_safe_drone_routing
facility_1172,سونوگرافی سروش,doctors,35.725515,51.3081317,True,requires_special_authorization_or_ground_handoff
facility_1173,دکتر حمیدرضا مکارچیان,doctors,35.7391369,51.4122815,True,requires_special_authorization_or_ground_handoff
facility_1174,دکتر آزیتا مولازاده,doctors,35.720889,51.3356423,True,requires_special_authorization_or_ground_handoff
facility_1175,دکتر محمد جواد مرتضوی,doctors,35.761526,51.4440614,True,requires_special_authorization_or_ground_handoff
facility_1176,دکتر سید حسین میرشفیعی,doctors,35.7175462,51.4635065,True,requires_special_authorization_or_ground_handoff
facility_1177,مطب پوست و مو دکتر امیر سلیمانی,doctors,35.7589602,51.413653,False,eligible_for_obstacle_safe_drone_routing
facility_1178,دکتر داریوش محمدی,doctors,35.7594327,51.3031274,False,eligible_for_obstacle_safe_drone_routing
facility_1179,دکتر مسعود میرکاظمی,doctors,35.7787422,51.3640972,True,requires_special_authorization_or_ground_handoff
facility_1180,دکتر لیلا صدقی,doctors,35.7723909,51.358644,False,eligible_for_obstacle_safe_drone_routing
facility_1181,دکتر الهه لطفی,doctors,35.7235733,51.4042378,True,requires_special_authorization_or_ground_handoff
facility_1182,دکتر مجید محمودی مظفر,doctors,35.7713203,51.3679853,False,eligible_for_obstacle_safe_drone_routing
facility_1183,دکتر مرتضی جعفری,doctors,35.7664259,51.4414315,False,eligible_for_obstacle_safe_drone_routing
facility_1184,دکتر بیتا زلالی,doctors,35.7757116,51.4644084,False,eligible_for_obstacle_safe_drone_routing
facility_1185,دکتر محمدرضا مقدم نیا,doctors,35.7545253,51.4158207,False,eligible_for_obstacle_safe_drone_routing
facility_1186,دکتر کیانا کیا,doctors,35.7561611,51.3929074,False,eligible_for_obstacle_safe_drone_routing
facility_1187,دکتر پریسا مولایی,doctors,35.708344,51.3159835,True,requires_special_authorization_or_ground_handoff
facility_1188,دکتر ندا مهرعلیزاده,doctors,35.7662022,51.4376618,False,eligible_for_obstacle_safe_drone_routing
facility_1189,دکتر مریم کرمعلی,doctors,35.7459221,51.4113817,False,eligible_for_obstacle_safe_drone_routing
facility_1190,دکتر خلیل میرزامحمدی,doctors,35.7680103,51.4418877,True,requires_special_authorization_or_ground_handoff
facility_1191,مرکز مشاوره پندار نیک,clinic,35.7323771,51.3341988,True,requires_special_authorization_or_ground_handoff
facility_1192,دکتر نگین حدادی,doctors,35.7548048,51.3311013,False,eligible_for_obstacle_safe_drone_routing
facility_1193,دکتر جهانگیر قربانی,doctors,35.8025187,51.4573823,False,eligible_for_obstacle_safe_drone_routing
facility_1194,دکتر احمد دانشی,doctors,35.737584,51.4149122,False,eligible_for_obstacle_safe_drone_routing
facility_1195,دکتر حمید ارونقی,doctors,35.7204177,51.3578702,False,eligible_for_obstacle_safe_drone_routing
facility_1196,دکتر اعظم السادات موسوی,doctors,35.7263822,51.4179982,True,requires_special_authorization_or_ground_handoff
facility_1197,دکتر زهرا ستوده,doctors,35.6192958,51.4558229,False,eligible_for_obstacle_safe_drone_routing
facility_1198,دکتر ابراهیم شهسواری,doctors,35.7584509,51.4118716,False,eligible_for_obstacle_safe_drone_routing
facility_1199,دکتر بهاره مرادیان,doctors,35.8007389,51.4158216,True,requires_special_authorization_or_ground_handoff
facility_1200,دکتر سامان خرمی نژاد,doctors,35.7934275,51.4516051,False,eligible_for_obstacle_safe_drone_routing
facility_1201,دکتر علی الستی,doctors,35.7008282,51.3810056,False,eligible_for_obstacle_safe_drone_routing
facility_1202,دکتر علی فرجی,doctors,35.7806898,51.4614351,False,eligible_for_obstacle_safe_drone_routing
facility_1203,آزمایشگاه پارسه,laboratory,35.7197085,51.3359306,True,requires_special_authorization_or_ground_handoff
facility_1204,دکتر فاطمه چراغی,doctors,35.7826851,51.3739939,False,eligible_for_obstacle_safe_drone_routing
facility_1205,دکتر آزاده مهدیان,doctors,35.5913508,51.4415225,True,requires_special_authorization_or_ground_handoff
facility_1206,دکتر هما پرند,doctors,35.7623936,51.445599,True,requires_special_authorization_or_ground_handoff
facility_1207,کلینیک هسته ای سارا,clinic,35.7236986,51.4140598,False,eligible_for_obstacle_safe_drone_routing
facility_1208,دکتر فرزاد پاکدل,doctors,35.7575386,51.4131087,True,requires_special_authorization_or_ground_handoff
facility_1209,دکتر شراره صدری نائینی,doctors,35.7632627,51.3367166,False,eligible_for_obstacle_safe_drone_routing
facility_1210,دکتر سپیده فاضلی,doctors,35.7814904,51.3719073,False,eligible_for_obstacle_safe_drone_routing
facility_1211,دکتر مریم شریفی,doctors,35.7806168,51.4633767,True,requires_special_authorization_or_ground_handoff
facility_1212,دکتر ماندانا اکبری,doctors,35.7680328,51.4602014,True,requires_special_authorization_or_ground_handoff
facility_1213,نادره شایگان,doctors,35.7403204,51.4655086,False,eligible_for_obstacle_safe_drone_routing
facility_1214,نادره شایگان,doctors,35.7222305,51.3368551,True,requires_special_authorization_or_ground_handoff
facility_1215,دکتر اکرم پناهی,doctors,35.7630277,51.4452912,True,requires_special_authorization_or_ground_handoff
facility_1216,دکتر مائده یوسفی,doctors,35.7223746,51.3326385,True,requires_special_authorization_or_ground_handoff
facility_1217,دکتر کریم پیسوده,doctors,35.7594985,51.4100151,True,requires_special_authorization_or_ground_handoff
facility_1218,دکتر سعیده شاه علی,doctors,35.7999771,51.4904124,False,eligible_for_obstacle_safe_drone_routing
facility_1219,دکتر یوسف کریمی,doctors,35.6918905,51.4811949,True,requires_special_authorization_or_ground_handoff
facility_1220,دکتر علی طاهری نیا,doctors,35.7341877,51.3528424,True,requires_special_authorization_or_ground_handoff
facility_1221,دکتر خسرو حق شناس,doctors,35.7112433,51.4026729,False,eligible_for_obstacle_safe_drone_routing
facility_1222,مرکز تشخیص و درمان سرطان ایران,doctors,35.7566491,51.4125626,True,requires_special_authorization_or_ground_handoff
facility_1223,دکتر صالح گرگری,doctors,35.7615843,51.4442707,True,requires_special_authorization_or_ground_handoff
facility_1224,دکتر بهنام نصیری,doctors,35.7587412,51.4140374,False,eligible_for_obstacle_safe_drone_routing
facility_1225,دکتر فرزانه درویش زاده,doctors,35.7662628,51.4423158,False,eligible_for_obstacle_safe_drone_routing
facility_1226,دکتر فاطمه سیدی,doctors,35.740743,51.5348018,False,eligible_for_obstacle_safe_drone_routing
facility_1227,دکتر ویدا ناجی,doctors,35.7177284,51.4195633,False,eligible_for_obstacle_safe_drone_routing
facility_1228,دکتر اعظم صلاتی,doctors,35.7077455,51.3874122,False,eligible_for_obstacle_safe_drone_routing
facility_1229,کلینیک فیزیوتراپی هدف,doctors,35.7543222,51.3963033,False,eligible_for_obstacle_safe_drone_routing
facility_1230,دکتر فرشید اربابی - متخصص رادیوتراپی و انکولوژی,doctors,35.7251852,51.4259559,True,requires_special_authorization_or_ground_handoff
facility_1231,دکتر فاطمه سمامی,doctors,35.7991495,51.4410107,True,requires_special_authorization_or_ground_handoff
facility_1232,دکتر ابوالفضل رحیمی,doctors,35.7537254,51.4104586,False,eligible_for_obstacle_safe_drone_routing
facility_1233,دکتر لیلا آذرنوش,doctors,35.7806718,51.4615691,False,eligible_for_obstacle_safe_drone_routing
facility_1234,دکتر جاوید ظفری,doctors,35.7995779,51.4110744,False,eligible_for_obstacle_safe_drone_routing
facility_1235,دکتر ناصر مهاجرانی,doctors,35.7412907,51.409701,False,eligible_for_obstacle_safe_drone_routing
facility_1236,دکتر امیر مصدق,doctors,35.775779,51.4639724,False,eligible_for_obstacle_safe_drone_routing
facility_1237,دکتر هادی سرمست,doctors,35.7686216,51.4587535,True,requires_special_authorization_or_ground_handoff
facility_1238,دکتر امیر مصدق,doctors,35.7657629,51.4352474,False,eligible_for_obstacle_safe_drone_routing
facility_1239,دکتر مسعود صدرالدینی,doctors,35.7232449,51.4851451,True,requires_special_authorization_or_ground_handoff
facility_1240,دکتر علی نبی پور,doctors,35.7659915,51.4428546,False,eligible_for_obstacle_safe_drone_routing
facility_1241,آزمایشگاه آلما,laboratory,35.6393051,51.4109459,False,eligible_for_obstacle_safe_drone_routing
facility_1242,آزمایشگاه راسا,laboratory,35.7087479,51.498333,True,requires_special_authorization_or_ground_handoff
facility_1243,آزمایشگاه نوروژن,laboratory,35.7733688,51.3783569,True,requires_special_authorization_or_ground_handoff
facility_1244,آزمایشگاه شما,laboratory,35.6553764,51.4909439,False,eligible_for_obstacle_safe_drone_routing
facility_1245,آزمایشگاه ویان,laboratory,35.734745,51.4330368,False,eligible_for_obstacle_safe_drone_routing
facility_1246,آزمایشگاه الماس,laboratory,35.6192741,51.4557953,False,eligible_for_obstacle_safe_drone_routing
facility_1247,دکتر ایمان روغنی,doctors,35.7605642,51.4104207,False,eligible_for_obstacle_safe_drone_routing
facility_1248,کلینیک میلانی,clinic,35.7589142,51.412746,False,eligible_for_obstacle_safe_drone_routing
facility_1249,دکتر کامبیز ایزدپناه,doctors,35.7814446,51.3712655,False,eligible_for_obstacle_safe_drone_routing
facility_1250,کلینیک پوست و مو آوینا,clinic,35.7550231,51.4127231,True,requires_special_authorization_or_ground_handoff
facility_1251,مرکز روان شناسی و مشاوره رضوان,clinic,35.694583,51.3792013,False,eligible_for_obstacle_safe_drone_routing
facility_1252,طب کار پرانا,clinic,35.7261213,51.4190983,False,eligible_for_obstacle_safe_drone_routing
facility_1253,آزمایشگاه آرتمیس,laboratory,35.7688538,51.3278996,False,eligible_for_obstacle_safe_drone_routing
facility_1254,کلینیک زیبایی سو,clinic,35.7461678,51.4051181,False,eligible_for_obstacle_safe_drone_routing
facility_1255,آزمایشگاه پاتوبیولوژی الهام,laboratory,35.7265714,51.3232376,False,eligible_for_obstacle_safe_drone_routing
facility_1256,آزمایشگاه ارگ,laboratory,35.7237015,51.314888,True,requires_special_authorization_or_ground_handoff
facility_1257,کلینیک ژنتیک دکتر فرهود,clinic,35.7109826,51.4059716,False,eligible_for_obstacle_safe_drone_routing
facility_1258,دکتر فرشید آچاک,doctors,35.7111645,51.4043604,True,requires_special_authorization_or_ground_handoff
facility_1259,مرکز لیزر و زیبایی مرجان,clinic,35.7098656,51.408103,False,eligible_for_obstacle_safe_drone_routing
facility_1260,دکتر صالحیان متخصص تغذیه ورزشی,doctors,35.7803516,51.3805461,False,eligible_for_obstacle_safe_drone_routing
facility_1261,کلینیک دکتر رنگیانی,clinic,35.75675,51.3974779,False,eligible_for_obstacle_safe_drone_routing
facility_1262,unnamed,hospital,35.7101595,51.3994599,True,requires_special_authorization_or_ground_handoff
facility_1263,مطب دکتر شبنم رفیع زاده,doctors,35.7358327,51.3391006,False,eligible_for_obstacle_safe_drone_routing
facility_1264,کلینیک زیبایی نیلماه,clinic,35.6969587,51.4874297,True,requires_special_authorization_or_ground_handoff
facility_1265,دکتر زهراسادات سعادت مندی,doctors,35.7724332,51.4212334,False,eligible_for_obstacle_safe_drone_routing
facility_1266,کلینیک فیزیوتراپی آمیتیس,clinic,35.7503423,51.2478263,True,requires_special_authorization_or_ground_handoff
facility_1267,آزمایشگاه ویروس شناسی امیرآباد,laboratory,35.7212834,51.3896171,False,eligible_for_obstacle_safe_drone_routing
facility_1268,دکتر مهری مهراد,clinic,35.7989071,51.4142679,False,eligible_for_obstacle_safe_drone_routing
facility_1269,کلینیک دکتر بیگدلی,doctors,35.7991837,51.477873,True,requires_special_authorization_or_ground_handoff
facility_1270,آزمایشگاه نگین پویا,laboratory,35.7441177,51.411026,False,eligible_for_obstacle_safe_drone_routing
facility_1271,آزمایشگاه دنیز,laboratory,35.7543831,51.2871666,True,requires_special_authorization_or_ground_handoff
facility_1272,کلینیک زیبایی مهرآسا,clinic,35.7617625,51.4444532,True,requires_special_authorization_or_ground_handoff
facility_1273,مرکز سرطان پستان جهاد دانشگاهی,clinic,35.7574242,51.4117303,True,requires_special_authorization_or_ground_handoff
facility_1274,Parshayan Co,laboratory,35.7721816,51.4223506,False,eligible_for_obstacle_safe_drone_routing
facility_1275,کلینیک روانشناسی راز رویش,clinic,35.7801997,51.3727159,True,requires_special_authorization_or_ground_handoff
facility_1276,کلینیک حس خوب زیبایی,clinic,35.7346844,51.4073888,True,requires_special_authorization_or_ground_handoff
facility_1277,مرکز سلامت و زیبایی اپال ول بی,clinic,35.7769554,51.3512965,False,eligible_for_obstacle_safe_drone_routing
facility_1278,خدمات پرستاری ماهور,clinic,35.6569922,51.3523234,True,requires_special_authorization_or_ground_handoff
facility_1279,دکتر محمدجواد امیدمعظم,doctors,35.7970716,51.4461269,False,eligible_for_obstacle_safe_drone_routing
facility_1280,دکتر فرزاد پرویزیان,doctors,35.7681768,51.4131155,False,eligible_for_obstacle_safe_drone_routing
facility_1281,دکتر محمد سعید ساغری,clinic,35.7913118,51.41848,True,requires_special_authorization_or_ground_handoff
facility_1282,درمانگاه ستاد کل,clinic,35.7356118,51.4532231,True,requires_special_authorization_or_ground_handoff
facility_1283,مرکز فوق تخصصی چشم پزشکی بصیر,clinic,35.7115384,51.3843384,False,eligible_for_obstacle_safe_drone_routing
facility_1284,کلینیک اعجاز,clinic,35.7068134,51.3048144,True,requires_special_authorization_or_ground_handoff
facility_1285,کلینیک زیبایی یوکا,clinic,35.7601324,51.3336497,True,requires_special_authorization_or_ground_handoff
facility_1286,دکتر هومن هوشنگی جراح فک و صورت,clinic,35.8024406,51.4185426,True,requires_special_authorization_or_ground_handoff
facility_1287,مطب دکتر ماندانا احمدی,doctors,35.7701819,51.4224168,False,eligible_for_obstacle_safe_drone_routing
facility_1288,رادیولوژی و سونوگرافی میرداماد غربی,doctors,35.7631355,51.4119607,True,requires_special_authorization_or_ground_handoff
facility_1289,مرکز تخصصی روان شناسی و مشاوره خانواده امن,clinic,35.7337611,51.4418158,True,requires_special_authorization_or_ground_handoff
facility_1290,افق نو,clinic,35.784806,51.3733246,True,requires_special_authorization_or_ground_handoff
facility_1291,آزمایشگاه پاتوبیولوژی و ژنتیک دکتر معین الدین صفوی,laboratory,35.7238954,51.4080976,False,eligible_for_obstacle_safe_drone_routing
facility_1293,درمانگاه اصحاب الحسین,clinic,35.6700134,51.4026635,False,eligible_for_obstacle_safe_drone_routing
facility_1294,گروه مشاورین هانا,clinic,35.7989167,51.4141866,False,eligible_for_obstacle_safe_drone_routing
facility_1295,دکتر فرهود گوراوانچی,doctors,35.7861368,51.4266754,False,eligible_for_obstacle_safe_drone_routing
facility_1296,دکتر مهدی فراهانی,doctors,35.7847765,51.3738232,True,requires_special_authorization_or_ground_handoff
facility_1297,کلینیک دندانپزشکی  دکتر مونا کشکولی,clinic,35.8005574,51.4155656,True,requires_special_authorization_or_ground_handoff
facility_1298,sheen center,doctors,35.7717054,51.3782523,False,eligible_for_obstacle_safe_drone_routing
facility_1299,unnamed,laboratory,35.7221664,51.3325694,True,requires_special_authorization_or_ground_handoff
facility_1300,درمانگاه شبانه‌روزی امیری,clinic,35.6717511,51.3581134,True,requires_special_authorization_or_ground_handoff
facility_1301,درمانگاه شبانه‌روزی سینوهه,clinic,35.6350148,51.3872677,False,eligible_for_obstacle_safe_drone_routing
facility_1302,مطب دکتر نیکجو,doctors,35.7601968,51.4416307,True,requires_special_authorization_or_ground_handoff
facility_1303,مطب دکتر لیلا پیرزاده,doctors,35.755892,51.410889,False,eligible_for_obstacle_safe_drone_routing
facility_1304,تهران بیوتی سنتر,clinic,35.7827941,51.3742153,True,requires_special_authorization_or_ground_handoff
facility_1305,درمانگاه خیریه عمل,clinic,35.8096328,51.4088624,True,requires_special_authorization_or_ground_handoff
facility_1306,کلینیک تخصصی لاغری پروانه کاظمی,clinic,35.7819952,51.376231,True,requires_special_authorization_or_ground_handoff
facility_1307,کلینیک زیبائی دکتر احسان امامی,clinic,35.7528302,51.3636121,True,requires_special_authorization_or_ground_handoff
facility_1308,دکتر سمیه احمدی متخصص قلب و عروق,doctors,35.7584201,51.4116781,True,requires_special_authorization_or_ground_handoff
facility_1309,کلینیک روانشناسی روان رشد,clinic,35.7269921,51.5290396,False,eligible_for_obstacle_safe_drone_routing
facility_1310,آزمایشگاه پاتوبیولوژی و ژنتیک غدیرخم (رهسا),laboratory,35.7570563,51.4577727,False,eligible_for_obstacle_safe_drone_routing
facility_1311,دکتر مرتضی ترابی متخصص طب سوزنی و طب سنتی,doctors,35.740648,51.4930341,False,eligible_for_obstacle_safe_drone_routing
facility_1312,مرکز تصویربرداری آرینا,doctors,35.7553542,51.4539599,False,eligible_for_obstacle_safe_drone_routing
facility_1313,دکتر محمدرضا مبینی,doctors,35.7668594,51.4408059,False,eligible_for_obstacle_safe_drone_routing
facility_1314,دکتر مائده احمدی دستجردی,doctors,35.6922126,51.480909,True,requires_special_authorization_or_ground_handoff
facility_1315,دکتر هیوا امجدی,doctors,35.7780565,51.3604302,True,requires_special_authorization_or_ground_handoff
facility_1316,کلینیک زیبایی آکواریوم,clinic,35.7580449,51.4387292,True,requires_special_authorization_or_ground_handoff
facility_1317,کلینیک پوست و مو و زیبایی آذین,clinic,35.7420685,51.4108877,False,eligible_for_obstacle_safe_drone_routing
facility_1318,سالن تخصصی پوست و اسپا حوریان,clinic,35.6912829,51.4727164,True,requires_special_authorization_or_ground_handoff
facility_1319,مرکز لیزر رزت | Rozet clinic,clinic,35.7341584,51.354348,False,eligible_for_obstacle_safe_drone_routing
facility_1320,کلینیک پوست و زیبایی آرتین,clinic,35.7227458,51.4092399,False,eligible_for_obstacle_safe_drone_routing
facility_1321,مرکز تصویربرداری دیجیتال تهران,clinic,35.6872814,51.367446,True,requires_special_authorization_or_ground_handoff
facility_1322,فیزیوتراپی ثمربخش,clinic,35.6403631,51.4114426,False,eligible_for_obstacle_safe_drone_routing
facility_1323,کاوش نگین آزما,laboratory,35.7006561,51.3953435,True,requires_special_authorization_or_ground_handoff
facility_1324,آزمایشگاه ژنتیک پزشکی ویرا,laboratory,35.7551111,51.4492658,True,requires_special_authorization_or_ground_handoff
facility_1325,ارتوپدی فنی پیشرفت,doctors,35.7264638,51.4172405,True,requires_special_authorization_or_ground_handoff
facility_1326,کلینیک زیبایی رویاس,clinic,35.7226727,51.3374334,True,requires_special_authorization_or_ground_handoff
facility_1327,چشم پزشکی خیریه امیرالمومنین,clinic,35.6521416,51.4413511,False,eligible_for_obstacle_safe_drone_routing
facility_1328,خانه و سلامت ارج شوش,clinic,35.6576604,51.4406105,False,eligible_for_obstacle_safe_drone_routing
facility_1329,کلینیک شهید هادی,clinic,35.6548148,51.4406421,True,requires_special_authorization_or_ground_handoff
facility_1330,ارتوپدی فنی پایارایستا,doctors,35.7873005,51.441408,False,eligible_for_obstacle_safe_drone_routing
facility_1331,ساختمان پزشکان ۱۰۳۲,doctors,35.6997239,51.3657559,True,requires_special_authorization_or_ground_handoff
facility_1332,موسسه رادیولوژی و سونوگرافی پرتوی مهر,doctors,35.7520729,51.4109814,False,eligible_for_obstacle_safe_drone_routing
facility_1333,راديولوژی دندان فک و صورت فردپرتو,doctors,35.7679853,51.4602033,True,requires_special_authorization_or_ground_handoff
facility_1334,آزمایشگاه دنا,laboratory,35.750127,51.4110462,False,eligible_for_obstacle_safe_drone_routing
facility_1335,مطب دکتر علی صادقی,doctors,35.7341625,51.4137556,False,eligible_for_obstacle_safe_drone_routing
facility_1336,کلینیک دکتر فروغ (مرکز جامع طب فیزیکی و توانبخشی),clinic,35.7101117,51.3772662,False,eligible_for_obstacle_safe_drone_routing
facility_1337,کلینیک زیبایی آوابیوتی,doctors,35.7664406,51.4566011,False,eligible_for_obstacle_safe_drone_routing
facility_1338,مطب دکتر اعظم حسینی جراح و متخصص زنان،زایمان و نازایی,doctors,35.7845657,51.3737781,True,requires_special_authorization_or_ground_handoff
facility_1339,دکتر کامیلا افتخاری,doctors,35.7780923,51.3604646,True,requires_special_authorization_or_ground_handoff
facility_1340,موسسه رادیولوژی و سونوگرافی نیکو,doctors,35.7477354,51.4123163,True,requires_special_authorization_or_ground_handoff
facility_1341,مطب دکتر ضابطی,doctors,35.7664002,51.4306203,True,requires_special_authorization_or_ground_handoff
facility_1342,مرکز درمان های بیومکانیکی (کایروپراکتیک) دکتر ناصر قلبی,doctors,35.7180697,51.3890633,True,requires_special_authorization_or_ground_handoff
facility_1343,رادیولوژی و سونوگرافی اطلس,doctors,35.6187302,51.45579,False,eligible_for_obstacle_safe_drone_routing
facility_1344,کلینیک پوست، مو و زیبایی دکتر محسن رضایی,clinic,35.7343303,51.494814,True,requires_special_authorization_or_ground_handoff
facility_1345,آزمایشگاه بابک,laboratory,35.6812919,51.4495898,True,requires_special_authorization_or_ground_handoff
facility_1346,مطب دندانپزشکی دکتر طهوری,doctors,35.7579676,51.4062963,True,requires_special_authorization_or_ground_handoff
facility_1347,دکتر علیرضا شفیعی,doctors,35.801378,51.459888,False,eligible_for_obstacle_safe_drone_routing
facility_1348,مرکز زیبایی فلور,clinic,35.8070789,51.4264203,False,eligible_for_obstacle_safe_drone_routing
facility_1349,دکتر یسری جهانگیری,doctors,35.7085026,51.3851077,False,eligible_for_obstacle_safe_drone_routing
facility_1350,سونوگرافی دکتر هدایی (مرکز تصویربرداری جردن),doctors,35.7681188,51.4196969,False,eligible_for_obstacle_safe_drone_routing
facility_1351,مرکز فوق تخصصی ستون فقرات آبادیس,doctors,35.7670695,51.4427921,True,requires_special_authorization_or_ground_handoff
facility_1352,دکتر وحیدرضا حکمتی,doctors,35.759792,51.4586685,False,eligible_for_obstacle_safe_drone_routing
facility_1353,مطب زیبایی شاین,clinic,35.8059376,51.4247256,False,eligible_for_obstacle_safe_drone_routing
facility_1354,جراح و متخصص گوش حلق و بینی دکتر جابر قرشی,doctors,35.7469315,51.4495234,False,eligible_for_obstacle_safe_drone_routing
facility_1355,دکتر شهرزاد تهرانی جراح و متخصص زنان و زایمان و نازایی,doctors,35.7553101,51.3039797,True,requires_special_authorization_or_ground_handoff
facility_1356,کلینیک ارتوپدی  دکتر کورش فاتح,clinic,35.7270876,51.3761822,False,eligible_for_obstacle_safe_drone_routing
facility_1357,ساختمان پزشكان رفعت جو,clinic,35.7261632,51.3066968,True,requires_special_authorization_or_ground_handoff
facility_1358,دکتر نرگس مهرابی,doctors,35.5942772,51.4428656,False,eligible_for_obstacle_safe_drone_routing
facility_1359,مطب دکتر مصدق خواه,doctors,35.6923585,51.4813569,True,requires_special_authorization_or_ground_handoff
facility_1360,دکتر مسیح کاویان,doctors,35.8013908,51.4180439,False,eligible_for_obstacle_safe_drone_routing
facility_1361,مطب دکتر ملک خسروی,doctors,35.6725703,51.2660068,True,requires_special_authorization_or_ground_handoff
facility_1362,استروبوسکوپی تهران (عکسبرداری از حنجره),doctors,35.7782902,51.3611621,True,requires_special_authorization_or_ground_handoff
facility_1363,استروبوسکوپی,doctors,35.7782113,51.3611865,True,requires_special_authorization_or_ground_handoff
facility_1364,درمانگاه رضوان,clinic,35.6700989,51.3017566,True,requires_special_authorization_or_ground_handoff
facility_1365,درمانگاه شبانه روزی امام رضا,clinic,35.6702658,51.2991807,True,requires_special_authorization_or_ground_handoff
facility_1366,درمانگاههای بیمارستان محب یاس,clinic,35.7175558,51.4149793,True,requires_special_authorization_or_ground_handoff
facility_1367,مطب پوست و مو و زیبایی آیدا,clinic,35.7341898,51.3572127,False,eligible_for_obstacle_safe_drone_routing
facility_1368,مجموعه پزشکی سروتونین,clinic,35.8095614,51.4288235,True,requires_special_authorization_or_ground_handoff
facility_1369,مرکزتصویربرداری سونوگرافی رادیولوژی دکترتدین,doctors,35.7059505,51.4490343,True,requires_special_authorization_or_ground_handoff
facility_1370,دکتر بابک رجبلو / مطب دکتر لو,doctors,35.7670076,51.4253818,False,eligible_for_obstacle_safe_drone_routing
facility_1371,کلینیک زیبایی زیباچه,clinic,35.7598399,51.3300877,False,eligible_for_obstacle_safe_drone_routing
facility_1372,دکترعبدیزدانی,doctors,35.7973363,51.4109188,False,eligible_for_obstacle_safe_drone_routing
facility_1373,دکترسپیده اسدی,doctors,35.7973526,51.4109207,False,eligible_for_obstacle_safe_drone_routing
facility_1374,دکتر آنا آوامهر,doctors,35.8074144,51.4627997,False,eligible_for_obstacle_safe_drone_routing
facility_1375,انستیتو پوست مهسا مولایی (شماره ثبت 53416),clinic,35.7612784,51.4038224,False,eligible_for_obstacle_safe_drone_routing
facility_1376,دکتر شهاب آفرینگاه,clinic,35.8013572,51.4599285,False,eligible_for_obstacle_safe_drone_routing
facility_1377,مطب دکتر انارکی,doctors,35.7691554,51.3625149,False,eligible_for_obstacle_safe_drone_routing
facility_1378,دکتر حبیب سهرابی (جراح زیبایی بینی),doctors,35.7601956,51.415476,False,eligible_for_obstacle_safe_drone_routing
facility_1379,کلینیک تخصصی پوست و مو هلیا,clinic,35.8049776,51.464736,False,eligible_for_obstacle_safe_drone_routing
facility_1380,مرکز خدمات بین الملل روانشناسی و لکنت زبان اسکیلا,clinic,35.7631062,51.4439642,False,eligible_for_obstacle_safe_drone_routing
facility_1381,دکتر کره ئی,clinic,35.7619733,51.4693948,False,eligible_for_obstacle_safe_drone_routing
facility_1382,مطب دکتر فاطمه نعمت اللهی,doctors,35.7246433,51.4355273,False,eligible_for_obstacle_safe_drone_routing
facility_1383,کلینیک مدینو,clinic,35.7042081,51.385012,True,requires_special_authorization_or_ground_handoff
facility_1384,کلینیک باروری و درمان های پیشرفته ناباروری سارا,clinic,35.7056796,51.3900343,False,eligible_for_obstacle_safe_drone_routing
facility_1385,دکتر محمد علی آبادی زیبایی، پوست و مو,doctors,35.7273591,51.5187139,True,requires_special_authorization_or_ground_handoff
facility_1386,مطب دكتر سعيد انوری,doctors,35.7636849,51.4435643,False,eligible_for_obstacle_safe_drone_routing
facility_1387,کلینیک سیب صورتی,doctors,35.7660991,51.4300296,True,requires_special_authorization_or_ground_handoff
facility_1388,کلینیک مونالیزا,doctors,35.7662466,51.4300013,True,requires_special_authorization_or_ground_handoff
facility_1389,مطب دکتر میعاد مهدوی,doctors,35.7776825,51.3360544,True,requires_special_authorization_or_ground_handoff
facility_1390,Marjan Nuclear medicine center,laboratory,35.7095989,51.4038655,True,requires_special_authorization_or_ground_handoff
facility_1391,دکتر سارا جعفری محمدی,doctors,35.7413937,51.4092315,False,eligible_for_obstacle_safe_drone_routing
facility_1392,دکتر علی امینی اعصاب وروان,doctors,35.8012923,51.4169613,False,eligible_for_obstacle_safe_drone_routing
facility_1393,مطب پوست و مو و لیزر تیارا,doctors,35.6641732,51.3259199,True,requires_special_authorization_or_ground_handoff
facility_1394,دکتر فاطمه زارعین متخصص اعصاب و روان,doctors,35.7714131,51.3554907,False,eligible_for_obstacle_safe_drone_routing
facility_1395,مرکز پزشکی مهرآوران,clinic,35.7063128,51.4552141,True,requires_special_authorization_or_ground_handoff
facility_1396,سونوگرافی مهر ایرانیان,clinic,35.7206925,51.3528989,True,requires_special_authorization_or_ground_handoff
facility_1397,مطب دندانپزشکی دکتر فاطمه اسمی,doctors,35.8067236,51.4716759,True,requires_special_authorization_or_ground_handoff
facility_1398,مطب دکتر زهرا ترشیزی,doctors,35.7681089,51.4119208,False,eligible_for_obstacle_safe_drone_routing
facility_1399,رادیولوژی و سونوگرافی سبز,doctors,35.6712552,51.336242,True,requires_special_authorization_or_ground_handoff
facility_1400,مطب دکتر احمد زمانیان,doctors,35.721373,51.3363729,True,requires_special_authorization_or_ground_handoff
facility_1401,درمانگاه خیریه صالح,clinic,35.6804872,51.4162057,True,requires_special_authorization_or_ground_handoff
facility_1402,مرکز سنجش تراکم استخوان ولیعصر,clinic,35.7155383,51.4073952,True,requires_special_authorization_or_ground_handoff
facility_1403,Savagenome Genetic Clinic and Laboratory,laboratory,35.7456379,51.4121223,False,eligible_for_obstacle_safe_drone_routing
facility_1404,کلینیک سونریسا,clinic,35.7467077,51.2395681,True,requires_special_authorization_or_ground_handoff
facility_1405,مطب پوست و زیبایی دکتر حدیث مهرابی,clinic,35.7532391,51.5306493,False,eligible_for_obstacle_safe_drone_routing
facility_1406,درمانگاه شبانه‌روزی آیین شمس,clinic,35.6813101,51.37138,True,requires_special_authorization_or_ground_handoff
facility_1407,دکتر نسرین کریمی - متخصص زنان و زایمان,doctors,35.7140913,51.4029742,True,requires_special_authorization_or_ground_handoff
facility_1408,کلینیک پوست و مو و زیبایی نیکچهر,clinic,35.7299221,51.5032446,True,requires_special_authorization_or_ground_handoff
facility_1409,مرکز ماساژ و لاغری سما فیت,clinic,35.7946227,51.5001353,True,requires_special_authorization_or_ground_handoff
facility_1410,کلینیک زیبایی ستایش,clinic,35.7630617,51.33772,False,eligible_for_obstacle_safe_drone_routing
facility_1411,دکتر سیف الدین زاهدی,doctors,35.6572647,51.3680733,False,eligible_for_obstacle_safe_drone_routing
facility_1412,رادیولوژی دکتر یاسر صافی,doctors,35.7563958,51.3936348,False,eligible_for_obstacle_safe_drone_routing
facility_1413,دکتر عبدالله رسولی (پوست،مو،لیزر),clinic,35.7600813,51.3336701,True,requires_special_authorization_or_ground_handoff
facility_1414,درمانگاه سجاد,clinic,35.6172386,51.4942288,False,eligible_for_obstacle_safe_drone_routing
facility_1415,فیزیوتراپی جاوید,clinic,35.6999575,51.3648015,True,requires_special_authorization_or_ground_handoff
facility_1416,مطب رز دکتر رضوان موسوی,clinic,35.6314194,51.3685068,False,eligible_for_obstacle_safe_drone_routing
facility_1417,کلینیک درد آزا سلامت,clinic,35.7703992,51.3626893,False,eligible_for_obstacle_safe_drone_routing
facility_1418,آزمایشگاه دنا,laboratory,35.750112,51.4110658,False,eligible_for_obstacle_safe_drone_routing
facility_1419,استروبوسکوپی تهران (عکسبرداری از حنجره),clinic,35.7782957,51.3611222,True,requires_special_authorization_or_ground_handoff
facility_1420,مطب دندانپزشکی دکتر طهوری,doctors,35.7579955,51.4062573,True,requires_special_authorization_or_ground_handoff
facility_1421,آزمایشگاه بابک,laboratory,35.6812918,51.4495766,True,requires_special_authorization_or_ground_handoff
facility_1422,مرکز فوق تخصصی ستون فقرات آبادیس,clinic,35.7670797,51.442762,True,requires_special_authorization_or_ground_handoff
facility_1423,مدیکال استراتژیست,laboratory,35.7496641,51.3038012,True,requires_special_authorization_or_ground_handoff
facility_1424,مطب دکتر بهزاد امیری,clinic,35.7056919,51.3894437,False,eligible_for_obstacle_safe_drone_routing
facility_1425,کلینیک دکتر فروغ (مرکز جامع طب فیزیکی و توانبخشی),clinic,35.7100623,51.377259,False,eligible_for_obstacle_safe_drone_routing
facility_1426,کلینیک زیبایی ملورا,clinic,35.8001922,51.4701995,False,eligible_for_obstacle_safe_drone_routing
facility_1427,مرکز پرستاری کیانمهر,clinic,35.7093113,51.3738276,False,eligible_for_obstacle_safe_drone_routing
facility_1428,دکتر علی قاسمیان ،متخصص اطفال,clinic,35.7315476,51.4836463,True,requires_special_authorization_or_ground_handoff
facility_1429,متخصص کودکان ، نوزادان,clinic,35.7315633,51.4835543,True,requires_special_authorization_or_ground_handoff
facility_1430,کلینیک مشاوره آنید,clinic,35.7717804,51.378205,False,eligible_for_obstacle_safe_drone_routing
facility_1431,دکتر پدرام اطمینانی,doctors,35.8018591,51.4538271,False,eligible_for_obstacle_safe_drone_routing
facility_1432,unnamed,clinic,35.747377,51.4108393,False,eligible_for_obstacle_safe_drone_routing
facility_1433,کلینیک پوست، مو و زیبایی دکتر مهسا گرجی,clinic,35.7665917,51.3572429,False,eligible_for_obstacle_safe_drone_routing
facility_1434,کلینیک پوست آرتمیس,clinic,35.7690616,51.3279513,False,eligible_for_obstacle_safe_drone_routing
facility_1435,انجمن دنیای بهتر,clinic,35.7723149,51.4367431,False,eligible_for_obstacle_safe_drone_routing
facility_1436,کلینیک زیبایی شهرزاد,clinic,35.71827,51.4446864,True,requires_special_authorization_or_ground_handoff
facility_1437,دکتر سارا ارژنگ جراح بینی,clinic,35.7578468,51.412738,True,requires_special_authorization_or_ground_handoff
facility_1438,کلینیک درمان زخم دنیای زخم,clinic,35.7085136,51.3851808,False,eligible_for_obstacle_safe_drone_routing
facility_1439,دکتر عبدالرسول مولودی,doctors,35.7083285,51.3851996,False,eligible_for_obstacle_safe_drone_routing
facility_1440,مرکز پوست دکتر رکسانا صدوقی,clinic,35.7881016,51.4213154,False,eligible_for_obstacle_safe_drone_routing
facility_1441,مرکز جراحی محدود نوین دیدگان,clinic,35.7270903,51.4164669,True,requires_special_authorization_or_ground_handoff
facility_1442,مطب دکتر چراغچی,doctors,35.6188456,51.4491101,False,eligible_for_obstacle_safe_drone_routing
facility_1443,دكترمكارچيان,clinic,35.7713893,51.4145736,False,eligible_for_obstacle_safe_drone_routing
facility_1444,دکتر حمید احمدی,doctors,35.7453669,51.4113563,False,eligible_for_obstacle_safe_drone_routing
facility_1445,کلینیک دندانپزشکی نیلا,doctors,35.760072,51.4084926,False,eligible_for_obstacle_safe_drone_routing
facility_1446,آزمایشگاه بابک,laboratory,35.6812704,51.44958,True,requires_special_authorization_or_ground_handoff
facility_1447,دکتر مهدی آقاعلیخانی,doctors,35.7990008,51.4142828,False,eligible_for_obstacle_safe_drone_routing
facility_1448,مطب دکتر حسین ملازم,doctors,35.7702249,51.3619999,False,eligible_for_obstacle_safe_drone_routing
facility_1449,مطب زیبایی دکتر اسما ارجمندی,doctors,35.743818,51.5302746,False,eligible_for_obstacle_safe_drone_routing
facility_1450,کلینیک دندان پزشکی فروردین,clinic,35.6879591,51.377031,True,requires_special_authorization_or_ground_handoff
facility_1451,کلینیک فیزیوتراپی مدیا,clinic,35.6772358,51.3890573,False,eligible_for_obstacle_safe_drone_routing
facility_1452,داروخانه دکتر گلابچی,hospital,35.7585022,51.4413515,True,requires_special_authorization_or_ground_handoff
facility_1453,دکتر علیرضا صحرانورد,doctors,35.7585277,51.4103471,True,requires_special_authorization_or_ground_handoff
facility_1454,کلینیک سردرد تهران,clinic,35.7583513,51.4055491,True,requires_special_authorization_or_ground_handoff
facility_1455,جراح و متخصص زنان و زایمان و نازایی,doctors,35.755171,51.3038168,True,requires_special_authorization_or_ground_handoff
facility_1456,کلینیک زیبایی لیلین,clinic,35.766887,51.4566748,False,eligible_for_obstacle_safe_drone_routing
facility_1457,مطب دکتر سید حسن دیباجی,doctors,35.7808161,51.462,False,eligible_for_obstacle_safe_drone_routing
facility_1458,کلینیک رادیولوژی دهان، فک و صورت دکتر میرزایی,doctors,35.6370043,51.4109025,False,eligible_for_obstacle_safe_drone_routing
facility_1459,کلینیک درد افتخار,clinic,35.7756996,51.3662727,False,eligible_for_obstacle_safe_drone_routing
facility_1460,کلینیک دکتر وحید کاوه  فوق تخصص هماتولوژی و آنکولوژی,clinic,35.7557703,51.3769625,False,eligible_for_obstacle_safe_drone_routing
facility_1461,آزمایشگاه دنا,laboratory,35.7501035,51.4110915,False,eligible_for_obstacle_safe_drone_routing
facility_1462,کلینیک مغز و اعصاب الیسا,hospital,35.7584955,51.4055295,True,requires_special_authorization_or_ground_handoff
facility_1463,ساختمان پزشکان مریم,doctors,35.7347898,51.4330611,False,eligible_for_obstacle_safe_drone_routing
facility_1464,کلینیک ارتوپدی فنی کاویان طب,clinic,35.7971297,51.4341999,True,requires_special_authorization_or_ground_handoff
facility_1465,(دکتر محمد شفیعی) کلینیک مایامون,doctors,35.7786869,51.3611631,True,requires_special_authorization_or_ground_handoff
facility_1466,مرکز پزشکی- زیبایی مارین,doctor,35.7463529,51.4651691,False,eligible_for_obstacle_safe_drone_routing
facility_1467,ساختمان پزشکان اندیشه,clinic,35.6972763,51.3752254,False,eligible_for_obstacle_safe_drone_routing
facility_1468,کلینیک پوست و مو رویش سبز,clinic,35.7647002,51.419198,True,requires_special_authorization_or_ground_handoff
facility_1469,مطب زیبایی لانا,doctors,35.7798577,51.3662364,False,eligible_for_obstacle_safe_drone_routing
facility_1470,مرکز پریناتالوژی فروغ,doctors,35.7476847,51.4126815,True,requires_special_authorization_or_ground_handoff
facility_1471,دندانپزشکی نسیم پارک وی,clinic,35.7868512,51.415571,False,eligible_for_obstacle_safe_drone_routing
facility_1472,ویولا کلینیک,clinic,35.7723999,51.3851642,True,requires_special_authorization_or_ground_handoff
facility_1473,مطب دکتر محمد مهدی سرزعیم,doctors,35.7733069,51.4429498,False,eligible_for_obstacle_safe_drone_routing
facility_1474,کلینیک ارتودنسی دکتر ساغر هرندی,hospital,35.792743,51.4526377,False,eligible_for_obstacle_safe_drone_routing
facility_1475,پزشکی هسته ای خورشید,doctors,35.6762021,51.3295867,True,requires_special_authorization_or_ground_handoff
facility_1476,مرکز درمان در منزل امداد(وابسته به جهاد دانشگاهی علوم پزشکی شهیدبهشتی),clinic,35.7580988,51.4473257,True,requires_special_authorization_or_ground_handoff
facility_1477,ليزر كلينيك تخت طاووس,clinic,35.7235698,51.4122435,False,eligible_for_obstacle_safe_drone_routing
facility_1478,درمانگاه منطقه ۱۰ شهرداری تهران,clinic,35.6702165,51.354982,True,requires_special_authorization_or_ground_handoff
facility_1479,کلینیک طب فیزیکی و توانبخشی لگام,clinic,35.7488545,51.4094752,False,eligible_for_obstacle_safe_drone_routing
facility_1480,کلینیک پوست مو و لیزر نسیم مرکز,clinic,35.6834506,51.3770549,True,requires_special_authorization_or_ground_handoff
facility_1481,کلینیک روانشناسی روان رشد,clinic,35.7270324,51.5290578,False,eligible_for_obstacle_safe_drone_routing
facility_1482,پلی‌کلنیک تخصصی شهید حیدری,clinic,35.6968802,51.4063598,True,requires_special_authorization_or_ground_handoff
facility_1483,کلینیک دندانپزشکی آنیسا,clinic,35.7666394,51.4138333,False,eligible_for_obstacle_safe_drone_routing
facility_1484,کلینت ونتا,clinic,35.7695535,51.4198244,False,eligible_for_obstacle_safe_drone_routing
facility_1485,کلینیک پستان دکتر فرهاد موسی زاده,clinic,35.7475142,51.4120195,True,requires_special_authorization_or_ground_handoff
facility_1486,کلینیک زیبایی تلما,doctors,35.7465756,51.2339192,True,requires_special_authorization_or_ground_handoff
facility_1487,کلینیک زیبایی روما,clinic,35.6494254,51.3116815,False,eligible_for_obstacle_safe_drone_routing
facility_1488,درمانگاه تخصصي پوست و مو و زيبايي رونيكا,clinic,35.7956287,51.441968,True,requires_special_authorization_or_ground_handoff
facility_1489,کلینیک زیبایی آندیا,clinic,35.7703555,51.3625967,False,eligible_for_obstacle_safe_drone_routing
facility_1490,کلینیک رزآبی,clinic,35.7830437,51.3790182,False,eligible_for_obstacle_safe_drone_routing
facility_1491,خانه ایمپلنت (دکتر پورشاهی),clinic,35.7867009,51.42425,False,eligible_for_obstacle_safe_drone_routing
facility_1492,کلینیک تخصصی پوست و مو آریوان,clinic,35.7374918,51.3060397,True,requires_special_authorization_or_ground_handoff
facility_1493,کلینیک دکتر خوانساری,clinic,35.7879935,51.4602635,False,eligible_for_obstacle_safe_drone_routing
facility_1494,مطب دکتر کاظم خوانساری,doctors,35.7444193,51.5633436,False,eligible_for_obstacle_safe_drone_routing
facility_1495,کلینیک زیبایی المابیوتی,clinic,35.7010149,51.3790096,True,requires_special_authorization_or_ground_handoff
facility_1496,دکتر محسن اسلامی متخصص کلیه و مجاری ادراری و ناباروی و hpv,doctors,35.7755413,51.4642193,False,eligible_for_obstacle_safe_drone_routing
facility_1497,دکترمونانوروزی,doctors,35.7301995,51.4254619,True,requires_special_authorization_or_ground_handoff
facility_1498,ساختمان پزشکان امام جعفرصادق نعمت آباد,clinic,35.630292,51.3584293,False,eligible_for_obstacle_safe_drone_routing
facility_1499,کلینیک چشم نور امید,clinic,35.699003,51.262615,True,requires_special_authorization_or_ground_handoff
facility_1500,مطب دکتر یوسف فام,doctors,35.7562304,51.3942187,False,eligible_for_obstacle_safe_drone_routing
facility_1501,unnamed,clinic,35.6189812,51.4610441,False,eligible_for_obstacle_safe_drone_routing
facility_1502,دندانپزشکی دکتر زهرا خاکسار,hospital,35.7228079,51.3261977,True,requires_special_authorization_or_ground_handoff
facility_1503,کلینیک زیبایی لومیر,clinic,35.8055418,51.4733856,False,eligible_for_obstacle_safe_drone_routing
facility_1504,کلینیک فیزیوتراپی پایدار,clinic,35.7709292,51.3656854,False,eligible_for_obstacle_safe_drone_routing
facility_1505,دکتر فرشته اصل بهار جراح و متخصص زنان و زایمان,doctors,35.7781631,51.3607588,True,requires_special_authorization_or_ground_handoff
facility_1506,کلینیک روانشناسی حس زندگی,clinic,35.779463,51.3648671,False,eligible_for_obstacle_safe_drone_routing
facility_1507,مطب زیبایی و لیزر بنیز,doctors,35.7534292,51.4756274,False,eligible_for_obstacle_safe_drone_routing
facility_1508,ارتوپدی فنی باریش,hospital,35.7723579,51.3240929,False,eligible_for_obstacle_safe_drone_routing
facility_1509,ساختمان پزشکان ترنج,clinic,35.7530722,51.5486332,True,requires_special_authorization_or_ground_handoff
facility_1510,دکتر بنفشه تاج بخش,doctors,35.7479454,51.410478,False,eligible_for_obstacle_safe_drone_routing
facility_1511,مطب دکتر شیوا حاجی خانی,doctors,35.679877,51.4012486,True,requires_special_authorization_or_ground_handoff
facility_1512,مطب دکتر محمد سبزی کاریان,doctors,35.6798979,51.4012357,True,requires_special_authorization_or_ground_handoff
facility_1513,دکتر هومن مولوی,clinic,35.7913046,51.4185222,True,requires_special_authorization_or_ground_handoff
facility_1514,لابراتوار سینا,laboratory,35.6726683,51.4711886,True,requires_special_authorization_or_ground_handoff
facility_1515,مطب دکتر سید رضا هاشمی,doctors,35.7821106,51.3765661,True,requires_special_authorization_or_ground_handoff
facility_1516,کلینیک اورولوژی و ناتوانایی جنسی دکتر البرز وشتاسبی,clinic,35.7655366,51.476062,False,eligible_for_obstacle_safe_drone_routing
facility_1517,کلینیک دندانپزشکی تبسم مهر,clinic,35.7628227,51.3982312,False,eligible_for_obstacle_safe_drone_routing
facility_1518,کلینیک تخصصی طب کار دانیال,clinic,35.6372183,51.411074,False,eligible_for_obstacle_safe_drone_routing
facility_1519,unnamed,clinic,35.7177749,51.4102598,True,requires_special_authorization_or_ground_handoff
facility_1520,مطب دکتر احیا خان احمدی - متخصص زنان و زایمان,doctors,35.7967109,51.4194786,False,eligible_for_obstacle_safe_drone_routing
facility_1521,کلینیک زیبایی آسو,clinic,35.7769955,51.365526,True,requires_special_authorization_or_ground_handoff
facility_1522,کلینیک زیبایی مه رویان,clinic,35.7753678,51.4207004,False,eligible_for_obstacle_safe_drone_routing
facility_1523,کلینیک سلول های بنیادی دکتر فتحی,clinic,35.8009293,51.4610733,False,eligible_for_obstacle_safe_drone_routing
facility_1524,مطب پوست، زیبایی و لیزر نیژ,doctors,35.756175,51.3941866,False,eligible_for_obstacle_safe_drone_routing
facility_1525,کلینیک زیبایی مهر,clinic,35.7396499,51.4962172,False,eligible_for_obstacle_safe_drone_routing
facility_1526,مرکز فوق تخصصی گوارش، کبد و لاغری دکتر مقداد صداقت,clinic,35.7682918,51.4421615,True,requires_special_authorization_or_ground_handoff
facility_1527,دکتر منصور همایونی,doctors,35.7475379,51.4121912,True,requires_special_authorization_or_ground_handoff
facility_1528,کلینیک ارتوپدی فنی رادمان,clinic,35.7084784,51.3851949,False,eligible_for_obstacle_safe_drone_routing
facility_1529,دکتر بابک باب شریف,doctors,35.7586131,51.4107113,True,requires_special_authorization_or_ground_handoff
facility_1530,مرکز دیالیز بیمارستان لبافی نژاد,clinic,35.7672987,51.4637096,False,eligible_for_obstacle_safe_drone_routing
facility_1531,کلینیک مهر افروز,clinic,35.8119214,51.4596225,False,eligible_for_obstacle_safe_drone_routing
facility_1532,دکتر امیرحسین امامی میبدی,doctors,35.7587796,51.3617984,False,eligible_for_obstacle_safe_drone_routing
facility_1533,دکتر وهاب آسترکی,doctors,35.7989236,51.4734004,False,eligible_for_obstacle_safe_drone_routing
facility_1534,کلینیک لیما,clinic,35.7799847,51.4588386,False,eligible_for_obstacle_safe_drone_routing
facility_1535,مجموعه پزشکی سانیک,clinic,35.7172373,51.4072106,False,eligible_for_obstacle_safe_drone_routing
facility_1536,رادیولوژی و سونوگرافی دکتر شهریاریان,doctors,35.7083787,51.3837272,False,eligible_for_obstacle_safe_drone_routing
facility_1537,تصویربرداری و سونوگرافی معراج,doctors,35.7080553,51.3825872,False,eligible_for_obstacle_safe_drone_routing
facility_1538,مطب دکتر وحید معتمدی,doctors,35.7081545,51.3879699,False,eligible_for_obstacle_safe_drone_routing
facility_1539,مطب دكتر سيد محمود اسحق حسينى,doctors,35.7082722,51.3839104,False,eligible_for_obstacle_safe_drone_routing
facility_1540,مطب دکتر فرهاد شاهی,doctors,35.708311,51.3837812,False,eligible_for_obstacle_safe_drone_routing
facility_1541,دکتر عباس علی بخشی,doctors,35.7082696,51.3852432,False,eligible_for_obstacle_safe_drone_routing
facility_1542,مرکز تصویربرداری و ام آر آی تهران ۱۰۱,doctors,35.7085043,51.3851438,False,eligible_for_obstacle_safe_drone_routing
facility_1543,دکتر قره گزلو,doctors,35.7082485,51.3855463,False,eligible_for_obstacle_safe_drone_routing
facility_1544,گفتار درمانی باران ( شعبه غرب),clinic,35.724237,51.3292756,True,requires_special_authorization_or_ground_handoff
facility_1545,مطب پوست و مو زیبایی دکتر محسنی,doctors,35.804083,51.4343634,True,requires_special_authorization_or_ground_handoff
facility_1546,سونوگرافی و رادیولوژی لادن,doctors,35.7271083,51.4938467,True,requires_special_authorization_or_ground_handoff
facility_1547,دکتر الهام ظرافت فرد (خون و سرطان),doctors,35.7593471,51.4099814,True,requires_special_authorization_or_ground_handoff
facility_1548,مطب دکتر شهریار عزیزی,clinic,35.7776036,51.3581622,False,eligible_for_obstacle_safe_drone_routing
facility_1549,مطب دکتر مرتضی جلالی فخر,doctors,35.7580138,51.446921,True,requires_special_authorization_or_ground_handoff
facility_1550,آزمایشگاه آناهیت,laboratory,35.7573782,51.1573538,False,eligible_for_obstacle_safe_drone_routing
facility_1551,پلی کلینیک تخصصی طاها تب,clinic,35.7412229,51.5479856,False,eligible_for_obstacle_safe_drone_routing
facility_1552,دکتر امیر رضا معتبر,doctors,35.7996976,51.4688034,False,eligible_for_obstacle_safe_drone_routing
facility_1553,دکتر جواد خالقی,doctors,35.797291,51.4102705,False,eligible_for_obstacle_safe_drone_routing
facility_1554,کلینیک زیبایی آمیتیست,clinic,35.6997367,51.3658078,True,requires_special_authorization_or_ground_handoff
facility_1555,آزمایشگاه دنا,hospital,35.7500692,51.4110696,False,eligible_for_obstacle_safe_drone_routing
facility_1556,درمانگاه عمومی شهرداری منطقه ۹,clinic,35.6860595,51.3464032,True,requires_special_authorization_or_ground_handoff
facility_1557,مطب دکتر نوید رفعتی نژاد,doctors,35.7796107,51.3622802,True,requires_special_authorization_or_ground_handoff
facility_1558,کلینیک زیبایی آسا,clinic,35.638974,51.4109558,False,eligible_for_obstacle_safe_drone_routing
facility_1559,مجتمع پزشکی تخصصی آوی‌سینا,clinic,35.6869763,51.3629556,True,requires_special_authorization_or_ground_handoff
facility_1560,کلینیک تخصصی و رادیولوژی دندانپزشکی مهر گاندی,clinic,35.7551213,51.4130349,True,requires_special_authorization_or_ground_handoff
facility_1561,کلینیک زیبایی نیکی,clinic,35.6975561,51.3752764,False,eligible_for_obstacle_safe_drone_routing
facility_1562,مجتمع پزشکی شفاء,clinic,35.7565986,51.162908,False,eligible_for_obstacle_safe_drone_routing
facility_1563,اورژانس بیمارستان میلاد,hospital,35.745083,51.3802188,False,eligible_for_obstacle_safe_drone_routing
facility_1564,مطب پوست و مو شیلر بیوتی,clinic,35.7342708,51.3584021,False,eligible_for_obstacle_safe_drone_routing
facility_1565,مرکز تصویربرداری امید نوین,hospital,35.7562819,51.3955302,False,eligible_for_obstacle_safe_drone_routing
facility_1566,آزمایشگاه تشخیص پزشکی بابک,laboratory,35.681324,51.4496205,True,requires_special_authorization_or_ground_handoff
facility_1567,کلینیک زیبایی سام شعبه زعفرانیه,clinic,35.7932284,51.4108218,False,eligible_for_obstacle_safe_drone_routing
facility_1568,دکتر محمد زواره ای بوتاکس معده,doctors,35.772027,51.3784506,False,eligible_for_obstacle_safe_drone_routing
facility_1569,پروتز مو گلها هایفیکس,clinic,35.7418624,51.4437246,True,requires_special_authorization_or_ground_handoff
facility_1570,مرکز ترک اعتیاد آوای سحر,clinic,35.740709,51.5512753,False,eligible_for_obstacle_safe_drone_routing
facility_1571,درمانگاه شبانه روزی لاله زاگرس,clinic,35.7254348,51.46908,True,requires_special_authorization_or_ground_handoff
facility_1572,درمان کمردرد از راه دور دکتر محمدی,clinic,35.7892387,51.4235436,False,eligible_for_obstacle_safe_drone_routing
facility_1573,کلینیک زیبایی دکتر یسری طباطبایی,clinic,35.8122419,51.4570183,False,eligible_for_obstacle_safe_drone_routing
facility_1574,کلینیک زیبایی شاداب,clinic,35.7616439,51.3360714,False,eligible_for_obstacle_safe_drone_routing
facility_1575,رادیولوژی دهان، فک و صورت دکتر شاهین همتی,clinic,35.7690993,51.4589477,True,requires_special_authorization_or_ground_handoff
facility_1576,مطب دکتر غلامرضا امینی فوق تخصص قلب,doctors,35.6922635,51.4813186,True,requires_special_authorization_or_ground_handoff
facility_1577,کلینیک گفتاردرمانی کاردرمانی و نوروتراپی ماهان,clinic,35.6315757,51.3752093,False,eligible_for_obstacle_safe_drone_routing
facility_1578,دندانپزشکی دکتر برشوئی,doctors,35.7885518,51.4230579,False,eligible_for_obstacle_safe_drone_routing
facility_1579,کلینیک فیزیوتراپی فردین,hospital,35.7466035,51.2477848,True,requires_special_authorization_or_ground_handoff
facility_1580,کلینیک زیبایی ماه زر,clinic,35.7712639,51.367641,False,eligible_for_obstacle_safe_drone_routing
facility_1581,رادیولوژی فک دندان و صورت,doctors,35.7814383,51.3712126,False,eligible_for_obstacle_safe_drone_routing
facility_1582,طب کار آریا پژوهان,laboratory,35.7086889,51.3751785,True,requires_special_authorization_or_ground_handoff
facility_1583,فیزیوتراپی شفابخش,clinic,35.7102402,51.4487649,True,requires_special_authorization_or_ground_handoff
facility_1584,مرکز زیبایی دکتر الگا,clinic,35.8130301,51.4109952,False,eligible_for_obstacle_safe_drone_routing
facility_1585,مطب پوست و زیبایی دکتر نازیلا محمدزاده,doctors,35.7257091,51.5196786,True,requires_special_authorization_or_ground_handoff
facility_1586,Loveya Skincare,clinic,35.7924421,51.4161584,False,eligible_for_obstacle_safe_drone_routing
facility_1587,بیمارستان نور,hospital,35.6103699,51.4386695,False,eligible_for_obstacle_safe_drone_routing
facility_1588,سونوگرافی و رادیولوژی دکتر الهی فر,laboratory,35.7562301,51.3946037,False,eligible_for_obstacle_safe_drone_routing
facility_1589,مطب متخصص پزشکی ورزشی,doctors,35.7679799,51.4603083,True,requires_special_authorization_or_ground_handoff
facility_1590,مطب دکتر ناصر امینی صدر,doctors,35.7630359,51.4436204,False,eligible_for_obstacle_safe_drone_routing
facility_1591,مطب دکتر ایوب صالحی,hospital,35.735506,51.3419725,False,eligible_for_obstacle_safe_drone_routing
facility_1592,درمانگاه قوامین,clinic,35.6972894,51.2646521,True,requires_special_authorization_or_ground_handoff
facility_1593,درمانگاه شبانه روزی قائم آل طه,clinic,35.6930537,51.4884441,True,requires_special_authorization_or_ground_handoff
facility_1594,درمانگاه تخصصی دیابت قائم,clinic,35.6934182,51.4892418,True,requires_special_authorization_or_ground_handoff
facility_1595,کلینیک زیبایی سوین,clinic,35.7809074,51.3529843,False,eligible_for_obstacle_safe_drone_routing
facility_1596,مهندسی پیشرو چیره صنعت,laboratory,35.7293597,51.424694,True,requires_special_authorization_or_ground_handoff
facility_1597,کاردرمانی و گفتاردرمانی نگاه,clinic,35.7138596,51.3888582,True,requires_special_authorization_or_ground_handoff
facility_1598,محموعه لاغری وندا,clinic,35.7955429,51.3585093,False,eligible_for_obstacle_safe_drone_routing
facility_1599,آزمایشگاه پاتوبیولوژی ۱۷ شهریور,laboratory,35.6803709,51.4471492,True,requires_special_authorization_or_ground_handoff
facility_1600,چشم پزشکی دکتر بابک صادقی,doctors,35.7345868,51.3291377,False,eligible_for_obstacle_safe_drone_routing
facility_1601,درمانگاه فرهنگیان,clinic,35.7252632,51.335716,True,requires_special_authorization_or_ground_handoff
facility_1602,دکتر احسان مرادی متخصص جراحی مغز و اعصاب,doctors,35.7641213,51.4447565,False,eligible_for_obstacle_safe_drone_routing
facility_1603,رادیولوژی و سونوگرافی مهرگان,doctors,35.734616,51.3291627,False,eligible_for_obstacle_safe_drone_routing
facility_1604,مطب گلها (سانا اسکین سابق),doctors,35.7632134,51.3372555,False,eligible_for_obstacle_safe_drone_routing
facility_1605,متخصص زنان و زایمان الهه سلگی,doctors,35.7570376,51.3990129,False,eligible_for_obstacle_safe_drone_routing
facility_1606,آزمایشگاه پاتوبیولوژی مدیک,laboratory,35.7526783,51.4118757,False,eligible_for_obstacle_safe_drone_routing
facility_1607,کلینیک زخم بینش,clinic,35.7085566,51.3974926,False,eligible_for_obstacle_safe_drone_routing
facility_1608,مطب دکتر زینب بهرام نژاد متخصص زنان و زایمان,doctors,35.7656632,51.4761286,False,eligible_for_obstacle_safe_drone_routing
facility_1609,کلینیک قلب و عروق دکتر نیلچیان,doctors,35.7610538,51.4457485,True,requires_special_authorization_or_ground_handoff
facility_1610,فیزیوتراپی شادتن,doctors,35.7829375,51.3813867,False,eligible_for_obstacle_safe_drone_routing
facility_1611,كلينيك پوست و مو دكتر سارا نجفي,doctors,35.8094323,51.4136212,False,eligible_for_obstacle_safe_drone_routing
facility_1612,مرکز جراحی زیبایی ساوی,clinic,35.8071126,51.4623933,False,eligible_for_obstacle_safe_drone_routing
facility_1613,دکتر مهران آقاگلی,doctors,35.7589242,51.4133033,False,eligible_for_obstacle_safe_drone_routing
facility_1615,درمانگاه,clinic,35.7042415,51.460308,True,requires_special_authorization_or_ground_handoff
facility_1616,مرکز ترک اعتیاد نشاط سلامت آرامش,clinic,35.7994052,51.4407731,True,requires_special_authorization_or_ground_handoff
facility_1617,روانشناس دكتر مينا احمديان,doctors,35.7960685,51.4438637,True,requires_special_authorization_or_ground_handoff
facility_1618,کلینیک زیبایی الماس,clinic,35.6759148,51.3561817,True,requires_special_authorization_or_ground_handoff
facility_1619,کلینیک رژیم درمانی مهساشیری,clinic,35.697017,51.2539628,True,requires_special_authorization_or_ground_handoff
facility_1620,کلینیک زیبایی پارسیان بیوتی(پرشین بیوتی),clinic,35.7661843,51.4306425,True,requires_special_authorization_or_ground_handoff
facility_1621,مرکز تصویر برداری رازی(دکتر علیزاده),clinic,35.5925692,51.4402131,False,eligible_for_obstacle_safe_drone_routing
facility_1622,بیمارستان سینا,hospital,35.6863276,51.4119795,False,eligible_for_obstacle_safe_drone_routing
facility_1623,آزمایشگاه پاتوبیولوژی دکتر سرخه ای,laboratory,35.6531921,51.4989536,False,eligible_for_obstacle_safe_drone_routing
facility_1624,کلینیک اورولوژی دکتر آرش رنجبر,clinic,35.7803548,51.4625986,False,eligible_for_obstacle_safe_drone_routing
facility_1625,مرکز زیبایی و تناسب اندام آرمیتا,clinic,35.7338255,51.3942651,False,eligible_for_obstacle_safe_drone_routing
facility_1626,لیلا اصغری فوق تخصص غدد,doctors,35.7433302,51.4051796,True,requires_special_authorization_or_ground_handoff
facility_1627,کلینیک ترک اعتیاد متین طب سجاد,clinic,35.6914521,51.3453156,True,requires_special_authorization_or_ground_handoff
facility_1628,دکتر مجید فرجی قلب و عروق,doctors,35.7677845,51.461538,False,eligible_for_obstacle_safe_drone_routing
facility_1629,دکتر فرشید احمدی پوست و زیبایی,doctors,35.7390491,51.3265438,False,eligible_for_obstacle_safe_drone_routing
facility_1630,مطب دندانپزشکی و ایمپلنت دکتر اورعی,doctors,35.7534594,51.5304519,False,eligible_for_obstacle_safe_drone_routing
facility_1631,رادیولوژی و سونوگرافی کوروش,clinic,35.7073991,51.3905033,False,eligible_for_obstacle_safe_drone_routing
facility_1632,راديولوژي دهان، فك و صورت دكتر نيلوفر مفيدي,doctors,35.7630754,51.2907657,True,requires_special_authorization_or_ground_handoff
facility_1633,مطب دکتر پدرام مهریان,doctors,35.7904138,51.418682,True,requires_special_authorization_or_ground_handoff
facility_1634,دکتر آنا دیلمی پزشک زیبایی,doctors,35.7837412,51.4471614,False,eligible_for_obstacle_safe_drone_routing
facility_1635,مطب دکتر محمد علی قائد,doctors,35.7830761,51.3774575,False,eligible_for_obstacle_safe_drone_routing
facility_1636,کلینیک زیبایی دکتر مخبریان,doctors,35.7218861,51.3386428,True,requires_special_authorization_or_ground_handoff
facility_1637,مطب دندانپزشکی دکتر فریور,doctors,35.7706437,51.37238,False,eligible_for_obstacle_safe_drone_routing
facility_1638,دکتر سلطانی نژاد,doctors,35.6313689,51.3685681,False,eligible_for_obstacle_safe_drone_routing
facility_1639,دکتر حمیدرضا آزادی فرد,doctors,35.640659,51.4875762,False,eligible_for_obstacle_safe_drone_routing
facility_1640,سونوگرافی نبوت,clinic,35.6873516,51.3738377,True,requires_special_authorization_or_ground_handoff
facility_1641,مطب دکتر لیلا مقدم,doctors,35.7600124,51.4144096,False,eligible_for_obstacle_safe_drone_routing
facility_1642,کلینیک ترک اعتیاد پیام تندرستی,doctors,35.7614311,51.400609,False,eligible_for_obstacle_safe_drone_routing
facility_1643,کلینیک تخصصی روانشناسی و مشاوره نوژا,doctors,35.721562,51.3467572,True,requires_special_authorization_or_ground_handoff
facility_1644,مطب دکتر غلامرضا معروفی,doctors,35.7991444,51.4737603,True,requires_special_authorization_or_ground_handoff
facility_1645,کلینیک امید نو مرکز تخصصی درمان پای دیابتی,doctors,35.7942691,51.4356398,True,requires_special_authorization_or_ground_handoff
facility_1646,مطب دکتر مریم پیروی,doctors,35.7780995,51.3610243,True,requires_special_authorization_or_ground_handoff
facility_1647,مطب دکتر پاکنژاد روانشناس,doctors,35.7528651,51.3735083,False,eligible_for_obstacle_safe_drone_routing
facility_1648,مطب دکتر عبدالرضا روئین تن,doctors,35.758313,51.4108622,True,requires_special_authorization_or_ground_handoff
facility_1649,پزشک متخصص وجراح  زنان و زایمان,doctors,35.7656264,51.3610624,False,eligible_for_obstacle_safe_drone_routing
facility_1650,کلینیک زیبایی نیلاز,clinic,35.7577426,51.3159376,False,eligible_for_obstacle_safe_drone_routing
facility_1651,پزشک متخصص قلب و عروق  دکتر ترقی,doctors,35.7287872,51.4205941,False,eligible_for_obstacle_safe_drone_routing
facility_1652,کلینیک زیبایی لیا,doctors,35.7706357,51.3743836,False,eligible_for_obstacle_safe_drone_routing
facility_1653,رادیولوژی دکتر زهرا صاحب نسق,laboratory,35.7597579,51.4426611,True,requires_special_authorization_or_ground_handoff
facility_1654,کلینیک زیبایی مهرزاد,doctors,35.7836998,51.3819751,False,eligible_for_obstacle_safe_drone_routing
facility_1655,دکتر توکل,clinic,35.7069597,51.3039982,True,requires_special_authorization_or_ground_handoff
facility_1656,دکتر سید احمد میرعربشاهی,doctors,35.7383394,51.3063086,True,requires_special_authorization_or_ground_handoff
facility_1657,رادیولوژی و سونوگرافی مرزداران غرب,laboratory,35.7342014,51.3547557,False,eligible_for_obstacle_safe_drone_routing
facility_1658,دکتر مجتبی واهب فوق تخصص جراحی پلاستیک و زیبایی,doctors,35.7795427,51.3624202,True,requires_special_authorization_or_ground_handoff
facility_1659,مطب دکتر فواد فولادی,doctors,35.7973206,51.4588393,False,eligible_for_obstacle_safe_drone_routing
facility_1660,دکتر مهدی حیدری روانپزشک,doctors,35.738549,51.5581277,False,eligible_for_obstacle_safe_drone_routing
facility_1661,دندانپزشکی مریم چهارکامه,doctors,35.6459977,51.4729286,False,eligible_for_obstacle_safe_drone_routing
facility_1662,دکتر آرمان فر متخصص جراحي مغز واعصاب,doctors,35.7630909,51.4440372,False,eligible_for_obstacle_safe_drone_routing
facility_1663,کلینیک روانشناسی روشان,doctors,35.7804683,51.4574657,False,eligible_for_obstacle_safe_drone_routing
facility_1664,دکتر محمد نویدی,doctors,35.7814806,51.371232,False,eligible_for_obstacle_safe_drone_routing
facility_1665,دکتر شباهنگ محمدی,doctors,35.7504544,51.4088282,False,eligible_for_obstacle_safe_drone_routing
facility_1666,دکتر امیرعلی سهراب پور,doctors,35.8116902,51.4504395,False,eligible_for_obstacle_safe_drone_routing
facility_1667,Unique Smile مطب دندانپزشکی دکتر لیلا عطایی,doctors,35.8048807,51.4622113,False,eligible_for_obstacle_safe_drone_routing
facility_1668,دکتر مجید صمصامی,doctors,35.761809,51.4456729,True,requires_special_authorization_or_ground_handoff
facility_1669,دکتر شروین قوامی,doctors,35.7715169,51.3771223,False,eligible_for_obstacle_safe_drone_routing
facility_1670,جراح فک وصورت دکتر کبروی,doctors,35.7240624,51.4395837,True,requires_special_authorization_or_ground_handoff
facility_1671,دکتر هادی حجت دوست داخلی طب سالمندی,doctors,35.7988714,51.4419381,True,requires_special_authorization_or_ground_handoff
facility_1672,دکتر طاهره فروغی فر,doctors,35.7714757,51.3828672,False,eligible_for_obstacle_safe_drone_routing
facility_1673,دندانپزشکی دکتر سپیده لیاقت,doctors,35.7843781,51.4595779,True,requires_special_authorization_or_ground_handoff
facility_1674,مطب دندانپزشکی دکتر لیلا شاکری,doctors,35.7807186,51.4676186,True,requires_special_authorization_or_ground_handoff
facility_1675,مطب تخصصي دندانپزشكي دكتر عليرضا اميني,doctors,35.7704131,51.412366,False,eligible_for_obstacle_safe_drone_routing
facility_1676,مطب نوروتراپی و روانپزشکی دکتر کروندی,doctors,35.756844,51.3988962,False,eligible_for_obstacle_safe_drone_routing
facility_1677,دکتر سعید طالب زاده بنکدار,doctors,35.7949304,51.4170088,False,eligible_for_obstacle_safe_drone_routing
facility_1678,مطب دکتر حسن راشکی اگزوزوم تراپی,doctors,35.7305773,51.4129971,False,eligible_for_obstacle_safe_drone_routing
facility_1679,مطب آلرژي دكتر سپيده داروگر,doctors,35.8120809,51.4633932,False,eligible_for_obstacle_safe_drone_routing
facility_1680,گروه روانپزشکی ویان مطب دکتر سامرند سلیمی مطب علامه,doctors,35.7715159,51.3829297,False,eligible_for_obstacle_safe_drone_routing
facility_1681,دکتر علی فولادیان,doctors,35.6759456,51.2667056,True,requires_special_authorization_or_ground_handoff
facility_1682,کلینیک قلب دکتر شیخ,doctors,35.7221199,51.3322104,True,requires_special_authorization_or_ground_handoff
facility_1683,کلینیک روان شناسی تارا,doctors,35.7387051,51.4146272,True,requires_special_authorization_or_ground_handoff
facility_1684,آزمایشگاه خیریه موسوی کیانی,laboratory,35.6716297,51.4318161,False,eligible_for_obstacle_safe_drone_routing
facility_1685,مطب دکتر فاطمه دیانتی,doctors,35.6581621,51.3577752,True,requires_special_authorization_or_ground_handoff
facility_1686,مرکز تخصصی فیزیوتراپی دکتر جمهوری,doctors,35.8099834,51.4505108,False,eligible_for_obstacle_safe_drone_routing
facility_1687,طب سوزنی دکتر وحید قاسمی,doctors,35.7988703,51.4736877,True,requires_special_authorization_or_ground_handoff
facility_1688,مطب دکتر هدی سادات اعتمادزاده,doctors,35.7594214,51.4103969,True,requires_special_authorization_or_ground_handoff
facility_1689,مطب تخصصی دندانپزشکی دکتر آزاده خاجوی,doctors,35.8022019,51.4347472,True,requires_special_authorization_or_ground_handoff
facility_1690,مطب پوست مو و زیبایی,doctors,35.6564923,51.324588,True,requires_special_authorization_or_ground_handoff
facility_1691,مطب دکتر علی بختیاری متخصص جراحی پلاستیک,doctors,35.7768691,51.3655712,True,requires_special_authorization_or_ground_handoff
facility_1692,کلینیک سلامت پا کهن (اسکن کف پا،کفی طبی),clinic,35.7217031,51.3478364,True,requires_special_authorization_or_ground_handoff
facility_1693,مرکز گوارش دکتر اژیه,clinic,35.764892,51.3567612,True,requires_special_authorization_or_ground_handoff
facility_1694,مرکز لیزر دکتر فرزانه شیرازی,clinic,35.7648071,51.3567829,True,requires_special_authorization_or_ground_handoff
facility_1695,مرکز سرپایی درمان اختلالات مصرف مواد دکتر مومن خانی,clinic,35.7668172,51.4423936,True,requires_special_authorization_or_ground_handoff
facility_1696,دکتر رضا سیفی فلوشیپ  (فوق تخصص) قلب و عروق,doctors,35.7437393,51.404874,True,requires_special_authorization_or_ground_handoff
facility_1697,مطب پوست و زیبایی دکتر فاضله حیدریان,doctors,35.7955615,51.4485395,True,requires_special_authorization_or_ground_handoff
facility_1698,بهبود طب,doctors,35.7360938,51.4312194,False,eligible_for_obstacle_safe_drone_routing
facility_1699,رادیولوژی فک و صورت سانی تا,laboratory,35.7052397,51.2565133,True,requires_special_authorization_or_ground_handoff
facility_1700,مرکز خدمات جامع سلامت سعد دربند,clinic,35.8258075,51.4256472,True,requires_special_authorization_or_ground_handoff
facility_1701,مرکز روانشناسی دکتر سرافزازنسب,doctors,35.7551919,51.3340697,False,eligible_for_obstacle_safe_drone_routing
facility_1702,دکتر پونه یزدانی متخصص پوست مو زیبایی,doctors,35.7780386,51.3602861,True,requires_special_authorization_or_ground_handoff
facility_1703,مطب دکتر علیرضا رئوف,doctors,35.7713718,51.3805649,False,eligible_for_obstacle_safe_drone_routing
facility_1704,دکتر علیرضا رئوف,doctors,35.7712214,51.3805625,False,eligible_for_obstacle_safe_drone_routing
facility_1705,مطب سعادت آباد دکتر بهزاد محمودی نژاد,doctors,35.7833988,51.3806705,False,eligible_for_obstacle_safe_drone_routing
facility_1706,دکتر نیکا مجاهد یزدی,hospital,35.796707,51.4121023,False,eligible_for_obstacle_safe_drone_routing
facility_1707,کلینیک پرنسا,clinic,35.686576,51.2400082,True,requires_special_authorization_or_ground_handoff
facility_1708,کلینیک کاردرمانی و گفتاردرمانی نمو,clinic,35.7353951,51.4953496,True,requires_special_authorization_or_ground_handoff
facility_1709,دکتر سعیده عادلی متخصص قلب و واریس,doctors,35.7701783,51.3637123,False,eligible_for_obstacle_safe_drone_routing
facility_1710,کلینیک قلب کودکان و اکو جنین دکتر رضا مسیحی,clinic,35.7470111,51.4496373,False,eligible_for_obstacle_safe_drone_routing
facility_1711,مطب دکتر مهدی درزی,doctors,35.7848272,51.3737041,True,requires_special_authorization_or_ground_handoff
facility_1712,کلینیک دکتر بیتا ساقی,clinic,35.7679889,51.460788,True,requires_special_authorization_or_ground_handoff
facility_1713,درمانگاه بهراد,clinic,35.7319361,51.333454,True,requires_special_authorization_or_ground_handoff
facility_1714,دکتر فاطمه متقی زاده  کلینیک جامع قلب و عروق آرام,clinic,35.7267018,51.4361358,False,eligible_for_obstacle_safe_drone_routing
facility_1715,ساختمان پزشکان جمهوری,clinic,35.6959054,51.3833432,False,eligible_for_obstacle_safe_drone_routing
facility_1716,کلینیک ماری,doctors,35.7206734,51.3531916,True,requires_special_authorization_or_ground_handoff
facility_1717,مطب دندانپزشکی دکتر آذر رئوفی,doctors,35.6990229,51.382297,False,eligible_for_obstacle_safe_drone_routing
facility_1718,مطب دکتر سپیده نیازی,doctors,35.7338164,51.3942032,False,eligible_for_obstacle_safe_drone_routing
facility_1719,دکتر محسن جواد زاده,doctors,35.7607036,51.4444538,True,requires_special_authorization_or_ground_handoff
facility_1720,مطب دکتر ابراهیم محمدنشتایی,doctors,35.7605704,51.4510904,False,eligible_for_obstacle_safe_drone_routing
facility_1721,دکتر مائده پورنصیر دندانپزشک،متخصص لثه و ایمپلنت,doctors,35.7807126,51.4630084,False,eligible_for_obstacle_safe_drone_routing
facility_1722,مرکز روانشناسی و مشاوره علیسا,doctors,35.766688,51.396217,True,requires_special_authorization_or_ground_handoff
facility_1723,مطب تخصصی زنان و زایمان دکتر مرضیه بهنام,doctors,35.7315305,51.5037694,True,requires_special_authorization_or_ground_handoff
facility_1724,کلینیک هومیوپاتی دکتر اخوان,doctors,35.7182123,51.4335003,True,requires_special_authorization_or_ground_handoff
facility_1725,مطب دکتر الهام کفایی,doctors,35.80786,51.4193691,False,eligible_for_obstacle_safe_drone_routing
facility_1726,مرکز پزشکی هسته ای رازی,clinic,35.6918793,51.4805465,True,requires_special_authorization_or_ground_handoff
facility_1727,مطب تغذیه دکتر حسنی,doctors,35.7696983,51.3588289,False,eligible_for_obstacle_safe_drone_routing
facility_1728,دکتر حمیده طهماسبی بروجنی,doctors,35.7824615,51.3762734,False,eligible_for_obstacle_safe_drone_routing
facility_1729,دندانپزشکی دکتر علی والیانی,doctors,35.7174432,51.3893526,True,requires_special_authorization_or_ground_handoff
facility_1730,دکتر محمد حسن باقری فوق تخصص جراحی پلاستیک و زیبایی,doctors,35.7385775,51.2433054,True,requires_special_authorization_or_ground_handoff
facility_1731,مطب دکتر فروزان بلوری جراح و متخصص زنان و زایمان,doctors,35.6345176,51.3814314,False,eligible_for_obstacle_safe_drone_routing
facility_1732,دکتر سعید ساعدی,doctors,35.7848748,51.3747395,True,requires_special_authorization_or_ground_handoff
facility_1733,دکترسید حسین آقامیری مغز و اعصاب,doctors,35.7990237,51.4417146,True,requires_special_authorization_or_ground_handoff
facility_1734,مرکز روانشناسی و نوروفیدبک طناز یوسفی,doctors,35.773044,51.4202358,False,eligible_for_obstacle_safe_drone_routing
facility_1735,كلينيك رشد پويا (طيبى),doctors,35.8032075,51.4732642,True,requires_special_authorization_or_ground_handoff
facility_1736,کلینیک زیبایی ملل,doctors,35.726492,51.5228936,False,eligible_for_obstacle_safe_drone_routing
facility_1737,آزمایشگاه صدرآزما,laboratory,35.6506693,51.451352,False,eligible_for_obstacle_safe_drone_routing
facility_1738,مطب دندانپزشکی خصوصی دکتر منصور تبریزی نیا,doctors,35.7995128,51.4412407,True,requires_special_authorization_or_ground_handoff
facility_1739,دکتر مسعود نوری  سلامتی و زیبایی,doctors,35.8004078,51.4824292,True,requires_special_authorization_or_ground_handoff
facility_1740,مطب پزشکی دکتر سعید ساعدی,doctors,35.7776835,51.3588952,False,eligible_for_obstacle_safe_drone_routing
facility_1741,مرکز سلامت نسیم,clinic,35.7881418,51.3678963,False,eligible_for_obstacle_safe_drone_routing
facility_1742,ساختمان پزشکان سرو,clinic,35.781747,51.3731949,False,eligible_for_obstacle_safe_drone_routing
facility_1743,دندانپزشكى دكتر خانبانى,doctors,35.7966517,51.4342333,False,eligible_for_obstacle_safe_drone_routing
facility_1744,آزمایشگاه پاتوبیولوژی و ژنتیک اوستا,laboratory,35.7236223,51.41423,False,eligible_for_obstacle_safe_drone_routing
facility_1745,مطب دکتر مهسا رکابی,doctors,35.7939108,51.4509105,False,eligible_for_obstacle_safe_drone_routing
facility_1746,کلینیک دامپزشکی دکتر پرکار,hospital,35.7366262,51.3377365,False,eligible_for_obstacle_safe_drone_routing
facility_1747,کلینیک زیبایی لیوسا,clinic,35.7688414,51.4765913,False,eligible_for_obstacle_safe_drone_routing
facility_1748,مطب دکتر سعدآبادی,doctors,35.7355379,51.3410605,False,eligible_for_obstacle_safe_drone_routing
facility_1749,کلینیک زیبایی دکتر رضا امید,doctors,35.7678245,51.4614081,True,requires_special_authorization_or_ground_handoff
facility_1750,متخصص اطفال (دکتر فاطمه طبسی ),doctors,35.6499397,51.4761331,False,eligible_for_obstacle_safe_drone_routing
facility_1751,مطب پزشکی,doctors,35.7487053,51.4094178,False,eligible_for_obstacle_safe_drone_routing
facility_1752,کلینیک ویستریا,clinic,35.7657404,51.354877,True,requires_special_authorization_or_ground_handoff
facility_1753,سونوگرافي آلستوم (دكتر شهاب مهاجر شيرواني),doctors,35.7202894,51.355822,False,eligible_for_obstacle_safe_drone_routing
facility_1754,مطب دکتر سیده غنچه لنگری,doctors,35.7806251,51.4623486,False,eligible_for_obstacle_safe_drone_routing
facility_1755,فیزیوتراپی کیان,doctors,35.738996,51.4957163,False,eligible_for_obstacle_safe_drone_routing
facility_1756,دکتر سید حسن مهدوی,doctors,35.7431925,51.5318267,False,eligible_for_obstacle_safe_drone_routing
facility_1757,فیزیوتراپی مریم درستی,doctors,35.7578771,51.3046096,False,eligible_for_obstacle_safe_drone_routing
facility_1758,مطب دکتر عسل پرورش جراح دندانپزشک,doctors,35.7862088,51.4248124,False,eligible_for_obstacle_safe_drone_routing
facility_1759,مطب دندانپزشکی دکتر آرین صدری,doctors,35.7779411,51.4777755,True,requires_special_authorization_or_ground_handoff
facility_1760,راضیه فرقانی کارشناس بیماریهای زنان ومامایی,clinic,35.6346734,51.4217403,False,eligible_for_obstacle_safe_drone_routing
facility_1761,مطب دکتر نازنین سلطانی جراح و متخصص زنان,doctors,35.7831911,51.3821822,False,eligible_for_obstacle_safe_drone_routing
facility_1762,Dr. Raoufi,clinic,35.7030477,51.4303492,True,requires_special_authorization_or_ground_handoff
facility_1763,دکتر وحید دهستانی,doctors,35.7299521,51.4269469,True,requires_special_authorization_or_ground_handoff
facility_1764,دکتر سارا فرهادی متخصص کودکان,doctors,35.7786203,51.4893933,False,eligible_for_obstacle_safe_drone_routing
facility_1765,دکتر محسن نبیونی,doctors,35.7583906,51.3616618,False,eligible_for_obstacle_safe_drone_routing
facility_1766,مرکز درمان در منزل درمان تو,clinic,35.7585306,51.4125079,False,eligible_for_obstacle_safe_drone_routing
facility_1767,نسیم پرتو (دکتر آسیه رضوانی),clinic,35.7118208,51.4045601,True,requires_special_authorization_or_ground_handoff
facility_1768,دکتر‌قادری پوست‌زیبایی فیزیوتراپی پندار,doctors,35.7838689,51.3664656,False,eligible_for_obstacle_safe_drone_routing
facility_1769,کلینیک کاردرمانی فرناز فرشچی,clinic,35.7273445,51.4172715,True,requires_special_authorization_or_ground_handoff
facility_1770,کلینیک زیبایی دکتر عبدل زاده,doctors,35.7699924,51.4179188,True,requires_special_authorization_or_ground_handoff
facility_1771,کلینیک قلب عروق و واریس دکتر هومن محمودی,doctors,35.7868526,51.4217809,False,eligible_for_obstacle_safe_drone_routing
facility_1772,دکتر فراز سلیمانی,doctors,35.7684657,51.2918745,False,eligible_for_obstacle_safe_drone_routing
facility_1773,دکتر سید نوید حسینی فر پزشک متخصص جراح عمومی,doctors,35.7024577,51.3863887,False,eligible_for_obstacle_safe_drone_routing
facility_1774,کلینیک دندان پزشکی سرو بین الملل (شعبه فرشته),clinic,35.7865483,51.4275054,False,eligible_for_obstacle_safe_drone_routing
facility_1775,دکتر  علی یزدان پرست فلو شیپ طب سوزنی ، توانبخشی,doctors,35.7099864,51.4740556,True,requires_special_authorization_or_ground_handoff
facility_1776,دکتر شفیعه امامیان (زیبایی),doctors,35.7985286,51.4752456,True,requires_special_authorization_or_ground_handoff
facility_1777,مرکز کاردرمانی و گفتاردرمانی کورتکس,doctors,35.7576652,51.315948,False,eligible_for_obstacle_safe_drone_routing
facility_1778,Hosseinian Dental Clinic,clinic,35.7486384,51.4120164,True,requires_special_authorization_or_ground_handoff
facility_1779,دکتر احمدی مقدم,doctors,35.7459735,51.4115149,False,eligible_for_obstacle_safe_drone_routing
facility_1780,آزمایشگاه تشخیص پزشکی دکتر مراد سوری,laboratory,35.7119305,51.4505246,True,requires_special_authorization_or_ground_handoff
facility_1781,مطب دندانپزشکی دکتر رضا محمدپورقمری,doctors,35.6812551,51.3732113,True,requires_special_authorization_or_ground_handoff
facility_1782,Dr. pouya Moshkdar,doctors,35.759327,51.4449066,True,requires_special_authorization_or_ground_handoff
facility_1783,مطب دکتر پرچکانی,doctors,35.7390089,51.283814,True,requires_special_authorization_or_ground_handoff
facility_1784,مطب دکتر مریم موسی وند درمان اسکار,doctors,35.7656809,51.4184044,False,eligible_for_obstacle_safe_drone_routing
facility_1785,کلینیک زیبایی و دندانپزشکی مهرگان,doctors,35.7066239,51.3159272,True,requires_special_authorization_or_ground_handoff
facility_1786,کلینیک دکتر سید بهروز امامی,doctors,35.7700057,51.3951046,False,eligible_for_obstacle_safe_drone_routing
facility_1787,مطب چشم پزشکی دکتر رحیمه گنجی اناری,doctors,35.6785755,51.3577275,True,requires_special_authorization_or_ground_handoff
facility_1788,دکتر بهناز شادافزا متخصص قلب و عروق,doctors,35.7474625,51.4120796,True,requires_special_authorization_or_ground_handoff
facility_1789,دکتر مهدی نیکوبخت,doctors,35.7542022,51.3963162,False,eligible_for_obstacle_safe_drone_routing
facility_1790,گروه تخصصی فک و صورت دکتر بهاری,clinic,35.7714447,51.3557894,False,eligible_for_obstacle_safe_drone_routing
facility_1791,کلینیک ساختمانی ذوالفقاری,clinic,35.7547717,51.3996619,False,eligible_for_obstacle_safe_drone_routing
facility_1792,کلینیک شنوایی و تعادل و سمعک فرمانیه,clinic,35.7990554,51.4726691,False,eligible_for_obstacle_safe_drone_routing
facility_1793,دکتر آناهیتا اکبری (زنان و زایمان),doctors,35.7630748,51.4353266,True,requires_special_authorization_or_ground_handoff
facility_1794,مرکز پوست و مو و زیبایی جماران,doctors,35.8166996,51.4592095,True,requires_special_authorization_or_ground_handoff
facility_1795,دکترساناز گودرزی,doctors,35.7779853,51.4437174,False,eligible_for_obstacle_safe_drone_routing
facility_1796,کلینیک فوق تخصصی زیبایی ساباط,clinic,35.7866419,51.4243263,False,eligible_for_obstacle_safe_drone_routing
facility_1797,کلینیک ارتوپدی فنی آرامیس طب,clinic,35.7219049,51.3381124,True,requires_special_authorization_or_ground_handoff
facility_1798,دکتر شهلا مشاغی متخصص کودکان,doctors,35.722866,51.3895435,True,requires_special_authorization_or_ground_handoff
facility_1799,مرکز درمان در منزل جهاد دانشگاهی علوم پزشکی تهران,clinic,35.698495,51.4002843,False,eligible_for_obstacle_safe_drone_routing
facility_1800,کلینیک دندانپزشکی جهاد دانشگاهی علوم پزشکی تهران,clinic,35.6992131,51.400049,False,eligible_for_obstacle_safe_drone_routing
facility_1801,دکتر مهریار خسروشاهی دیابتولوژیست,doctors,35.7722542,51.3531519,False,eligible_for_obstacle_safe_drone_routing
facility_1802,مطب روانپزشکی دکتر فرزانه,doctors,35.7574819,51.4137414,True,requires_special_authorization_or_ground_handoff
facility_1803,مطب دکتر ناصر علیزاده,doctors,35.7266301,51.3233154,False,eligible_for_obstacle_safe_drone_routing
facility_1804,دکتر شیارکار جراح و متخصص بیماری‌های چشم,doctors,35.7535331,51.4806448,False,eligible_for_obstacle_safe_drone_routing
facility_1805,مطب روان‌کاوی سلمان جلالی,doctors,35.7236518,51.3151125,True,requires_special_authorization_or_ground_handoff
facility_1806,کلینیک لاغری دکتر کاظمی,clinic,35.7710223,51.366996,False,eligible_for_obstacle_safe_drone_routing
facility_1807,مطب دکتر علیرضا نجف,doctors,35.7206305,51.3892475,False,eligible_for_obstacle_safe_drone_routing
facility_1808,دکتر مجید ناصرخاکی متخصص پروتزهای دندانی و ایمپلنت,doctors,35.7669742,51.4413275,True,requires_special_authorization_or_ground_handoff
facility_1809,كلينيك زيبايي درناز,clinic,35.7699693,51.3584811,False,eligible_for_obstacle_safe_drone_routing
facility_1810,دندانپزشکی نیکان,clinic,35.7258686,51.4357051,False,eligible_for_obstacle_safe_drone_routing
facility_1811,کلینیک روانشناسی سبک زندگی,clinic,35.7617721,51.4682544,False,eligible_for_obstacle_safe_drone_routing
facility_1812,مطب دندانپزشکی کودکان دکتر مریم فروزانمهر,clinic,35.6873118,51.3736948,True,requires_special_authorization_or_ground_handoff
facility_1813,مطب دکتر پیمان کاظمی,doctors,35.7592348,51.4111696,True,requires_special_authorization_or_ground_handoff
facility_1814,ساختمان پزشکان کالج,clinic,35.7890787,51.4594072,False,eligible_for_obstacle_safe_drone_routing
facility_1815,مطب دکتر علی رضاپور فوق تخصص عفونی اطفال,doctors,35.7617712,51.4441722,True,requires_special_authorization_or_ground_handoff
facility_1816,درمانگاه شبانه روزی دکتر صفائیان,clinic,35.7356843,51.4406116,False,eligible_for_obstacle_safe_drone_routing
facility_1817,دکتر انوشه اسدی,doctors,35.7407517,51.5331343,False,eligible_for_obstacle_safe_drone_routing
facility_1818,مطب تغذیه و رژیم درمانی بهاره آقایی,clinic,35.786679,51.4242104,False,eligible_for_obstacle_safe_drone_routing
facility_1819,مرکز دندانپزشکی دکتر علی ستوده,doctors,35.7525429,51.5096484,False,eligible_for_obstacle_safe_drone_routing
facility_1820,دکتر رضا پیرهادی,doctors,35.7288701,51.5202963,False,eligible_for_obstacle_safe_drone_routing
facility_1821,پزشک متخصص زنان  فلوشیپ لاپاراسکوپی دکتر اتوسا قاسمی,doctors,35.7356871,51.3390653,False,eligible_for_obstacle_safe_drone_routing
facility_1822,کلینیک پزشکی زیبایی دکتر ملینا پورکاظمی,doctors,35.803055,51.4345879,True,requires_special_authorization_or_ground_handoff
facility_1823,دکتر شادی احدی فر ( روانشناس و بازیگر),doctors,35.7557014,51.3331987,False,eligible_for_obstacle_safe_drone_routing
facility_1824,مطب دکتر سعید انتظاری,doctors,35.7703469,51.3629076,False,eligible_for_obstacle_safe_drone_routing
facility_1825,شفا صحت آزما,laboratory,35.7198519,51.4948829,True,requires_special_authorization_or_ground_handoff
facility_1826,مطب دکتر سیامک فائز,hospital,35.7231339,51.4231328,False,eligible_for_obstacle_safe_drone_routing
facility_1827,unnamed,doctors,35.7229965,51.423176,False,eligible_for_obstacle_safe_drone_routing
facility_1828,unnamed,hospital,35.7228031,51.4234543,False,eligible_for_obstacle_safe_drone_routing
facility_1829,کلینیک زیبایی یروشا,clinic,35.8190189,51.4914316,False,eligible_for_obstacle_safe_drone_routing
facility_1830,مطب دکتر محمد مجیدی,doctors,35.8077081,51.419527,False,eligible_for_obstacle_safe_drone_routing
facility_1831,کلینیک درمان واریس,doctors,35.7946792,51.434813,True,requires_special_authorization_or_ground_handoff
facility_1832,مطب دندانپزشکی دکتر مجید بهنام تقی پور,doctors,35.7652217,51.4346622,False,eligible_for_obstacle_safe_drone_routing
facility_1833,مرکز چکاپ هوشمند و جوانسازی ریترن,clinic,35.7699891,51.4403096,False,eligible_for_obstacle_safe_drone_routing
facility_1834,آزمایشگاه پاتوبیولوژی نوید سلامت,laboratory,35.7315532,51.4837298,True,requires_special_authorization_or_ground_handoff
facility_1835,کلینیک زیبایی دیورا,clinic,35.7906977,51.4213611,False,eligible_for_obstacle_safe_drone_routing
facility_1836,کلینیک تخصصی ارتوپدی فنی رجبی راد,clinic,35.7074732,51.3907532,False,eligible_for_obstacle_safe_drone_routing
facility_1837,مطب دندانپزشکی دکتر امید شهباز زاده,doctors,35.7685956,51.4197644,False,eligible_for_obstacle_safe_drone_routing
facility_1838,کلینیک زیبایی سمیه فلاح,doctors,35.6734607,51.3805025,True,requires_special_authorization_or_ground_handoff
facility_1839,دکتر کامران داودی راد,doctors,35.7169998,51.4154192,True,requires_special_authorization_or_ground_handoff
facility_1840,مرکز مشاوره و رواندرمانی خانه نیکان,clinic,35.7631494,51.4440181,False,eligible_for_obstacle_safe_drone_routing
facility_1841,مطب دکتر اشکان حاجی مصطفی زاده,doctors,35.800359,51.4825887,True,requires_special_authorization_or_ground_handoff
facility_1842,ساختمان پزشکی پارس,clinic,35.7316113,51.4596373,False,eligible_for_obstacle_safe_drone_routing
facility_1843,کلینیک تغذیه دکتر یگانه کیان,doctors,35.7711217,51.3669365,False,eligible_for_obstacle_safe_drone_routing
facility_1844,شفا کلینیک,clinic,35.7080863,51.3888209,False,eligible_for_obstacle_safe_drone_routing
facility_1845,دکتر حمیدرضا بدیهی,doctors,35.7374273,51.5561933,False,eligible_for_obstacle_safe_drone_routing
facility_1846,Turan Hearing Aid Center,hospital,35.7417034,51.5326919,False,eligible_for_obstacle_safe_drone_routing
facility_1847,ساختمان میلاد,clinic,35.6569915,51.3678383,True,requires_special_authorization_or_ground_handoff
facility_1848,ازمایشگاه تشخیص طبی رایت,laboratory,35.6791524,51.4012244,False,eligible_for_obstacle_safe_drone_routing
facility_1849,دکتر علاء طهرانی فوق تخصص ریه,doctors,35.6920177,51.4647596,True,requires_special_authorization_or_ground_handoff
facility_1850,کلینیک اریتمی دکتر امیر طاووسی,doctors,35.7520179,51.4109308,False,eligible_for_obstacle_safe_drone_routing
facility_1851,دکتر مریم شاه حسینی,doctors,35.7999922,51.4504124,False,eligible_for_obstacle_safe_drone_routing
facility_1852,مطب آقای دکتر سالار باغبانی,doctors,35.7391696,51.5931972,False,eligible_for_obstacle_safe_drone_routing
facility_1853,موسسه رادیولوژی و سونوگرافی دی,clinic,35.6581611,51.3576834,True,requires_special_authorization_or_ground_handoff
facility_1854,مطب دکتر عبداله بهرامی متخصص قلب وعروق,doctors,35.6944755,51.2418033,True,requires_special_authorization_or_ground_handoff
facility_1855,مطب دکتر عابدی,doctors,35.7483507,51.3036951,True,requires_special_authorization_or_ground_handoff
facility_1856,مطب زیبایی دکتر رعنا هاشمی,doctors,35.7289611,51.4136049,False,eligible_for_obstacle_safe_drone_routing
facility_1857,كلینیك رادیولوژی و سونوگرافی مهر,clinic,35.751728,51.2883074,False,eligible_for_obstacle_safe_drone_routing
facility_1858,مطب دکتر دیناگل دربر متخصص داخلی,doctors,35.6975385,51.3661052,True,requires_special_authorization_or_ground_handoff
facility_1859,مطب ارتوپدی دکتر سالار باغبانی,doctors,35.7270797,51.3792286,False,eligible_for_obstacle_safe_drone_routing
facility_1860,درمانگاه کریمهٔ اهل بیت,clinic,35.689719,51.3907752,False,eligible_for_obstacle_safe_drone_routing
facility_1861,Moukaran Hair Clinic,clinic,35.7584869,51.4080708,False,eligible_for_obstacle_safe_drone_routing
facility_1862,دکتر مریم علی اکبر متخصص زنان,doctors,35.7828379,51.3761351,False,eligible_for_obstacle_safe_drone_routing
facility_1863,درمانگاه شبانه روزی سهند ( فتح الله زاده),clinic,35.6316371,51.3751678,False,eligible_for_obstacle_safe_drone_routing
facility_1864,دکتر مرضیه میری,doctors,35.6905485,51.4580036,True,requires_special_authorization_or_ground_handoff
facility_1865,دکتر زهرامعصومی متخصص  زنان,doctors,35.6871699,51.3696717,True,requires_special_authorization_or_ground_handoff
facility_1866,کلینیک زیبایی استارلت,clinic,35.8088005,51.4154426,False,eligible_for_obstacle_safe_drone_routing
facility_1867,مطب دکتر حمیدرضا فاتح,doctors,35.7239309,51.4069644,True,requires_special_authorization_or_ground_handoff
facility_1868,دکتر مهدیه یوسفی,doctors,35.7550549,51.3039187,True,requires_special_authorization_or_ground_handoff
facility_1869,کلینیک پوست و مو آوینا,doctors,35.7550003,51.4123633,True,requires_special_authorization_or_ground_handoff
facility_1870,مطب پوست و مو زیبایی دکتر ملیحه عسگری,doctors,35.7564022,51.4506241,False,eligible_for_obstacle_safe_drone_routing
facility_1871,مطب دکتر محدثه داوری دهان و دندانپزشکی,doctors,35.7773072,51.4188608,False,eligible_for_obstacle_safe_drone_routing
facility_1872,دکتر پریسا ارجمندی,doctors,35.7489551,51.4501284,True,requires_special_authorization_or_ground_handoff
facility_1873,مطب دکتر مهدی حسن آبادی,doctors,35.7118017,51.4023307,False,eligible_for_obstacle_safe_drone_routing
facility_1874,کلینیک دکتر عاطفه لارتی متخصص طب فیزیکی ستون فقرات و مفاصل,doctors,35.8077854,51.4412471,False,eligible_for_obstacle_safe_drone_routing
facility_1875,مرکز تغذیه و رژیم درمانی کیمیا,doctors,35.721286,51.4278713,False,eligible_for_obstacle_safe_drone_routing
facility_1876,دکتر ثریا موحد,doctors,35.7712793,51.378128,False,eligible_for_obstacle_safe_drone_routing
facility_1877,کلینیک روانشناسی روان الماس,doctors,35.7635574,51.3044488,False,eligible_for_obstacle_safe_drone_routing
facility_1878,دکترغلامرضا موسوی مجد,doctors,35.7587465,51.4132234,False,eligible_for_obstacle_safe_drone_routing
facility_1879,کلینیک بایورزونانس ایران طب,clinic,35.7782962,51.3599947,True,requires_special_authorization_or_ground_handoff
facility_1880,مطب دکتر علی نریمانیENT,doctors,35.7680716,51.4603612,True,requires_special_authorization_or_ground_handoff
facility_1881,درمانگاه لرزاده,hospital,35.6642259,51.4394881,False,eligible_for_obstacle_safe_drone_routing
facility_1882,فیزیوتراپی شمس,doctors,35.741613,51.5468869,False,eligible_for_obstacle_safe_drone_routing
facility_1883,کلینیک دکتر محمدپور,clinic,35.8172136,51.4809171,False,eligible_for_obstacle_safe_drone_routing
facility_1884,مطب دکتر علیرضا جلیل زاده خویی,doctors,35.7390338,51.4092364,False,eligible_for_obstacle_safe_drone_routing
facility_1885,دکتر شهاب آفرینگاه,doctors,35.7987515,51.4607129,False,eligible_for_obstacle_safe_drone_routing
facility_1886,مطب دادمان,doctors,35.765879,51.3594338,False,eligible_for_obstacle_safe_drone_routing
facility_1887,کلینیک زیبایی فارال اسکین,doctors,35.7393739,51.4950574,False,eligible_for_obstacle_safe_drone_routing
facility_1888,رادیولوژی و سونوگرافی رسا,doctors,35.6912099,51.4721824,True,requires_special_authorization_or_ground_handoff
facility_1889,کلینیک دندان پزشکی هما,hospital,35.7761624,51.4229305,True,requires_special_authorization_or_ground_handoff
facility_1890,مطب دکتر سمیرا ازقندی,doctors,35.7820113,51.3764705,True,requires_special_authorization_or_ground_handoff
facility_1891,پزشکی هسته ای دکتر نقشینه,clinic,35.7559859,51.3267654,False,eligible_for_obstacle_safe_drone_routing
facility_1892,رادیولوژی فک و صورت نورا پرتو,doctors,35.7499662,51.4497821,False,eligible_for_obstacle_safe_drone_routing
facility_1893,آزمایشگاه پاتوبیولوژی لی لی,laboratory,35.7990384,51.4419392,True,requires_special_authorization_or_ground_handoff
facility_1894,دکتر علی فرهودی,doctors,35.7607523,51.4191283,False,eligible_for_obstacle_safe_drone_routing
facility_1895,طبابت داخلی کلیه و فشارخون دکتر حمید پیراسته,doctors,35.7472466,51.4110788,False,eligible_for_obstacle_safe_drone_routing
facility_1896,کلینیک رزانا,doctors,35.7698241,51.4179773,True,requires_special_authorization_or_ground_handoff
facility_1897,مطب دکتر علی یوسفی اودرجی,doctors,35.7614937,51.462079,False,eligible_for_obstacle_safe_drone_routing
facility_1898,مطب دکتر معصومه زینلیان,doctors,35.7090762,51.2792456,True,requires_special_authorization_or_ground_handoff
facility_1899,کلینیک لاغری ماهسان,clinic,35.7836029,51.3664873,False,eligible_for_obstacle_safe_drone_routing
facility_1900,شرکت داروسازی پارس حیان,laboratory,35.7720714,51.4203978,False,eligible_for_obstacle_safe_drone_routing
facility_1901,دکتر یلدا پورحسن متخصص زنان و زایمان و نازایی,doctors,35.7583175,51.3619418,False,eligible_for_obstacle_safe_drone_routing
facility_1902,کلینیک مشاوره اتاق ابی,doctors,35.7551746,51.2598845,True,requires_special_authorization_or_ground_handoff
facility_1903,دکتر سمیرا نوردی فلوشیپ ام اس,doctors,35.7579809,51.450715,False,eligible_for_obstacle_safe_drone_routing
facility_1904,مشاوره‌ روانشناسی وتحصیلی,doctors,35.7997069,51.4464287,False,eligible_for_obstacle_safe_drone_routing
facility_1905,مطب زیبایی دکتر نغمه دهقانیان,doctors,35.7628916,51.4427495,False,eligible_for_obstacle_safe_drone_routing
facility_1906,رادیولوژی و سونوگرافی آریا,clinic,35.7227892,51.3287473,True,requires_special_authorization_or_ground_handoff
facility_1907,مرکز تخصصی ارتوپدی فنی طارمی,clinic,35.742062,51.4528878,False,eligible_for_obstacle_safe_drone_routing
facility_1908,سکینه بهبودی کارشناس ارشد مامایی,doctors,35.7233159,51.328839,True,requires_special_authorization_or_ground_handoff
facility_1909,کلینیک مدرن,clinic,35.7324023,51.3561232,False,eligible_for_obstacle_safe_drone_routing
facility_1910,دکتر فاطمه شعبانی متخصص مغز و اعصاب,doctors,35.7221358,51.3322996,True,requires_special_authorization_or_ground_handoff
facility_1911,مطب دکترفرید عاملی,doctors,35.723248,51.4234888,False,eligible_for_obstacle_safe_drone_routing
facility_1912,کلینیک مدیسا سعادت آباد,doctors,35.7779503,51.3598359,True,requires_special_authorization_or_ground_handoff
facility_1913,ساختمان پزشکان المپیک,clinic,35.7459448,51.2628906,True,requires_special_authorization_or_ground_handoff
facility_1914,مطب دکتر فضلی فوق تخصص گوارش و کبد,doctors,35.7654305,51.3615605,False,eligible_for_obstacle_safe_drone_routing
facility_1915,دکتر سجاد محمدی,doctors,35.7797748,51.366338,False,eligible_for_obstacle_safe_drone_routing
facility_1916,دکتر هاجر تندگویان,doctors,35.7603928,51.4508974,False,eligible_for_obstacle_safe_drone_routing
facility_1917,آزمایشگاه دکتر ناجی,laboratory,35.751928,51.3041796,False,eligible_for_obstacle_safe_drone_routing
facility_1918,دکتر پریسا پورفرزانه,doctors,35.8207619,51.4338795,False,eligible_for_obstacle_safe_drone_routing
facility_1919,گروه پزشكى باور | Bavar Medical Group,doctors,35.7975159,51.4101968,False,eligible_for_obstacle_safe_drone_routing
facility_1920,مطب دکتر هادی آمالی,doctors,35.7602417,51.4141067,False,eligible_for_obstacle_safe_drone_routing
facility_1921,دکتر فریبرز عزیزی,doctors,35.6923334,51.4816944,True,requires_special_authorization_or_ground_handoff
facility_1922,مرکز مشاوره ساجد,doctors,35.7661663,51.3401773,False,eligible_for_obstacle_safe_drone_routing
facility_1923,دکتر غلامحسین رضاپور,doctors,35.7633487,51.4117618,True,requires_special_authorization_or_ground_handoff
facility_1924,کلینیک تخصصی زیبائی دکتر اکرم کریمیار,doctors,35.6372973,51.404622,False,eligible_for_obstacle_safe_drone_routing
facility_1925,طب سوزنی هستیا,clinic,35.7920542,51.4167351,False,eligible_for_obstacle_safe_drone_routing
facility_1926,دکتر سعيد اوسطي - دکترای تخصصی تغذیه,doctors,35.778393,51.3618201,True,requires_special_authorization_or_ground_handoff
facility_1927,آزمایشگاه تشخیص پزشکی پورسینا,laboratory,35.7591694,51.3121437,False,eligible_for_obstacle_safe_drone_routing
facility_1928,دکتر مانا رضایی مشاوره کودک و فرزندپروری,clinic,35.7823772,51.4144767,False,eligible_for_obstacle_safe_drone_routing
facility_1929,مطب دکتر مروارید احمدبیگی,doctors,35.7563414,51.4487214,True,requires_special_authorization_or_ground_handoff
facility_1930,دکتر زهرا اعمرائی,doctors,35.7380948,51.4788326,True,requires_special_authorization_or_ground_handoff
facility_1931,کلینیک آفتاب مرکز تخصصی پوست و مو و زیبایی,clinic,35.7510368,51.3278008,False,eligible_for_obstacle_safe_drone_routing
facility_1932,کلینیک درماژن,clinic,35.7780077,51.3601278,True,requires_special_authorization_or_ground_handoff
facility_1933,سونوگرافی ماموگرافی الزهرا,doctors,35.7180471,51.438271,True,requires_special_authorization_or_ground_handoff
facility_1934,دکتر محمدصادق حق‌پرست چشم‌پزشک,doctors,35.7985848,51.4407451,True,requires_special_authorization_or_ground_handoff
facility_1935,مطب پوست و مو دکتر ویدا شکیبا,doctors,35.8087242,51.4157432,False,eligible_for_obstacle_safe_drone_routing
facility_1936,كلينيك تخصصي پوست و زيبايي دكتر  فروردين,clinic,35.8062729,51.4715257,True,requires_special_authorization_or_ground_handoff
facility_1937,کلینیک زخم ابرا,clinic,35.6980175,51.2645644,True,requires_special_authorization_or_ground_handoff
facility_1938,دکتر علی حاجب,doctors,35.7752547,51.4638673,False,eligible_for_obstacle_safe_drone_routing
facility_1939,مطب روانشناسی سارا رشیدی,doctors,35.7926387,51.4180858,False,eligible_for_obstacle_safe_drone_routing
facility_1940,دکتر سارا اسماعیلوندی,doctors,35.7532645,51.263682,True,requires_special_authorization_or_ground_handoff
facility_1941,مطب دکتر مهرناز میرزایی,doctors,35.7537427,51.3662196,False,eligible_for_obstacle_safe_drone_routing
facility_1942,درمانگر زهرا نوشاد,doctors,35.7666536,51.4431299,False,eligible_for_obstacle_safe_drone_routing
facility_1943,مطب روان پزشکی دکتر علی نیک جو,doctors,35.7601197,51.441782,False,eligible_for_obstacle_safe_drone_routing
facility_1944,دکتر صالحیان جراح عمومی و عروق,doctors,35.7668199,51.4409634,False,eligible_for_obstacle_safe_drone_routing
facility_1945,مرکز مشاوره و ارائه خدمات پرستاری نشاط زندگی در منزل,doctors,35.6990235,51.3916419,False,eligible_for_obstacle_safe_drone_routing
facility_1946,آزمایشگاه پاتوبیولوژی و ژنتیک جردن,laboratory,35.7612197,51.4195045,False,eligible_for_obstacle_safe_drone_routing
facility_1947,fasdekhooncenter.com,hospital,35.7618688,51.4597708,False,eligible_for_obstacle_safe_drone_routing
facility_1948,دکتر علی شهابی,doctors,35.7775823,51.3589666,False,eligible_for_obstacle_safe_drone_routing
facility_1949,مطب دکتر هنگامه روحتافی,doctors,35.7255465,51.3358471,True,requires_special_authorization_or_ground_handoff
facility_1950,دکتر علی اصغر باباجانی,doctors,35.7588395,51.4132518,False,eligible_for_obstacle_safe_drone_routing
facility_1951,کلینیک آسمان,clinic,35.7755123,51.364347,False,eligible_for_obstacle_safe_drone_routing
facility_1952,مطب دکتر مهتاب آروان,doctors,35.7895391,51.3747648,False,eligible_for_obstacle_safe_drone_routing
facility_1953,مطب دکتر وحدت زنبوری- فوق تخصص غدد,doctors,35.7792735,51.4447057,False,eligible_for_obstacle_safe_drone_routing
facility_1954,دکتر بابک کشوری,doctors,35.7264098,51.4136741,True,requires_special_authorization_or_ground_handoff
facility_1955,دکتر مائده عابدین زاده,doctors,35.7706698,51.3745403,False,eligible_for_obstacle_safe_drone_routing
facility_1956,کلینیک نسیمی,clinic,35.7437515,51.3128923,False,eligible_for_obstacle_safe_drone_routing
facility_1957,مرکز تخصصی اکوکاردیوگرافی قلب جنین و کودک,hospital,35.6974337,51.4375592,True,requires_special_authorization_or_ground_handoff
facility_1958,مرکز اکو قلب جنین و کودک,doctors,35.6974088,51.4376996,True,requires_special_authorization_or_ground_handoff
facility_1959,مطب دکتر باقر افشار,doctors,35.7797111,51.4494481,False,eligible_for_obstacle_safe_drone_routing
facility_1960,unnamed,clinic,35.6953749,51.4774998,True,requires_special_authorization_or_ground_handoff
facility_1961,مرکز پزشکی تخصصی کودکان رویش,clinic,35.7716858,51.3823922,False,eligible_for_obstacle_safe_drone_routing
facility_1962,درمان درمنزل همراز,clinic,35.6997787,51.3902043,False,eligible_for_obstacle_safe_drone_routing
facility_1963,مطب دکتر دامون طاهرزاده,doctors,35.7653988,51.4420517,False,eligible_for_obstacle_safe_drone_routing
facility_1964,کلینیک زیبایی آرو,doctors,35.8021784,51.433978,True,requires_special_authorization_or_ground_handoff
facility_1965,مرکز اکوکاردیوگرافی قلب جنین و کودک,doctors,35.7255041,51.4193661,False,eligible_for_obstacle_safe_drone_routing
facility_1966,مطب پوست و مو  دکتر شعله,doctors,35.7572092,51.4497748,False,eligible_for_obstacle_safe_drone_routing
facility_1967,مطب دکتر زهرا استیلاف,doctors,35.7591433,51.4416765,False,eligible_for_obstacle_safe_drone_routing
facility_1968,مطب چشم پزشکی دکتر علی ایزدی,doctors,35.7680591,51.411956,False,eligible_for_obstacle_safe_drone_routing
facility_1969,مطب دکتر سهیلا درزی خلردی,doctors,35.6912629,51.4721204,True,requires_special_authorization_or_ground_handoff
facility_1970,دکتر مستان شقاقی متخصص زیبایی,doctors,35.7765814,51.3653179,False,eligible_for_obstacle_safe_drone_routing
facility_1971,ترک اعتیاد آینه,clinic,35.6987666,51.2548573,True,requires_special_authorization_or_ground_handoff
facility_1972,کلینیک روانشناسی و مشاوره بلوم,doctors,35.7911112,51.4567257,False,eligible_for_obstacle_safe_drone_routing
facility_1973,مرکز درمان اعتیاد نیلوپر,clinic,35.7367038,51.432593,False,eligible_for_obstacle_safe_drone_routing
facility_1974,کلینیک زیبایی سپید,doctors,35.7564501,51.4496989,False,eligible_for_obstacle_safe_drone_routing
facility_1975,مطب دکتر مرتضی رضیعی,doctors,35.734154,51.3545608,False,eligible_for_obstacle_safe_drone_routing
facility_1976,مرکز ارتوپدی فنی پایتخت,doctors,35.7220554,51.3323866,True,requires_special_authorization_or_ground_handoff
facility_1977,آزمایشگاه تشخیص طبی طبیب,doctors,35.6918216,51.4437749,True,requires_special_authorization_or_ground_handoff
facility_1978,رادیولوژی دکتر مهسا افقهی,doctors,35.749632,51.3036337,True,requires_special_authorization_or_ground_handoff
facility_1979,بهترین دکتر کانتورینگ پروفایلو استراکچرا,doctors,35.8068334,51.4715995,True,requires_special_authorization_or_ground_handoff
facility_1980,كلينيك دكتر مهدوي نيا,doctors,35.7980644,51.4215486,False,eligible_for_obstacle_safe_drone_routing
facility_1981,دکتر فربد امامی یگانه جراح چاقی,doctors,35.7629258,51.4427362,False,eligible_for_obstacle_safe_drone_routing
facility_1982,مطب دکتر سید امیر حامد همراهیان پزشک عمومی,doctors,35.7377427,51.4323267,False,eligible_for_obstacle_safe_drone_routing
facility_1983,دکتر محمدتقی جعفری,doctors,35.7460302,51.5355829,False,eligible_for_obstacle_safe_drone_routing
facility_1984,مطب چشم پزشکی فوق تخصصی شبکیه,doctors,35.7579455,51.4439275,True,requires_special_authorization_or_ground_handoff
facility_1985,کلینیک تخصصی پوست و مو و لیزر مهرآوه,doctors,35.8057733,51.4400405,True,requires_special_authorization_or_ground_handoff
facility_1986,درمانگاه شبانه‌روزی شهید مهدوی,clinic,35.7395393,51.4752951,False,eligible_for_obstacle_safe_drone_routing
facility_1987,کلینیک زیبایی بلوط,doctors,35.6023381,51.4375391,False,eligible_for_obstacle_safe_drone_routing
facility_1988,آزمایشگاه پاتوبیولوژی عماد,laboratory,35.7234511,51.4241923,False,eligible_for_obstacle_safe_drone_routing
facility_1989,موسسه پزشکی نسل امید,clinic,35.7539352,51.4145726,False,eligible_for_obstacle_safe_drone_routing
facility_1990,بیمارستان فوق‌تخصصی چشم آفتاب,hospital,35.7573581,51.2696629,False,eligible_for_obstacle_safe_drone_routing
facility_1991,درمانگاه شبانه روزی ماهان,clinic,35.7770778,51.3557088,False,eligible_for_obstacle_safe_drone_routing
facility_1992,کلینیک فیزیوتراپی فرشته,hospital,35.7923509,51.4174712,False,eligible_for_obstacle_safe_drone_routing
facility_1993,مطب دکتر نیما رضائی پزشک زیبایی,doctors,35.7975327,51.4080924,False,eligible_for_obstacle_safe_drone_routing
facility_1994,مطب دکتر لیلا فرد ( مجموعه پوست، مو و لیزر ),doctors,35.8008787,51.4523646,False,eligible_for_obstacle_safe_drone_routing
facility_1995,درمانگاه شبانه روزی طوبی,clinic,35.6868345,51.4741015,True,requires_special_authorization_or_ground_handoff
facility_1996,درمانگاه طب الرضا,clinic,35.680151,51.4881872,True,requires_special_authorization_or_ground_handoff
facility_1997,کلینیک پایتخت,clinic,35.7576638,51.4066628,True,requires_special_authorization_or_ground_handoff
facility_1998,چشم پزشکی روشن,clinic,35.6769623,51.3601299,True,requires_special_authorization_or_ground_handoff
facility_1999,مجتمع پزشکی اقاقیا,doctors,35.748331,51.2340492,True,requires_special_authorization_or_ground_handoff
facility_2000,مرکز تصویربرداری پایتخت,clinic,35.7592015,51.4365184,True,requires_special_authorization_or_ground_handoff
facility_2001,درمانگاه و کلینیک نارون,clinic,35.6755505,51.4858456,True,requires_special_authorization_or_ground_handoff
facility_2002,دکتر سید مجتبی علوی,doctors,35.7801984,51.4605673,False,eligible_for_obstacle_safe_drone_routing
facility_2003,مرکز لیزر کندلا,doctors,35.6976774,51.3663129,True,requires_special_authorization_or_ground_handoff
facility_2004,مطب دكتر ایفا اعتصامی  متخصص پوست مو لیزر و زیبایی,doctors,35.7557854,51.4101279,False,eligible_for_obstacle_safe_drone_routing
facility_2005,دندانپزشکی دکتر نسیم خداداد,clinic,35.7269314,51.5028554,True,requires_special_authorization_or_ground_handoff
facility_2006,کلینیک نورسا,hospital,35.7836876,51.3615958,False,eligible_for_obstacle_safe_drone_routing
facility_2007,کلینیک دندانپزشکی ژاو,clinic,35.7694698,51.3644388,False,eligible_for_obstacle_safe_drone_routing
facility_2008,کلینیک تخصصی دندانپزشکی دکتر بغدادی,clinic,35.7652202,51.3585253,False,eligible_for_obstacle_safe_drone_routing
facility_2009,دکتر فرزانه گلفام,doctors,35.7798821,51.363857,False,eligible_for_obstacle_safe_drone_routing
facility_2010,کلینیک گوارش و کبد حامی,clinic,35.7319226,51.4172454,True,requires_special_authorization_or_ground_handoff
facility_2011,ماما عاطفه طاهری,doctors,35.7679033,51.4605042,True,requires_special_authorization_or_ground_handoff
facility_2012,مشاور خانواده و زوج درمانگر حمیلا بخشی,doctors,35.718112,51.414013,False,eligible_for_obstacle_safe_drone_routing
facility_2013,سلامت محور لیان,doctors,35.6557489,51.3535427,True,requires_special_authorization_or_ground_handoff
facility_2014,آزمایشگاه پزشکی,laboratory,35.6902033,51.4471556,True,requires_special_authorization_or_ground_handoff
facility_2015,مرکز آب درمانی و حرکات اصلاحی دکتر گلشنی,doctors,35.75795,51.4398935,True,requires_special_authorization_or_ground_handoff
facility_2016,کلینیک فوق تخصصی قلب جنین و کودک دکتر همتیان,doctors,35.7080148,51.3883464,False,eligible_for_obstacle_safe_drone_routing
facility_2017,دکتر علی دادرس,hospital,35.7957769,51.4422974,True,requires_special_authorization_or_ground_handoff
facility_2018,دکتر علی دادرس,hospital,35.7957976,51.4421908,True,requires_special_authorization_or_ground_handoff
facility_2019,مطب جراحی دهان فک و صورت دکتر امان اله قاسم زاده,doctors,35.7569053,51.4423271,True,requires_special_authorization_or_ground_handoff
facility_2020,درمانگاه خیریه ابا صالح,clinic,35.7898365,51.4181688,True,requires_special_authorization_or_ground_handoff
facility_2021,فیزیوتراپی غرب تهران (رئیسی),doctors,35.6745884,51.3385789,True,requires_special_authorization_or_ground_handoff
facility_2022,مرکز مشاوره تخصصی تفکر,doctors,35.7329929,51.1657487,False,eligible_for_obstacle_safe_drone_routing
facility_2023,آزمایشگاه آنلاین هلپینا,laboratory,35.7413065,51.3025815,True,requires_special_authorization_or_ground_handoff
facility_2024,آزمایشگاه تشخیص طبی تکین(نظام مافی),laboratory,35.7412614,51.3025459,True,requires_special_authorization_or_ground_handoff
facility_2025,کلینیک زیبایی دکتر صادقی,doctors,35.7142382,51.3037653,True,requires_special_authorization_or_ground_handoff
facility_2026,هوپ کلینیک,clinic,35.7627755,51.4120362,True,requires_special_authorization_or_ground_handoff
facility_2027,مطب پزشکی و خدمات زیبایی دکتر فرشاد فتحی,doctors,35.7578457,51.2247678,True,requires_special_authorization_or_ground_handoff
facility_2028,دندانپزشکی دکتر میلاد پناهگاهی,clinic,35.7459901,51.4114117,False,eligible_for_obstacle_safe_drone_routing
facility_2029,مطب دکتر نوشین پیروی,doctors,35.7550048,51.3338006,False,eligible_for_obstacle_safe_drone_routing
facility_2030,مطب چشم پزشکی دکتر سیامک مرادیان,doctors,35.7687698,51.4626628,False,eligible_for_obstacle_safe_drone_routing
facility_2031,مطب دکتر حنانه عظیمی کلینیک حنان,clinic,35.7856951,51.3734008,False,eligible_for_obstacle_safe_drone_routing
facility_2032,تغذیه و طب ورزش دکتر طالاری,doctors,35.7354618,51.4953441,True,requires_special_authorization_or_ground_handoff
facility_2033,مرکز سونوگرافی مدآل (خانم دکتر دیدار شمالی),doctors,35.7962344,51.4434487,True,requires_special_authorization_or_ground_handoff
facility_2034,دکتر علیرضا پاکدل - اورولوژیست,doctors,35.7724995,51.4375194,True,requires_special_authorization_or_ground_handoff
facility_2035,مطب دندانپزشکی آرمان,doctors,35.7712186,51.3801999,False,eligible_for_obstacle_safe_drone_routing
facility_2036,کلینیک فوق تخصصی قلب و عروق دکتر الهام هوشمند,doctors,35.7599168,51.3301688,False,eligible_for_obstacle_safe_drone_routing
facility_2037,مطب پوست و لیزردکتر محمد ابراهیم رفیعی,doctors,35.8058564,51.3997866,True,requires_special_authorization_or_ground_handoff
facility_2038,دکتر تورج واله متخصص غدد,doctors,35.7572458,51.4481783,True,requires_special_authorization_or_ground_handoff
facility_2039,مطب دکتر سلطانی متخصص زنان زایمان و نازایی,doctors,35.7381769,51.3266836,False,eligible_for_obstacle_safe_drone_routing
facility_2040,دکتر پریسا صمیمی جراح انکوپلاستیک پستان,doctors,35.7223654,51.4002907,True,requires_special_authorization_or_ground_handoff
facility_2041,مطب روان‌شناسی روان‌نما,clinic,35.7220258,51.4074989,False,eligible_for_obstacle_safe_drone_routing
facility_2042,دندانپزشکی دکتر مهدی ملائی,clinic,35.770205,51.4400899,False,eligible_for_obstacle_safe_drone_routing
facility_2043,مطب تخصصی پزشکی مشاوره پزشکی,doctors,35.7060015,51.3530834,True,requires_special_authorization_or_ground_handoff
facility_2044,آزمایشگاه دنیا,laboratory,35.7675628,51.4213982,False,eligible_for_obstacle_safe_drone_routing
facility_2045,مطب دکتر کیانیان,clinic,35.7823376,51.4144977,False,eligible_for_obstacle_safe_drone_routing
facility_2046,گفتاردرمانی و کاردرمانی آریا,clinic,35.7227929,51.3298216,True,requires_special_authorization_or_ground_handoff
facility_2047,کلینیک قلب و عروق و درمان واریس دکتر وحید دودمان,doctors,35.7786221,51.3609149,True,requires_special_authorization_or_ground_handoff
facility_2048,کلینیک جامع توانبخشی وحدت,clinic,35.7645236,51.4723225,False,eligible_for_obstacle_safe_drone_routing
facility_2049,مطب دندانپزشکی دکتر ابوالفضل صبوری,doctors,35.729699,51.4371902,False,eligible_for_obstacle_safe_drone_routing
facility_2050,مطب دکتر غزاله بزرگی نامی,doctors,35.7694177,51.4199766,False,eligible_for_obstacle_safe_drone_routing
facility_2051,دکتر فرزاد نوری  جراح  فک و صورت,doctors,35.7711253,51.4151184,False,eligible_for_obstacle_safe_drone_routing
facility_2052,کلینیک چشم پزشکی دکتر محمدرضا زرین,doctors,35.720206,51.3590484,False,eligible_for_obstacle_safe_drone_routing
facility_2053,مطب رژیم درمانی آیدا حسینی,clinic,35.7067973,51.3045671,True,requires_special_authorization_or_ground_handoff
facility_2054,شنوایی سنجی و سمعک سعادت,doctors,35.782049,51.3761101,True,requires_special_authorization_or_ground_handoff
facility_2055,مطب دکتر آیسان رحیمی نیا,doctor,35.7839881,51.3664086,False,eligible_for_obstacle_safe_drone_routing
facility_2056,مطب تخصصی کودکان دکتر اکرم نوری,doctors,35.7472996,51.4501836,False,eligible_for_obstacle_safe_drone_routing
facility_2057,مطب دندانپزشکی دکتر سمیرا سلطانپور نمین,doctors,35.7272215,51.3555251,False,eligible_for_obstacle_safe_drone_routing
facility_2058,کلینیک مشاوره و روانشناسی و روانپزشکی پیروز,clinic,35.7575909,51.4080454,False,eligible_for_obstacle_safe_drone_routing
facility_2059,دندانپزشکی دکتر زهرا حنیفه زاده,clinic,35.7069322,51.3413994,True,requires_special_authorization_or_ground_handoff
facility_2060,دکترمسعودحیدری جراح پلاستیک و زیبایی,doctors,35.7821107,51.3856663,False,eligible_for_obstacle_safe_drone_routing
facility_2061,مطب دکتر سمانه حاتمی فوق تخصص روماتولوژی,doctors,35.7216718,51.330103,True,requires_special_authorization_or_ground_handoff
facility_2062,مطب دکتر سعید سجادی,doctors,35.7651064,51.4384094,False,eligible_for_obstacle_safe_drone_routing
facility_2063,مطب پوست و مو دکتر زریان جعفری,doctors,35.7056753,51.3679943,True,requires_special_authorization_or_ground_handoff
facility_2064,کلینیک فیزیوتراپی یونیک پاور,doctors,35.7482867,51.3354207,False,eligible_for_obstacle_safe_drone_routing
facility_2065,مطب دکتر جواهری,clinic,35.7217234,51.3422491,True,requires_special_authorization_or_ground_handoff
facility_2066,درمانگاه تخصصی ولیعصر عج,clinic,35.6828667,51.3871566,False,eligible_for_obstacle_safe_drone_routing
facility_2067,مطب دکتر زهرا حسینی نژاد اعصاب کودکان,doctors,35.7583161,51.4471532,True,requires_special_authorization_or_ground_handoff
facility_2068,مطب دکتر حسن هشیار متخصص اورولوژی,doctors,35.7743334,51.3570246,False,eligible_for_obstacle_safe_drone_routing
facility_2069,کلینیک ترک اعتیاد اعتماد,clinic,35.8021581,51.4340619,True,requires_special_authorization_or_ground_handoff
facility_2070,مطب دکتر عباس محمودی قرا متخصص اعصاب و روان (روانپزشک),doctors,35.7580883,51.4139924,True,requires_special_authorization_or_ground_handoff
facility_2071,دکتر علیرضا پیمان‌فر,doctors,35.7704562,51.4400396,False,eligible_for_obstacle_safe_drone_routing
facility_2072,دکتر الهام عبدی,doctors,35.7704548,51.4400617,False,eligible_for_obstacle_safe_drone_routing
facility_2073,مرکز لیزر و زیبایی دکترعمرانی,doctors,35.7824535,51.3767846,False,eligible_for_obstacle_safe_drone_routing
facility_2074,کلینیک روان شناسی و مشاوره دکتر شبنم مقتدری,clinic,35.7728769,51.4382671,True,requires_special_authorization_or_ground_handoff
facility_2075,دکتر وحید قدری | روان‌شناس,doctors,35.7109204,51.3059532,True,requires_special_authorization_or_ground_handoff
facility_2076,فیزیوتراپی زعفرانیه,hospital,35.7986371,51.4138193,False,eligible_for_obstacle_safe_drone_routing
facility_2077,کلینیک زر,clinic,35.7677167,51.4763534,True,requires_special_authorization_or_ground_handoff
facility_2078,کلینیک لیزر مو زائد و زیبایی آیرین,doctors,35.7692832,51.4770717,False,eligible_for_obstacle_safe_drone_routing
facility_2079,کلینیک دکتر زرگنج فرد,clinic,35.7677363,51.4763016,True,requires_special_authorization_or_ground_handoff
facility_2080,دکتر زهرا پناهی متخصص زنان و زایمان,doctors,35.777927,51.3603015,True,requires_special_authorization_or_ground_handoff
facility_2081,مطب دکتر پرستوسهیل فوق تخصص نازایی,doctors,35.7247552,51.3267496,True,requires_special_authorization_or_ground_handoff
facility_2082,دکتر مسعود صابری | جراح مغز و اعصاب,doctors,35.7860122,51.4263174,False,eligible_for_obstacle_safe_drone_routing
facility_2083,دندانپزشکی دیجتال و ایمپلنت دکتر رضا بهرامی,doctors,35.7565123,51.3985854,False,eligible_for_obstacle_safe_drone_routing
facility_2084,مطب دندانپزشکی دکتر فوزیه رضایی,doctors,35.711015,51.4027277,False,eligible_for_obstacle_safe_drone_routing
facility_2085,مطب دکتر فریبا نصیری متخصص زنان,doctors,35.7646515,51.2894306,True,requires_special_authorization_or_ground_handoff
facility_2086,مطب کایروپراکتیک دکتر رستگار آریا,doctors,35.816887,51.4805238,False,eligible_for_obstacle_safe_drone_routing
facility_2087,مطب پوست و مو دکتر امیدرضا خدادادی,doctors,35.6345417,51.3797198,True,requires_special_authorization_or_ground_handoff
facility_2088,مجموعه آر تی ام اس دکتر ذاکری iran.rtms,clinic,35.7653664,51.4411533,False,eligible_for_obstacle_safe_drone_routing
facility_2089,دکتر فاطمه علیزادگانی  روان درمانگر,doctors,35.7584102,51.4116205,True,requires_special_authorization_or_ground_handoff
facility_2090,آزمایشگاه کودکان ایران,laboratory,35.758245,51.4471591,True,requires_special_authorization_or_ground_handoff
facility_2091,دکتر سامه کشاورزیان | دندانپزشک زیبایی,hospital,35.7643708,51.4596663,False,eligible_for_obstacle_safe_drone_routing
facility_2092,فیزیوتراپی آنیا,hospital,35.7465606,51.233741,True,requires_special_authorization_or_ground_handoff
facility_2093,کلینیک دکتر محمد گلشنی,doctors,35.8053731,51.4612834,False,eligible_for_obstacle_safe_drone_routing
facility_2094,مطب ارتوپدی دکتر شایان توابی,doctors,35.7873675,51.3838136,False,eligible_for_obstacle_safe_drone_routing
facility_2095,کلینیک زیبایی دکتر علی رحمانی,doctors,35.7750472,51.3770586,True,requires_special_authorization_or_ground_handoff
facility_2096,ساختمان پزشکان فوق تخصصی سینا,doctors,35.7680356,51.4170533,False,eligible_for_obstacle_safe_drone_routing
facility_2097,صبا سلیلی مشاور تغذیه و رژیم درمانی | مرکز مانترا,clinic,35.7652831,51.4188299,True,requires_special_authorization_or_ground_handoff
facility_2098,مطب دکتر اسماعیل محبوبی متخصص اعصاب و روان - روانپزشک,clinic,35.7588059,51.4137548,False,eligible_for_obstacle_safe_drone_routing
facility_2099,مرکز فوق تخصصی گوارش و کبد دکتر خیاطیان,doctors,35.7163806,51.4028837,True,requires_special_authorization_or_ground_handoff
facility_2100,مطب دکتر سبز,doctors,35.7953358,51.3963518,False,eligible_for_obstacle_safe_drone_routing
facility_2101,کلینیک زیبایی محیا,clinic,35.6322542,51.3749846,False,eligible_for_obstacle_safe_drone_routing
facility_2102,کلینیک پوست و مو آی نور,clinic,35.6345465,51.3795792,True,requires_special_authorization_or_ground_handoff
facility_2103,کلینیک پوست و زیبایی الیزه,clinic,35.7828938,51.3760561,False,eligible_for_obstacle_safe_drone_routing
facility_2104,مطب  دکتر سینا امینی زاده,doctors,35.7594642,51.410019,True,requires_special_authorization_or_ground_handoff
facility_2105,مطب دکتر سهیلا انصاری پور,doctors,35.7684355,51.291862,False,eligible_for_obstacle_safe_drone_routing
facility_2106,کلینیک دندانپزشکی دکتر آیین آقایی,clinic,35.5911299,51.438928,False,eligible_for_obstacle_safe_drone_routing
facility_2107,دندانپزشکی دکتر حبیبی,clinic,35.7743423,51.4906199,False,eligible_for_obstacle_safe_drone_routing
facility_2108,مطب تخصصى جراحى لثه و ايمپلنت دكتر وطنى,doctors,35.7704054,51.4640613,False,eligible_for_obstacle_safe_drone_routing
facility_2109,کلینیک روانشناختی دی,doctors,35.7606277,51.4334601,True,requires_special_authorization_or_ground_handoff
facility_2110,مطب دکتر مانی قربان زاده,doctors,35.7585015,51.3622923,False,eligible_for_obstacle_safe_drone_routing
facility_2111,مطب دکتر آریا رضایی,doctors,35.7854068,51.4274877,False,eligible_for_obstacle_safe_drone_routing
facility_2112,مرکز ماساژ تخصصی بانوان امیدشفا,clinic,35.6865385,51.3604175,True,requires_special_authorization_or_ground_handoff
facility_2113,مطب دکتر سعید‌رضا انتظاری,doctors,35.7704095,51.3629788,False,eligible_for_obstacle_safe_drone_routing
facility_2114,دکتر لیلا اصغری فوق تخصص غدد,doctors,35.7401333,51.405224,False,eligible_for_obstacle_safe_drone_routing
facility_2115,دکتر سیف اله همت,doctors,35.8013113,51.4597939,False,eligible_for_obstacle_safe_drone_routing
facility_2116,مطب دکتر شکیبا محبی تبار,doctors,35.75398,51.3959571,False,eligible_for_obstacle_safe_drone_routing
facility_2117,درمانگاه مرکزی شهران,clinic,35.7584517,51.289557,False,eligible_for_obstacle_safe_drone_routing
facility_2118,مطب فيزيوتراپي و ليزرتراپي ١٢١,doctors,35.7096885,51.3735777,False,eligible_for_obstacle_safe_drone_routing
facility_2119,مطب دکتر محبوبه رهنما,doctors,35.8088939,51.4152947,False,eligible_for_obstacle_safe_drone_routing
facility_2120,فیزیوتراپی فاطیما,doctors,35.6901837,51.4589397,True,requires_special_authorization_or_ground_handoff
facility_2121,دکتر مریم خدادوست,doctors,35.7275779,51.3788251,False,eligible_for_obstacle_safe_drone_routing
facility_2122,مطب دندانپزشکی دکتر اميرحسين هادیان,doctors,35.6923222,51.4799503,True,requires_special_authorization_or_ground_handoff
facility_2123,کلینیک پزشکی دکتر شاهین سیف الو زخم,doctors,35.7675702,51.356757,False,eligible_for_obstacle_safe_drone_routing
facility_2124,کلینیک واریس دکتر ناصر جلیلی فر,clinic,35.5906978,51.4393288,True,requires_special_authorization_or_ground_handoff
facility_2125,فیزیوتراپی توان گستر نوین,clinic,35.7271723,51.375066,False,eligible_for_obstacle_safe_drone_routing
facility_2126,مطب دکتر شاهرخ عطاریان,doctors,35.7251162,51.4260108,True,requires_special_authorization_or_ground_handoff
facility_2127,مطب دکتر محبوبه کریمی جراح گوش و حلق  و بینی,doctors,35.782083,51.3764251,True,requires_special_authorization_or_ground_handoff
facility_2128,کلینیک تخصصی قلب و عروق ایران زمین,clinic,35.705742,51.3901072,False,eligible_for_obstacle_safe_drone_routing
facility_2129,مطب دکتر آزاده مولوی مقدم,doctors,35.7756942,51.3660311,False,eligible_for_obstacle_safe_drone_routing
facility_2130,كلينيك ارتوپدى دكتر محمد ربانى,clinic,35.6603485,51.3938083,False,eligible_for_obstacle_safe_drone_routing
facility_2131,دکتر حدیث یگانه فرد متخصص بیماری های دهان و زیبایی,doctors,35.756464,51.4495714,False,eligible_for_obstacle_safe_drone_routing
facility_2132,دکتر علیرضا تسلیمی متخصص جراحی لثه,doctors,35.756452,51.4495249,False,eligible_for_obstacle_safe_drone_routing
facility_2133,مطب دكتر علي ناظري روانپزشك,doctors,35.7618898,51.4453519,True,requires_special_authorization_or_ground_handoff
facility_2134,دکتر محمد آزادگان متخصص کودکان و نوزادان,doctors,35.7387403,51.1332345,False,eligible_for_obstacle_safe_drone_routing
facility_2135,دندانپزشکی دکتر فرهاد مهردادی,clinic,35.769226,51.3598066,False,eligible_for_obstacle_safe_drone_routing
facility_2136,کلینیک روانشناسی و مشاوره آسنا,doctors,35.756746,51.3929947,False,eligible_for_obstacle_safe_drone_routing
facility_2137,دکتر علی زینلی متخصص جراحی مغز و اعصاب,doctors,35.7238837,51.4231747,False,eligible_for_obstacle_safe_drone_routing
facility_2138,مطب دکتر مهران جمالی,doctors,35.7807219,51.4642456,True,requires_special_authorization_or_ground_handoff
facility_2139,کلینیک ارتوپدی و ارتوپدفنی نویان,doctors,35.7342598,51.3542897,False,eligible_for_obstacle_safe_drone_routing
facility_2140,دندانپزشکی دکتر کامران عزیزی,doctors,35.7032486,51.438859,True,requires_special_authorization_or_ground_handoff
facility_2141,مطب دکتر مطهری (پیرایه),doctors,35.7723957,51.4373222,True,requires_special_authorization_or_ground_handoff
facility_2142,تغذیه و رژیم درمانی پرنیان قربانپور,doctors,35.7381139,51.3055872,True,requires_special_authorization_or_ground_handoff
facility_2143,دکتر منصور عظمتی,clinic,35.7580052,51.4144545,False,eligible_for_obstacle_safe_drone_routing
facility_2144,کلینیک ترک اعتیاد شمیم زندگی,doctors,35.6927231,51.4803146,True,requires_special_authorization_or_ground_handoff
facility_2145,مرکز گوش و شنوایی غرب تهران,doctors,35.724164,51.3293461,True,requires_special_authorization_or_ground_handoff
facility_2146,مطب دکتر کامران دلیر,doctors,35.7697674,51.3591402,False,eligible_for_obstacle_safe_drone_routing
facility_2147,مطب مامایی لیلا شجاع,clinic,35.7383117,51.5582018,False,eligible_for_obstacle_safe_drone_routing
facility_2148,دکتر سارا بدخش ، متخصص پوست ، مو و زیبایی,doctors,35.7958298,51.4477125,True,requires_special_authorization_or_ground_handoff
facility_2149,رقیه عزیززاده کارشناس مامایی,doctors,35.628372,51.3561075,False,eligible_for_obstacle_safe_drone_routing
facility_2150,دکتر امیرپاشا ابراهیمی,doctors,35.7477037,51.4125878,True,requires_special_authorization_or_ground_handoff
facility_2151,دکتر امیرحسین خیراندیش جراحی عمومی,doctors,35.7761134,51.365739,False,eligible_for_obstacle_safe_drone_routing
facility_2152,کلینیک زیبایی دکتر مهتاب امینی,clinic,35.7246421,51.4188411,True,requires_special_authorization_or_ground_handoff
facility_2153,کلینیک ارزیابی شنوایی و سمعک نگین,doctors,35.7052575,51.4035209,True,requires_special_authorization_or_ground_handoff
facility_2154,مطب دکتر سمیه حجازی نیا,doctors,35.7800091,51.4487781,False,eligible_for_obstacle_safe_drone_routing
facility_2155,دکتر ندا پژوهی  - دکتر لیپ,doctors,35.7105663,51.4081985,False,eligible_for_obstacle_safe_drone_routing
facility_2156,دکتر سمیرا عبدالهی مقدم متخصص زنان و زایمان,doctors,35.775494,51.3642478,False,eligible_for_obstacle_safe_drone_routing
facility_2157,مطب دکتر نسرین یزدانی,doctors,35.7475028,51.4119355,True,requires_special_authorization_or_ground_handoff
facility_2158,مرکز مشاوره و روانشناسی بینش فردی,doctors,35.7604491,51.4313388,True,requires_special_authorization_or_ground_handoff
facility_2159,مطب چشم پزشکی دکتر باقرصاد,doctors,35.7357832,51.4064548,True,requires_special_authorization_or_ground_handoff
facility_2160,کلینیک فیزیوتراپی و لیزر درمانی معینی,clinic,35.7583552,51.4103953,True,requires_special_authorization_or_ground_handoff
facility_2161,دکتر رحمت اله آزادی متخصص و جراح استخوان و مفاصل,doctors,35.7417091,51.5333096,False,eligible_for_obstacle_safe_drone_routing
facility_2162,دکتر محمودرضا اشرفی,doctors,35.7042051,51.383244,False,eligible_for_obstacle_safe_drone_routing
facility_2163,دكتر شهرام محمدى ميرى,doctors,35.7594686,51.4422544,False,eligible_for_obstacle_safe_drone_routing
facility_2164,مرکز تخصصی شنوایی و سمعک آرامش قلهک,doctors,35.7722561,51.4371701,True,requires_special_authorization_or_ground_handoff
facility_2165,دفتر روانشناسی حال خوش روانشناس مریم عالمی,doctors,35.7389786,51.5320068,False,eligible_for_obstacle_safe_drone_routing
facility_2166,دکتر مهشید طالبی,doctors,35.7681929,51.4744463,False,eligible_for_obstacle_safe_drone_routing
facility_2167,مطب دکتر حسین حاجی عباسی,doctors,35.7747039,51.4134902,False,eligible_for_obstacle_safe_drone_routing
facility_2168,دکتر عزیزاله یوسفی فوق تخصص گوارش,doctors,35.7085198,51.3852179,False,eligible_for_obstacle_safe_drone_routing
facility_2169,مطب دکتر زهراسادات سبزپوشان,doctors,35.7812506,51.3701904,False,eligible_for_obstacle_safe_drone_routing
facility_2170,دندانپزشکی زهره شعبه جیحون,hospital,35.6869123,51.364972,True,requires_special_authorization_or_ground_handoff
facility_2171,کلینیک زیبایی دکتر معروفی,clinic,35.7702484,51.361975,False,eligible_for_obstacle_safe_drone_routing
facility_2172,دکتر رامین نوری نیا فوق تخصص شبکیه,doctors,35.7703834,51.4640348,False,eligible_for_obstacle_safe_drone_routing
facility_2173,دکتر علی ابراهیمی فوق تخصص جراحی پلاستیک,doctors,35.7563044,51.3941456,False,eligible_for_obstacle_safe_drone_routing
facility_2174,دفتر مشاوره و روانشناسی «کیمیای جان و خرد »,doctors,35.7242713,51.4166238,False,eligible_for_obstacle_safe_drone_routing
facility_2175,مطب دكترمريم السادات تهرانی فوق تخصص ریه,clinic,35.7271054,51.3708018,False,eligible_for_obstacle_safe_drone_routing
facility_2176,کلینیک ارتوپدی فنی نبض حرکت,clinic,35.7616837,51.4440944,True,requires_special_authorization_or_ground_handoff
facility_2177,دکتر فرهاد مرادی فوق تخصص گوارش و کبد,clinic,35.726268,51.3238746,False,eligible_for_obstacle_safe_drone_routing
facility_2178,موسسه فیزیوتراپی خلیج فارس,doctors,35.674014,51.2663215,True,requires_special_authorization_or_ground_handoff
facility_2179,کلینیک درد و توانبخشی سدار,doctors,35.8009681,51.4527443,False,eligible_for_obstacle_safe_drone_routing
facility_2180,کاردرمانی پیشگام,doctors,35.7248937,51.3828175,False,eligible_for_obstacle_safe_drone_routing
facility_2181,دکتر باقر احمدپور,doctors,35.6817075,51.4911637,True,requires_special_authorization_or_ground_handoff
facility_2182,پردیس مارال دکتر مالکی دکتر تیمور زاده,clinic,35.7706041,51.3723257,False,eligible_for_obstacle_safe_drone_routing
facility_2183,مرکز تصویربرداری پزشکی نگاه رسا طب,doctors,35.6658937,51.4432448,True,requires_special_authorization_or_ground_handoff
facility_2184,مطب معاینات پزشکی متقاضیان گواهینامه (دکترموذن و دکترنادری),clinic,35.7595963,51.4375577,True,requires_special_authorization_or_ground_handoff
facility_2185,دندانپزشکی nagoya,clinic,35.7282046,51.4939794,True,requires_special_authorization_or_ground_handoff
facility_2186,مرکز تصویر برداری جام‌جم,doctors,35.7697352,51.4119423,False,eligible_for_obstacle_safe_drone_routing
facility_2187,کلینیک زیبایی و درمان بیماری های پوستی دکتر پارسا شیری,clinic,35.7363398,51.4424064,False,eligible_for_obstacle_safe_drone_routing
facility_2188,دکتر شیرین کاویانپور متخصص  بیماریهای زنان و زایمان,doctors,35.8120724,51.4496944,False,eligible_for_obstacle_safe_drone_routing
facility_2189,خانه لیزر سعادت آباد شعبه دریا,clinic,35.7706477,51.3744944,False,eligible_for_obstacle_safe_drone_routing
facility_2190,خانه لیزر سعادت آباد شعبه سرو,clinic,35.7799827,51.3648638,False,eligible_for_obstacle_safe_drone_routing
facility_2191,مطب زیبایی دکتر رکسانا احسانی پور,doctors,35.7829062,51.4478241,False,eligible_for_obstacle_safe_drone_routing
facility_2192,کمپ ترک اعتیاداوای رهایی,doctors,35.8093299,51.5134796,False,eligible_for_obstacle_safe_drone_routing
facility_2193,دکتر هاله رحمان پور زنجانی,doctors,35.7986169,51.4332637,True,requires_special_authorization_or_ground_handoff
facility_2194,مطب دکتر دهقانی زاده,doctors,35.6896653,51.4511309,True,requires_special_authorization_or_ground_handoff
facility_2195,مطب دکتر مریم تزنگ/متخصص رادیوانکولوژی,doctors,35.7008923,51.3810245,False,eligible_for_obstacle_safe_drone_routing
facility_2196,کلینیک زیبایی دکتر علی اکبری,doctors,35.775607,51.3661494,False,eligible_for_obstacle_safe_drone_routing
facility_2197,شایا بیوتی تراپیست,doctors,35.806242,51.440988,True,requires_special_authorization_or_ground_handoff
facility_2198,مطب دکتر پیمان صدری,doctors,35.7665878,51.4137575,False,eligible_for_obstacle_safe_drone_routing
facility_2199,مطب دکتر سعید امیری پویا متخصص قلب و عروق,doctors,35.7596969,51.4448126,True,requires_special_authorization_or_ground_handoff
facility_2200,مطب دکتر رضا ساریخانی,doctors,35.802113,51.434006,True,requires_special_authorization_or_ground_handoff
facility_2201,مرکز خدمات روانشناسی و مشاوره مهرا,clinic,35.7611526,51.4460402,True,requires_special_authorization_or_ground_handoff
facility_2202,مطب دکتر مصطفی بهپور اسکویی,doctors,35.6906256,51.4647793,True,requires_special_authorization_or_ground_handoff
facility_2203,ریمالند,clinic,35.730166,51.348554,False,eligible_for_obstacle_safe_drone_routing
facility_2204,کلینیک شنوایی و تعادل و سمعک فرمانیه,clinic,35.7990052,51.4725885,False,eligible_for_obstacle_safe_drone_routing
facility_2205,دکتر وقردوست,doctors,35.7589604,51.4138976,False,eligible_for_obstacle_safe_drone_routing
facility_2206,مطب دکتر شیوا جوادیان,doctors,35.7947035,51.4350596,True,requires_special_authorization_or_ground_handoff
facility_2207,آزمایشگاه گلچهره قیطریه,laboratory,35.7958905,51.442628,True,requires_special_authorization_or_ground_handoff
facility_2208,کلینیک تخصصی قلب و عروق تهران,clinic,35.7773392,51.413955,True,requires_special_authorization_or_ground_handoff
facility_2209,کلینیک دکتر بهنوش زینلی زاده,clinic,35.8030497,51.4733027,True,requires_special_authorization_or_ground_handoff
facility_2210,مطب دکتر رضا راست منش,doctors,35.7799669,51.4492648,False,eligible_for_obstacle_safe_drone_routing
facility_2211,روان‌شناس و مشاور، حمیده حیدری,clinic,35.724125,51.4356098,False,eligible_for_obstacle_safe_drone_routing
facility_2212,مطب دندانپزشکی دکتر بهرام عوض ابادیان,clinic,35.7781741,51.3610859,True,requires_special_authorization_or_ground_handoff
facility_2213,مطب پزشکی ارغوان,doctors,35.7163368,51.3430986,True,requires_special_authorization_or_ground_handoff
facility_2214,مطب دندانپزشکی سیب,clinic,35.7881581,51.424003,False,eligible_for_obstacle_safe_drone_routing
facility_2215,مطب تخصصی دندانپزشکی دکتر مهدیه نظرآهاری,doctors,35.7813769,51.4663928,True,requires_special_authorization_or_ground_handoff
facility_2216,مرکز مشاوره و کلینیک مادر و کودک دانشگاه شهید بهشتی,clinic,35.7143277,51.3152857,True,requires_special_authorization_or_ground_handoff
facility_2217,مطب دکترمحمدحسین طاهریان,doctors,35.759824,51.4061433,False,eligible_for_obstacle_safe_drone_routing
facility_2218,مرکز مشاوره مونس,clinic,35.7060893,51.4630431,True,requires_special_authorization_or_ground_handoff
facility_2219,مطب دکتر سید ارسلان خسروی,doctors,35.726577,51.4172193,True,requires_special_authorization_or_ground_handoff
facility_2220,آزمایشگاه پادتن ژن آزما,laboratory,35.7001626,51.390179,True,requires_special_authorization_or_ground_handoff
facility_2221,کلینیک راز دکتر رضا امیرزرگر متخصص جراحی فک، صورت و زیبایی,doctors,35.8023747,51.4306148,False,eligible_for_obstacle_safe_drone_routing
facility_2222,دکتر بیتا هرمز جراح زنان و زایمان,doctors,35.7697719,51.3129659,False,eligible_for_obstacle_safe_drone_routing
facility_2223,کلینیک رومینا,clinic,35.7337633,51.5041539,False,eligible_for_obstacle_safe_drone_routing
facility_2224,پوست و مو زیبایی دکتر علیخانی,clinic,35.7238042,51.4072451,False,eligible_for_obstacle_safe_drone_routing
facility_2225,کلینیک روانشناسی آوادان مهر,clinic,35.7071413,51.3763786,True,requires_special_authorization_or_ground_handoff
facility_2226,مرکز کاردرمانی پرواز,doctors,35.6869908,51.4768191,True,requires_special_authorization_or_ground_handoff
facility_2227,دکتر خشایار سنجری,doctors,35.7584421,51.3617244,False,eligible_for_obstacle_safe_drone_routing
facility_2228,فيزيوتراپي كيان پارس,doctors,35.730133,51.5273482,False,eligible_for_obstacle_safe_drone_routing
facility_2229,کلینیک تخصصی سونوگرافی دکتر دلیری,doctors,35.6574055,51.3727147,False,eligible_for_obstacle_safe_drone_routing
facility_2230,کلینیک دکتر سحرناز سجادیان,doctors,35.7584296,51.3620348,False,eligible_for_obstacle_safe_drone_routing
facility_2231,مطب دکتر مرتضی حسن‌زاده فوق تخصص گوارش و کبد,doctors,35.7664736,51.4425913,False,eligible_for_obstacle_safe_drone_routing
facility_2232,دندانپزشکی و دندانسازی ویتادنت رحمانی فرد,clinic,35.6951129,51.4774665,True,requires_special_authorization_or_ground_handoff
facility_2233,درمانگاه شبانه روزی دکتر نوتاش,doctors,35.7267036,51.3202554,False,eligible_for_obstacle_safe_drone_routing
facility_2234,کلینیک نازایی نوید,clinic,35.7675809,51.3725937,False,eligible_for_obstacle_safe_drone_routing
facility_2235,درمانگاه شبانه روزی ایران زمین,clinic,35.7056071,51.3902334,False,eligible_for_obstacle_safe_drone_routing
facility_2236,مطب دندانپزشكى كودكان دكتر مژده بقايی,doctors,35.775312,51.4637914,False,eligible_for_obstacle_safe_drone_routing
facility_2237,مطب سیدحسین حسنپور اونجی,doctors,35.7390945,51.5313798,False,eligible_for_obstacle_safe_drone_routing
facility_2238,دکتر فرانک محبیان پوست لیزر زیبایی,doctors,35.7553263,51.2397966,True,requires_special_authorization_or_ground_handoff
facility_2239,مطب دکتر عبدالرضا نوروزی متخصص تغذیه,clinic,35.7280466,51.4269452,False,eligible_for_obstacle_safe_drone_routing
facility_2240,مطب دکتر جوراستی فرد,doctors,35.7421561,51.4112156,False,eligible_for_obstacle_safe_drone_routing
facility_2241,مطب دکتر امیر بابک رحیمی,doctors,35.7243129,51.3839552,False,eligible_for_obstacle_safe_drone_routing
facility_2242,مرکز دندانپزشکی دکتر مریم سالارکیا,clinic,35.7265432,51.5226334,False,eligible_for_obstacle_safe_drone_routing
facility_2243,دکتر طسام | doctortesam,doctors,35.7166702,51.3896487,True,requires_special_authorization_or_ground_handoff
facility_2244,بیمارستان محک ،کودکان سرطانی,hospital,35.8113149,51.5044509,False,eligible_for_obstacle_safe_drone_routing
facility_2245,Maryam Beauty & Care Clinic,clinic,35.7648296,51.441583,False,eligible_for_obstacle_safe_drone_routing
facility_2246,دکتر کامران هداوند جراح چاقی و لاپاراسکوپی,doctors,35.7487869,51.4095856,False,eligible_for_obstacle_safe_drone_routing
facility_2247,دکتر ماندانا خسروآرا پزشک متخصص پوست مو زیبایی لیزر,clinic,35.7779378,51.3599296,True,requires_special_authorization_or_ground_handoff
facility_2248,دکتر یونس روحانی | جراح مغز و ستون فقرات,doctors,35.7970028,51.4336663,True,requires_special_authorization_or_ground_handoff
facility_2249,شعبه مرکزی دندانپزشکی سرو,clinic,35.7854332,51.4408382,False,eligible_for_obstacle_safe_drone_routing
facility_2250,دکتر فاطمه خوشدل  روانشناس و هیپنوتراپیست,doctors,35.7812101,51.3614178,False,eligible_for_obstacle_safe_drone_routing
facility_2251,مطب دکتر پیمان پورموسوی,doctors,35.7437959,51.4049171,True,requires_special_authorization_or_ground_handoff
facility_2252,درمانگاه تامین اجتماعی شهیدنیکپور,hospital,35.6673003,51.4462252,False,eligible_for_obstacle_safe_drone_routing
facility_2253,دکتر محمدرضا عباسی فوق تخصص کبد و گوارش,hospital,35.7566875,51.3949434,False,eligible_for_obstacle_safe_drone_routing
facility_2254,محمدرضا عباسی فوق تخصص گوارش,hospital,35.7567132,51.3948691,False,eligible_for_obstacle_safe_drone_routing
facility_2255,کلینیک رادین,doctors,35.7204973,51.4880342,True,requires_special_authorization_or_ground_handoff
facility_2256,دکتر عطیه بهمن متخصص زنان و زایمان,doctors,35.7566301,51.3948426,False,eligible_for_obstacle_safe_drone_routing
facility_2257,دکتر ماریا مرادی,doctors,35.7583358,51.4109841,True,requires_special_authorization_or_ground_handoff
facility_2258,کلینیک زیبایی سپند,doctors,35.7764444,51.3646735,False,eligible_for_obstacle_safe_drone_routing
facility_2259,کلینیک دندانپزشکی سرو قیطریه (شعبه مرکز),clinic,35.7856193,51.4408794,False,eligible_for_obstacle_safe_drone_routing
facility_2260,دکتر الهام اسلامی متخصص کلیه و‌مجاری ادراری,doctors,35.7816375,51.3729077,False,eligible_for_obstacle_safe_drone_routing
facility_2261,مرکز سلامت سوین,clinic,35.7579978,51.2248115,True,requires_special_authorization_or_ground_handoff
facility_2262,آزمایشگاه بهراد,doctors,35.7320791,51.333687,True,requires_special_authorization_or_ground_handoff
facility_2263,دندانپزشکی زهره(شعبه خزانه),hospital,35.6430185,51.4209797,True,requires_special_authorization_or_ground_handoff
facility_2264,مطب دکتر مروجی فر فلوشیپ انژیوپلاستی,doctors,35.7236824,51.4055778,True,requires_special_authorization_or_ground_handoff
facility_2265,مطب پوست و زیبایی و لیزر دکتر قدیرزاده,doctors,35.6684925,51.444231,False,eligible_for_obstacle_safe_drone_routing
facility_2266,مطب دندانپزشکی دکتر فرشاد صدر,doctors,35.8119444,51.464061,False,eligible_for_obstacle_safe_drone_routing
facility_2267,بیمارستان مادران,hospital,35.7300893,51.4337373,False,eligible_for_obstacle_safe_drone_routing
facility_2268,مطب دکتر بابک میرزاشاهی,doctors,35.7585015,51.3618564,False,eligible_for_obstacle_safe_drone_routing
facility_2269,کلینیک قلب و عروق دکتر مهشید حاجی علی,doctors,35.7246759,51.4189424,True,requires_special_authorization_or_ground_handoff
facility_2270,مطب پزشکی جراحی مغز و اعصاب,doctors,35.7712899,51.3777733,False,eligible_for_obstacle_safe_drone_routing
facility_2271,مطب دکتر سید فرنوش مدنی گاوگانی,doctors,35.7922112,51.4532791,False,eligible_for_obstacle_safe_drone_routing
facility_2272,دکتر کامبیز هرمان مقدم,doctors,35.7405821,51.4053941,True,requires_special_authorization_or_ground_handoff
facility_2273,کلینیک پوست و مو و زیبایی دکتر دمشقی,clinic,35.7382096,51.3107734,False,eligible_for_obstacle_safe_drone_routing
facility_2274,درمانگاه شبانه روزی سروش,clinic,35.707879,51.365383,True,requires_special_authorization_or_ground_handoff
facility_2275,پزشك فوق تخصص جراح سرطان سينه دکتر على حجت,doctors,35.7818029,51.3735593,False,eligible_for_obstacle_safe_drone_routing
facility_2276,دندانپزشکی دکتر پورفرید,doctors,35.770234,51.4223143,False,eligible_for_obstacle_safe_drone_routing
facility_2277,مطب زنان و زایمان دکتر آرزو صفری فر,doctors,35.7269624,51.5271608,False,eligible_for_obstacle_safe_drone_routing
facility_2278,مطب دکتر نجمه باقرحسینی,clinic,35.780009,51.4493705,False,eligible_for_obstacle_safe_drone_routing
facility_2279,دکتر مسعودی متخصص پوست مو زیبایی لیزر,doctors,35.7307968,51.378516,False,eligible_for_obstacle_safe_drone_routing
facility_2280,مطب مشاوره دکتر الهام ابراهیمی,doctors,35.7550481,51.3039642,True,requires_special_authorization_or_ground_handoff
facility_2281,مطب دکتر مهرناز چاوشی حسینی,doctors,35.7711645,51.3831282,False,eligible_for_obstacle_safe_drone_routing
facility_2282,مرکز بینایی سنجی و عینک تابان,clinic,35.7436117,51.404969,True,requires_special_authorization_or_ground_handoff
facility_2283,مراقبت پوست و مو مریم شریفی,doctors,35.8064942,51.4713167,True,requires_special_authorization_or_ground_handoff
facility_2284,خدمات روان شناسی اعظم السادات سیدصالح,clinic,35.7225073,51.3475232,True,requires_special_authorization_or_ground_handoff
facility_2285,بینایی سنجی و عینک سازی سایه اکباتان,clinic,35.7081988,51.3158566,True,requires_special_authorization_or_ground_handoff
facility_2286,مطب دکتر پرویز چگینی,doctors,35.742072,51.4103264,False,eligible_for_obstacle_safe_drone_routing
facility_2287,پزشک متخصص زنان و زایمان سارا میرزاجانی,doctors,35.7551048,51.303915,True,requires_special_authorization_or_ground_handoff
facility_2288,دکتر حاتمی کلینیک تخصصی آرمان الهیه,doctors,35.794933,51.4820096,False,eligible_for_obstacle_safe_drone_routing
facility_2289,کلینیک ارتوپدی بهین,doctors,35.801418,51.4794511,False,eligible_for_obstacle_safe_drone_routing
facility_2290,متخصص زنان و زایمان دکتر مریم نادری فر,doctors,35.7808045,51.4631841,False,eligible_for_obstacle_safe_drone_routing
facility_2291,مطب دکتر سادات,doctors,35.7630631,51.4506956,False,eligible_for_obstacle_safe_drone_routing
facility_2292,ازمایشگاه تخصصی پاتوبیولوژی رها,laboratory,35.7404676,51.5326425,False,eligible_for_obstacle_safe_drone_routing
facility_2293,دکتر مینا مویدنیا فوق تخصص رشد و غدد,doctors,35.7095299,51.4302445,True,requires_special_authorization_or_ground_handoff
facility_2294,دکتر زهره کریمی متخصص زنان فلوشیپ پریناتولوژی,doctors,35.7135902,51.3685318,False,eligible_for_obstacle_safe_drone_routing
facility_2295,فوق تخصص بیماری های ریوی و اسم ‌آلرژی دکتر زحمتکش,doctors,35.7664634,51.4428401,False,eligible_for_obstacle_safe_drone_routing
facility_2296,مطب روانشناسی دکتر مریم باباخانی,doctors,35.7338578,51.4397718,False,eligible_for_obstacle_safe_drone_routing
facility_2297,مرکز طب سنتی دکتر آزما,doctors,35.6906478,51.3701655,True,requires_special_authorization_or_ground_handoff
facility_2298,دکتر حسن موسوی روانشناس هیپنوتراپیست,doctors,35.7324417,51.4988739,True,requires_special_authorization_or_ground_handoff
facility_2299,کلینیک زیبایی نوریا,doctors,35.6933887,51.447486,True,requires_special_authorization_or_ground_handoff
facility_2300,کلینیک پرسیس,doctors,35.7677056,51.3568871,False,eligible_for_obstacle_safe_drone_routing
facility_2301,مطب دکتر وازریک تروسیان,doctors,35.7241563,51.4166049,False,eligible_for_obstacle_safe_drone_routing
facility_2302,مطب دکتر نگین سازمند,doctors,35.7678948,51.4602837,True,requires_special_authorization_or_ground_handoff
facility_2303,مطب لیزر پوست و مو هفت تیر,clinic,35.7197645,51.4254264,False,eligible_for_obstacle_safe_drone_routing
facility_2304,دکتر محمد باقر فتاحی جراح پلاستیک بینی,doctors,35.7390653,51.4151084,True,requires_special_authorization_or_ground_handoff
facility_2305,دکتر آمنه لاهوتی . فلوشیپ ناباروری و آی وی اف,doctors,35.7478481,51.4017191,False,eligible_for_obstacle_safe_drone_routing
facility_2306,مرکز روانشناسی داروش,clinic,35.7919761,51.4772355,True,requires_special_authorization_or_ground_handoff
facility_2307,مطب دکتر ملیحه عرب,doctors,35.7581469,51.361812,False,eligible_for_obstacle_safe_drone_routing
facility_2308,کلینیک درمانی زیبایی روناک,clinic,35.758523,51.4108436,True,requires_special_authorization_or_ground_handoff
facility_2309,دکتر سعید شیرنگی,doctors,35.7728542,51.3635009,False,eligible_for_obstacle_safe_drone_routing
facility_2310,مطب عروق و واریس دکتر احمد صادقپور,doctors,35.7236389,51.4121685,False,eligible_for_obstacle_safe_drone_routing
facility_2311,روان درمانگر تحلیلی مجتبی خانپور,doctors,35.7596493,51.4370442,True,requires_special_authorization_or_ground_handoff
facility_2312,دکتر مهرداد جعفری فشارکی متخصص قلب,doctors,35.7679646,51.4605801,True,requires_special_authorization_or_ground_handoff
facility_2313,کلینیک صدیق,hospital,35.770173,51.3750103,False,eligible_for_obstacle_safe_drone_routing
facility_2314,متخصص پوست دکتر سیامک داودی,doctors,35.7323814,51.4324273,False,eligible_for_obstacle_safe_drone_routing
facility_2315,فیزیوتراپی بیمارستان توس,clinic,35.7243269,51.414477,False,eligible_for_obstacle_safe_drone_routing
facility_2316,مطب پوست مو دکتر مژگان نیکان تبار,doctors,35.7278438,51.3882431,True,requires_special_authorization_or_ground_handoff
facility_2317,کلینیک نجوا,clinic,35.7250756,51.4260144,True,requires_special_authorization_or_ground_handoff
facility_2318,سونوگرافی و رادیولوژی نیاوران,clinic,35.811789,51.4653822,False,eligible_for_obstacle_safe_drone_routing
facility_2319,مطب دکتر فراهینی متخصص ارتوپدی، فلوشیپ جراحی زانو,doctors,35.7566552,51.4103936,False,eligible_for_obstacle_safe_drone_routing
facility_2320,فیزیوتراپی شفاگستر,doctors,35.7585383,51.353088,False,eligible_for_obstacle_safe_drone_routing
facility_2321,کلینیک زیبایی دیورا,doctors,35.7992333,51.4271648,True,requires_special_authorization_or_ground_handoff
facility_2322,هیرمن اسپا,doctors,35.7824874,51.3730942,False,eligible_for_obstacle_safe_drone_routing
facility_2323,کلینیک اندومتریوز,clinic,35.799899,51.4504197,False,eligible_for_obstacle_safe_drone_routing
facility_2324,مطب پوست و مو و زیبایی دکتر سیمین ایرانپور,doctors,35.7538874,51.461621,False,eligible_for_obstacle_safe_drone_routing
facility_2325,کلینیک مهرافرا,clinic,35.7676291,51.3552043,False,eligible_for_obstacle_safe_drone_routing
facility_2326,زالو درمانی مهری,clinic,35.6694728,51.2992548,True,requires_special_authorization_or_ground_handoff
facility_2327,مطب دكتر آرزو آستركی,doctors,35.7637468,51.4454638,False,eligible_for_obstacle_safe_drone_routing
facility_2328,کلینیک سوان,clinic,35.8019458,51.4536991,False,eligible_for_obstacle_safe_drone_routing
facility_2329,کلینیک تخصصی پوست ومو نوین همسا,hospital,35.7904554,51.4758076,True,requires_special_authorization_or_ground_handoff
facility_2330,دفتر مشاوره و روانشناسی ماه تاب,clinic,35.7637092,51.4453887,False,eligible_for_obstacle_safe_drone_routing
facility_2331,پارس کلینیک,doctors,35.745702,51.4116245,False,eligible_for_obstacle_safe_drone_routing
facility_2332,آزمایشگاه آنلاین نمونت,laboratory,35.6952184,51.3750528,False,eligible_for_obstacle_safe_drone_routing
facility_2333,کلینیک سرنا شعبه زعفرانیه,doctors,35.8078176,51.4192964,False,eligible_for_obstacle_safe_drone_routing
facility_2334,کلینیک سرنا شعبه اقدسیه,doctors,35.8004465,51.4826114,True,requires_special_authorization_or_ground_handoff
facility_2335,دکتر آرش جهانشاهی,doctors,35.7957586,51.4423836,True,requires_special_authorization_or_ground_handoff
facility_2336,دکتر سمانه شیبانی,doctors,35.7957825,51.4423805,True,requires_special_authorization_or_ground_handoff
facility_2337,مطب دکتر کمال کوچک زاده,doctors,35.7239442,51.4232288,False,eligible_for_obstacle_safe_drone_routing
facility_2338,کلینیک روانشناسی دکتر بهرامی,doctors,35.7647904,51.4189484,True,requires_special_authorization_or_ground_handoff
facility_2339,مطب دکتر پورمتعبد ( فوق تخصص غدد اطفال),clinic,35.7171578,51.3949588,True,requires_special_authorization_or_ground_handoff
facility_2340,unnamed,clinic,35.7050966,51.4021428,True,requires_special_authorization_or_ground_handoff
facility_2341,رادیولوژی و سونوگرافی دولت,doctors,35.7793088,51.4448965,False,eligible_for_obstacle_safe_drone_routing
facility_2342,مطب دکتر کتایون قویمی متخصص زنان وزیبایی,doctors,35.7817152,51.3736084,False,eligible_for_obstacle_safe_drone_routing
facility_2343,سونوگرافی ماموگرافی و تراکم استخوان دریا,clinic,35.7709947,51.3663409,False,eligible_for_obstacle_safe_drone_routing
facility_2344,کلینیک قلب دکتر آرسیس احمدیه,clinic,35.758237,51.3619024,False,eligible_for_obstacle_safe_drone_routing
facility_2345,مطب دکتر سید فرامرز مدنی,doctors,35.783891,51.4541579,False,eligible_for_obstacle_safe_drone_routing
facility_2346,دکترحسین صالحی فوق تخصص اعصاب روان کودک نوجوان,doctors,35.7797703,51.4492933,False,eligible_for_obstacle_safe_drone_routing
facility_2347,آزمایشگاه پاتوبیولوژی ونک,doctors,35.7578421,51.4125542,True,requires_special_authorization_or_ground_handoff
facility_2348,آتیناطب,doctors,35.7516953,51.2862573,False,eligible_for_obstacle_safe_drone_routing
facility_2349,وانیا مطب دکتر ایین فرد,doctors,35.7620493,51.417446,False,eligible_for_obstacle_safe_drone_routing
facility_2350,آزمایشگاه فوق تخصصی ماندگار,laboratory,35.7583624,51.4471135,True,requires_special_authorization_or_ground_handoff
facility_2351,کلینیک پوست مو دکتر هدیه دهقانپور,doctors,35.7828767,51.3753602,False,eligible_for_obstacle_safe_drone_routing
facility_2352,کلینیک زیبایی آفتاب,clinic,35.7440294,51.5285088,False,eligible_for_obstacle_safe_drone_routing
facility_2353,مطب دکتر فاطمه رحمانی,doctors,35.7459842,51.2628222,True,requires_special_authorization_or_ground_handoff
facility_2354,کلینیک تغذیه قائم آل احمد,clinic,35.6767054,51.4906272,True,requires_special_authorization_or_ground_handoff
facility_2355,مرکز مشاوره و روانشناسی دکتر نسرین دیناروند,doctors,35.603716,51.4282088,True,requires_special_authorization_or_ground_handoff
facility_2356,کلینیک زیبایی دکتر ریحانه احمدخانی,doctors,35.8013346,51.4182397,False,eligible_for_obstacle_safe_drone_routing
facility_2357,مشاوره روانشناسی مانداکلینیک,clinic,35.7242235,51.4216995,False,eligible_for_obstacle_safe_drone_routing
facility_2358,مجتمع دندانپزشکان بامداد مهر,hospital,35.6998563,51.3269311,True,requires_special_authorization_or_ground_handoff
facility_2359,کلینیک قلب دکتر احسان سخاوتی مقدم,clinic,35.6571212,51.3689619,False,eligible_for_obstacle_safe_drone_routing
facility_2360,مطب دکتر لیلا خیاطی زنوزی,doctors,35.7551289,51.4127928,True,requires_special_authorization_or_ground_handoff
facility_2361,آزمایشگاه پاتوبیولوژی ستاره ونک,doctors,35.7586794,51.4131438,False,eligible_for_obstacle_safe_drone_routing
facility_2362,کلینیک روان شناسی ابران دکتر متین چهارراهی,doctors,35.7813537,51.3656572,False,eligible_for_obstacle_safe_drone_routing
facility_2363,مرکز تصویربرداری پزشکی بیمارستان ساسان,doctors,35.7108729,51.4024799,False,eligible_for_obstacle_safe_drone_routing
facility_2364,مطب جراحی پلاستیک دکتر محمدرضا فره وش,doctors,35.7686576,51.4198251,False,eligible_for_obstacle_safe_drone_routing
facility_2365,unnamed,hospital,35.77879748769659,51.3168809606812,False,eligible_for_obstacle_safe_drone_routing
facility_2366,بیمارستان بعثت نهاجا,hospital,35.6797395808427,51.497175776257095,True,requires_special_authorization_or_ground_handoff
facility_2367,بیمارستان لقمان حکیم,hospital,35.6800987467563,51.38802381669221,False,eligible_for_obstacle_safe_drone_routing
facility_2368,بیمارستان فیروزگر,hospital,35.70940659260182,51.40993278052033,False,eligible_for_obstacle_safe_drone_routing
facility_2369,بیمارستان نجمیه,hospital,35.694248209008045,51.41089261654355,False,eligible_for_obstacle_safe_drone_routing
facility_2370,بیمارستان پیامبران,hospital,35.7346140316582,51.32795962754648,False,eligible_for_obstacle_safe_drone_routing
facility_2371,بیمارستان میلاد,hospital,35.745475549849495,51.381265706837816,False,eligible_for_obstacle_safe_drone_routing
facility_2372,بیمارستان فوق تخصصی گلستان نداجا,hospital,35.77247553641362,51.47205729222173,False,eligible_for_obstacle_safe_drone_routing
facility_2373,بیمارستان امام حسین(ع),hospital,35.706218792773406,51.45213506927868,True,requires_special_authorization_or_ground_handoff
facility_2374,پلی‌کلینیک ۱۶ آذر,clinic,35.7023761935295,51.39321449727668,False,eligible_for_obstacle_safe_drone_routing
facility_2375,بیمارستان لاله,hospital,35.75254658921903,51.360438415151485,False,eligible_for_obstacle_safe_drone_routing
facility_2376,بیمارستان خاتم الانبیاء,hospital,35.76994451747533,51.40783098675363,False,eligible_for_obstacle_safe_drone_routing
facility_2377,بیمارستان ولیعصر(عج)فراجا,hospital,35.76800529028534,51.409646315389224,False,eligible_for_obstacle_safe_drone_routing
facility_2378,unnamed,hospital,35.77615633705908,51.365481840157955,False,eligible_for_obstacle_safe_drone_routing
facility_2379,بیمارستان فوق تخصصی محک,hospital,35.811401641099124,51.504554595970696,False,eligible_for_obstacle_safe_drone_routing
facility_2380,بیمارستان بانک ملی ایران,hospital,35.693192171434546,51.41776927739244,False,eligible_for_obstacle_safe_drone_routing
facility_2381,مجتمع بیمارستانی امام خمینی,hospital,35.70806365164816,51.38111814750734,False,eligible_for_obstacle_safe_drone_routing
facility_2382,بیمارستان شهید چمران,hospital,35.793769653631266,51.487587766500624,False,eligible_for_obstacle_safe_drone_routing
facility_2383,بیمارستان فیروزآبادی,hospital,35.5946473534632,51.4364007057721,False,eligible_for_obstacle_safe_drone_routing
facility_2384,بیمارستان شهید مدرس,hospital,35.78768534172641,51.37214117600367,False,eligible_for_obstacle_safe_drone_routing
facility_2385,بیمارستان بهمن,hospital,35.76563893333334,51.380566733333325,False,eligible_for_obstacle_safe_drone_routing
facility_2386,بیمارستان پارسیان,hospital,35.78406081396584,51.38262413940386,False,eligible_for_obstacle_safe_drone_routing
facility_2387,بیمارستان بوعلی,hospital,35.702567881911705,51.45622513521173,True,requires_special_authorization_or_ground_handoff
facility_2388,کلینیک زیبایی پریس,clinic,35.78176245735173,51.44898450314894,False,eligible_for_obstacle_safe_drone_routing
facility_2389,کلینیک جامع اعصاب و روان آتیه,clinic,35.761089603590875,51.411936899745285,False,eligible_for_obstacle_safe_drone_routing
facility_2390,مرکز درمانی زهرا همایون,clinic,35.70656688370966,51.43892573651522,True,requires_special_authorization_or_ground_handoff
facility_2391,مرکز بهداشت جواد ائمه,clinic,35.729473075812635,51.18036955584649,True,requires_special_authorization_or_ground_handoff
facility_2392,بیمارستان آتیه,hospital,35.76533379380745,51.361571935217846,False,eligible_for_obstacle_safe_drone_routing
facility_2393,بیمارستان و زایشگاه پاسارگاد,hospital,35.705857386917415,51.43271229495176,True,requires_special_authorization_or_ground_handoff
facility_2394,بیمارستان جرجانی,hospital,35.70498606612958,51.455046079221304,True,requires_special_authorization_or_ground_handoff
facility_2395,بیمارستان فوق تخصصی صارم,hospital,35.71462577042414,51.311200635427674,True,requires_special_authorization_or_ground_handoff
facility_2396,بیمارستان شهدای تجریش,hospital,35.806545963330485,51.43266299493435,True,requires_special_authorization_or_ground_handoff
facility_2397,درمانگاه صاحب کوثر شبانه روزی,clinic,35.69747368145174,51.265107321935425,True,requires_special_authorization_or_ground_handoff
facility_2398,بیمارستان ۵۰۲ ارتش,hospital,35.7080531646325,51.428856930195735,True,requires_special_authorization_or_ground_handoff
facility_2399,بیمارستان روزبه (تخصصی اعصاب و روان),hospital,35.67914056133216,51.392927334778555,True,requires_special_authorization_or_ground_handoff
facility_2400,بیمارستان رازی تخصصی پوست,hospital,35.67167816659596,51.40881368082343,False,eligible_for_obstacle_safe_drone_routing
facility_2401,پژوهشگاه رویان /سلول‌های بنیادی و درمان ناباروری,clinic,35.75562119856446,51.46780948236336,False,eligible_for_obstacle_safe_drone_routing
facility_2402,بیمارستان امام رضا / ۵۰۱ ارتش,hospital,35.71717123256889,51.382763118507214,False,eligible_for_obstacle_safe_drone_routing
facility_2403,درمانگاه آل یاسین,clinic,35.70701763218829,51.34135550660742,True,requires_special_authorization_or_ground_handoff
facility_2404,بیمارستان هدایت,hospital,35.771405001643274,51.44918313085175,False,eligible_for_obstacle_safe_drone_routing
facility_2405,درمانگاه تخصصی شهید سلیمانی,clinic,35.6012954945779,51.43803007649925,False,eligible_for_obstacle_safe_drone_routing
facility_2406,بیمارستان رسالت,hospital,35.74227563237589,51.449007150883816,False,eligible_for_obstacle_safe_drone_routing
facility_2407,unnamed,clinic,35.73402471979589,51.18658470341949,False,eligible_for_obstacle_safe_drone_routing
facility_2408,شرکت فناوری بن‌یاخته‌های رویان,clinic,35.7547937,51.46746285,False,eligible_for_obstacle_safe_drone_routing
facility_2409,بیمارستان الغدیر,hospital,35.746290686478986,51.50026253988185,False,eligible_for_obstacle_safe_drone_routing
facility_2410,درمانگاه خیریه آل رسول,clinic,35.73853723813362,51.51269642168293,False,eligible_for_obstacle_safe_drone_routing
facility_2411,کلینیک جراحی گلبرگ تهرانپارس,clinic,35.72668747296569,51.52440122648918,True,requires_special_authorization_or_ground_handoff
facility_2412,مرکز فوق تخصصی آموزشی،درمانی جراحی ترمیمی و پلاستیک حضرت فاطمه(س),hospital,35.730696649960635,51.40832868660717,False,eligible_for_obstacle_safe_drone_routing
facility_2413,unnamed,clinic,35.75602586666666,51.34553605607816,False,eligible_for_obstacle_safe_drone_routing
facility_2414,درمانگاه قدس,clinic,35.75651603577076,51.343897118664366,False,eligible_for_obstacle_safe_drone_routing
facility_2415,بیمارستان موقوفه نور افشار,hospital,35.81976963532377,51.47336099397057,False,eligible_for_obstacle_safe_drone_routing
facility_2416,بیمارستان بهارلو,hospital,35.660842748098005,51.39377315511017,False,eligible_for_obstacle_safe_drone_routing
facility_2417,مرکز پزشکی شهید شوریده,hospital,35.69094552900639,51.39861539101909,False,eligible_for_obstacle_safe_drone_routing
facility_2418,بیمارستان خانواده ارتش,hospital,35.71352100269116,51.44218636210039,True,requires_special_authorization_or_ground_handoff
facility_2419,بیمارستان هاجر,hospital,35.72742805174455,51.412468329597935,True,requires_special_authorization_or_ground_handoff
facility_2420,بیمارستان آیت ا...طالقانی(ره),hospital,35.7995552883252,51.401830814935245,False,eligible_for_obstacle_safe_drone_routing
facility_2421,بیمارستان دی,hospital,35.74797976267451,51.41114199800173,True,requires_special_authorization_or_ground_handoff
facility_2422,بیمارستان هاشمی نژاد,hospital,35.76097772648726,51.41081925332956,False,eligible_for_obstacle_safe_drone_routing
facility_2424,بیمارستان مصطفی خمینی,hospital,35.707968635997354,51.401012887404235,False,eligible_for_obstacle_safe_drone_routing
facility_2425,بیمارستان آریا,hospital,35.70859468199018,51.397700970272226,False,eligible_for_obstacle_safe_drone_routing
facility_2426,بیمارستان قلب شهید رجایی,hospital,35.7744647050968,51.41079074422836,False,eligible_for_obstacle_safe_drone_routing
facility_2427,بیمارستان کودکان شهید محمدحسین فهمیده,hospital,35.66855680154027,51.38256121738889,False,eligible_for_obstacle_safe_drone_routing
facility_2428,بیمارستان علوم مغز و اعصاب ایران,hospital,35.762785945566904,51.21040426339155,True,requires_special_authorization_or_ground_handoff
facility_2429,بیمارستان پارسا,hospital,35.66508127495397,51.39868138201043,False,eligible_for_obstacle_safe_drone_routing
facility_2430,بیمارستان امیرالمؤمنین,hospital,35.64252827451385,51.39399311378828,False,eligible_for_obstacle_safe_drone_routing
facility_2431,بیمارستان مفرح,hospital,35.633758795170195,51.39690848401241,False,eligible_for_obstacle_safe_drone_routing
facility_2432,بیمارستان دکتر شریعتی,hospital,35.721264909552374,51.38617942264705,False,eligible_for_obstacle_safe_drone_routing
facility_2433,بیمارستان رسول اکرم,hospital,35.71942322526295,51.37017024617875,False,eligible_for_obstacle_safe_drone_routing
facility_2434,بیمارستان شهریار,hospital,35.69909611845369,51.366606960397185,True,requires_special_authorization_or_ground_handoff
facility_2435,بیمارستان آزادی,hospital,35.69692254700704,51.35695327109592,True,requires_special_authorization_or_ground_handoff
facility_2436,بیمارستان روانپزشکی میمنت,hospital,35.696243357852794,51.3568478091978,True,requires_special_authorization_or_ground_handoff
facility_2437,بیمارستان بابک,hospital,35.69544310677873,51.36638771234979,True,requires_special_authorization_or_ground_handoff
facility_2438,بیمارستان شهید لبافی نژاد,hospital,35.76747170241719,51.46274123706512,False,eligible_for_obstacle_safe_drone_routing
facility_2439,بیمارستان سیدالشهدا,hospital,35.67744096188939,51.416539176695295,False,eligible_for_obstacle_safe_drone_routing
facility_2440,بیمارستان و درمانگاه فوق تخصصی مرکز درمانی ضیائیان,hospital,35.6574963632079,51.3591024836112,False,eligible_for_obstacle_safe_drone_routing
facility_2441,کلینیک فوق تخصصی چشم نگاه,clinic,35.75240279999999,51.447464200000006,False,eligible_for_obstacle_safe_drone_routing
facility_2442,بیمارستان کودکان حضرت علی اصغر,hospital,35.767388599236256,51.42599559885438,False,eligible_for_obstacle_safe_drone_routing
facility_2443,بیمارستان چشم پزشکی نور,hospital,35.771254291470136,51.41270629673146,False,eligible_for_obstacle_safe_drone_routing
facility_2444,پلی کلینیک تخصصی قدس شریف,clinic,35.71018073764895,51.47473763252439,True,requires_special_authorization_or_ground_handoff
facility_2445,بیمارستان فیاض بخش,hospital,35.67566589690457,51.26147414940759,True,requires_special_authorization_or_ground_handoff
facility_2446,بیمارستان ۱۵ خرداد,hospital,35.7126642473036,51.41317996397649,False,eligible_for_obstacle_safe_drone_routing
facility_2447,کلینیک شهید احمدی,clinic,35.64313365336125,51.360237237597566,False,eligible_for_obstacle_safe_drone_routing
facility_2448,آزمایشگاه مرکزی شهر ری,laboratory,35.591848979943975,51.440895142252515,True,requires_special_authorization_or_ground_handoff
facility_2449,ساختمان پزشکان شهران,clinic,35.751616150000004,51.28812429999999,False,eligible_for_obstacle_safe_drone_routing
facility_2451,بیمارستان خیریه حضرت صدیقه زهرا,hospital,35.62361591768826,51.45670554364307,False,eligible_for_obstacle_safe_drone_routing
facility_2452,بیمارستان شهدای هفتم تیر,hospital,35.59235505574908,51.4187684691661,False,eligible_for_obstacle_safe_drone_routing
facility_2453,بیمارستان صدر (به آفرین),hospital,35.708645833544416,51.410690749674565,False,eligible_for_obstacle_safe_drone_routing
facility_2454,بیمارستان اختر,hospital,35.78916811875211,51.43173163130067,False,eligible_for_obstacle_safe_drone_routing
facility_2455,بیمارستان مسیح دانشوری,hospital,35.81594950803027,51.49672981488967,False,eligible_for_obstacle_safe_drone_routing
facility_2456,بیمارستان شهید باهنر,hospital,35.813265315046394,51.464555030335156,False,eligible_for_obstacle_safe_drone_routing
facility_2457,بیمارستان ایرانمهر,hospital,35.76773849477151,51.44228390189033,True,requires_special_authorization_or_ground_handoff
facility_2458,بیمارستان کیان,hospital,35.76732989999999,51.4414233,True,requires_special_authorization_or_ground_handoff
facility_2459,بیمارستان تهرانپارس,hospital,35.74244617197873,51.53309527047815,False,eligible_for_obstacle_safe_drone_routing
facility_2460,بیمارستان جامع بانوان آرش,hospital,35.73346055959012,51.52084234038495,True,requires_special_authorization_or_ground_handoff
facility_2461,بیمارستان قمر بنی هاشم,hospital,35.7415352,51.45584650000001,False,eligible_for_obstacle_safe_drone_routing
facility_2462,بیمارستان آراد,hospital,35.70542102135476,51.42988520634802,True,requires_special_authorization_or_ground_handoff
facility_2463,بیمارستان ایرانشهر,hospital,35.70908633122526,51.43310444790989,True,requires_special_authorization_or_ground_handoff
facility_2464,بیمارستان پاستور نو,hospital,35.73202900933657,51.41735197703504,True,requires_special_authorization_or_ground_handoff
facility_2465,بیمارستان کودکان بهرامی,hospital,35.71052418043942,51.46742105017489,True,requires_special_authorization_or_ground_handoff
facility_2466,بیمارستان آبان,hospital,35.71160515,51.412494900000006,False,eligible_for_obstacle_safe_drone_routing
facility_2467,بیمارستان آسیا,hospital,35.7296169,51.4183253,True,requires_special_authorization_or_ground_handoff
facility_2468,بیمارستان البرز,hospital,35.70262338083166,51.4000556039005,False,eligible_for_obstacle_safe_drone_routing
facility_2469,بیمارستان تهران,hospital,35.71776742623962,51.41954038617773,False,eligible_for_obstacle_safe_drone_routing
facility_2470,بیمارستان توس,hospital,35.72456255,51.41470565,False,eligible_for_obstacle_safe_drone_routing
facility_2471,بیمارستان قلب جماران,hospital,35.81741520754744,51.458245014889414,True,requires_special_authorization_or_ground_handoff
facility_2472,بیمارستان کسری,hospital,35.73924368762191,51.41534295940728,False,eligible_for_obstacle_safe_drone_routing
facility_2473,بیمارستان کودکان تهران,hospital,35.70626122632644,51.40721820437941,False,eligible_for_obstacle_safe_drone_routing
facility_2474,بیمارستان مرکز طبی کودکان,hospital,35.70617228684331,51.38242821657499,False,eligible_for_obstacle_safe_drone_routing
facility_2475,بیمارستان مهر,hospital,35.71583757901156,51.402497299478505,True,requires_special_authorization_or_ground_handoff
facility_2476,بیمارستان مهراد,hospital,35.726625475730785,51.42613706423678,True,requires_special_authorization_or_ground_handoff
facility_2477,بیمارستان تهران کلینیک,hospital,35.72584237453486,51.41813653582141,False,eligible_for_obstacle_safe_drone_routing
facility_2478,بیمارستان اقبال,hospital,35.6957983858734,51.37581210070735,False,eligible_for_obstacle_safe_drone_routing
facility_2479,بیمارستان مروستی,hospital,35.696971816481174,51.41160727335035,False,eligible_for_obstacle_safe_drone_routing
facility_2480,بیمارستان عیوض زاده (سورنا),hospital,35.692038241332874,51.4066617199091,False,eligible_for_obstacle_safe_drone_routing
facility_2481,بیمارستان باهر,hospital,35.69210445,51.40590275,False,eligible_for_obstacle_safe_drone_routing
facility_2482,بیمارستان مدائن,hospital,35.69912693280963,51.40346466563746,False,eligible_for_obstacle_safe_drone_routing
facility_2483,بیمارستان سوم شعبان,hospital,35.67213699820132,51.44074241736898,False,eligible_for_obstacle_safe_drone_routing
facility_2484,بیمارستان شفا یحیائیان,hospital,35.69175887796819,51.43779993325389,True,requires_special_authorization_or_ground_handoff
facility_2485,بیمارستان دکترمعیری,hospital,35.692897628286126,51.436497182154255,True,requires_special_authorization_or_ground_handoff
facility_2486,بیمارستان ولی عصر عج,hospital,35.656070474735884,51.42178188592777,False,eligible_for_obstacle_safe_drone_routing
facility_2487,بیمارستان آیت‌الله اشرفی اصفهانی,hospital,35.66841310292529,51.42779842243231,False,eligible_for_obstacle_safe_drone_routing
facility_2488,بیمارستان بازرگانان,hospital,35.67494359824437,51.43934349357105,True,requires_special_authorization_or_ground_handoff
facility_2489,بیمارستان طرفه,hospital,35.69594507985541,51.4345575621157,True,requires_special_authorization_or_ground_handoff
facility_2490,بیمارستان مهدیه,hospital,35.65208185,51.43457965,False,eligible_for_obstacle_safe_drone_routing
facility_2491,درمانگاه سبز شهر,hospital,35.69729802039756,51.42898121422785,True,requires_special_authorization_or_ground_handoff
facility_2492,بیمارستان فجر,hospital,35.69309725017984,51.46528906257727,True,requires_special_authorization_or_ground_handoff
facility_2493,بیمارستان مردم,hospital,35.68036425782128,51.45714112180096,True,requires_special_authorization_or_ground_handoff
facility_2494,بیمارستان شهدای گمنام,hospital,35.663099948909434,51.44980174432981,True,requires_special_authorization_or_ground_handoff
facility_2495,بیمارستان آیت الله کاشانی,hospital,35.64000321341102,51.42071993479835,False,eligible_for_obstacle_safe_drone_routing
facility_2496,بیمارستان شریعت رضوی,hospital,35.67555179687789,51.32875048032429,True,requires_special_authorization_or_ground_handoff
facility_2497,بیمارستان شهدای یافت آباد,hospital,35.643895900000004,51.310445099999995,False,eligible_for_obstacle_safe_drone_routing
facility_2498,بیمارستان غیاثی,hospital,35.655564551292414,51.34056629970684,True,requires_special_authorization_or_ground_handoff
facility_2499,بیمارستان روانپزشکی ایران /نواب صفوی,hospital,35.713233675013754,51.256237611608405,True,requires_special_authorization_or_ground_handoff
facility_2500,بیمارستان ایرانیان,hospital,35.747919806819844,51.2630203969565,True,requires_special_authorization_or_ground_handoff
facility_2501,بیمارستان انصاری,hospital,35.72100578223335,51.48846321725665,True,requires_special_authorization_or_ground_handoff
facility_2502,بیمارستان ۵۰۵ ارتش,hospital,35.81126145179736,51.49880918509783,False,eligible_for_obstacle_safe_drone_routing
facility_2503,درمانگاه شبانه‌روزی شهرداری منطقه ۵ تهران,clinic,35.7262037785664,51.33406706183815,True,requires_special_authorization_or_ground_handoff
facility_2504,مجتمع پزشکی حضرت فاطمه الزهرا,hospital,35.5907888791854,51.4264785290974,False,eligible_for_obstacle_safe_drone_routing
facility_2506,بیمارستان فرمانیه,hospital,35.79892992558839,51.47272184309982,False,eligible_for_obstacle_safe_drone_routing
facility_2507,بیمارستان نیکان,hospital,35.799862815719734,51.48959542781405,False,eligible_for_obstacle_safe_drone_routing
facility_2508,کلینیک آذر,clinic,35.74224042171103,51.411067967502056,False,eligible_for_obstacle_safe_drone_routing
facility_2509,بیمارستان کودکان مفید,hospital,35.75844421625644,51.44621165913928,True,requires_special_authorization_or_ground_handoff
facility_2510,درمانگاه شفا,clinic,35.7107293544822,51.50880506136551,True,requires_special_authorization_or_ground_handoff
facility_2511,آزمایشگاه پارسا,laboratory,35.649100350000005,51.3923505,False,eligible_for_obstacle_safe_drone_routing
facility_2512,درمانگاههای تخصصی بیمارستان لبافی نژاد,hospital,35.76808885449289,51.45863565397578,True,requires_special_authorization_or_ground_handoff
facility_2513,درمانگاه شبانه‌روزی یاس,hospital,35.63380147765345,51.413563736577125,False,eligible_for_obstacle_safe_drone_routing
facility_2514,درمانگاه,clinic,35.650478270149236,51.45882930752094,False,eligible_for_obstacle_safe_drone_routing
facility_2515,بیمارستان آرمان,hospital,35.77117165155566,51.39639970773047,False,eligible_for_obstacle_safe_drone_routing
facility_2516,درمانگاه حضرت فاطمه س,clinic,35.64896282030152,51.483349753348904,False,eligible_for_obstacle_safe_drone_routing
facility_2518,آزمایشگاه منجی,laboratory,35.69061896766121,51.46483667785836,True,requires_special_authorization_or_ground_handoff
facility_2519,آزمایشگاه پزشکی,laboratory,35.68547993950583,51.467586675369375,True,requires_special_authorization_or_ground_handoff
facility_2520,آزمایشگاه پزشکی,laboratory,35.68592677349899,51.467215453440865,True,requires_special_authorization_or_ground_handoff
facility_2521,بیمارستان دکتر سپیر,hospital,35.67860522861339,51.43105330811553,False,eligible_for_obstacle_safe_drone_routing
facility_2522,درمانگاه شبانه روزی دادمهر,clinic,35.684669852533226,51.48260030893382,True,requires_special_authorization_or_ground_handoff
facility_2523,بیمارستان محب مهر,hospital,35.761384647433395,51.41046677807172,False,eligible_for_obstacle_safe_drone_routing
facility_2524,بیمارستان یاس سپید,hospital,35.71039485,51.3977157,False,eligible_for_obstacle_safe_drone_routing
facility_2525,آزمایشگاه دکتر خرازی,laboratory,35.691975000000006,51.48305715,True,requires_special_authorization_or_ground_handoff
facility_2526,آزمایشگاه پزشکی,laboratory,35.68015533881782,51.47988373432377,True,requires_special_authorization_or_ground_handoff
facility_2528,unnamed,hospital,35.65873633489825,51.41118810820441,False,eligible_for_obstacle_safe_drone_routing
facility_2529,بیمارستان شرکت نفت,hospital,35.69089906953537,51.413110649493106,True,requires_special_authorization_or_ground_handoff
facility_2530,آزمایشگاه پزشکی,laboratory,35.6973421,51.41557125,False,eligible_for_obstacle_safe_drone_routing
facility_2531,درمانگاه شهرداری,clinic,35.74295907139992,51.19066713311302,True,requires_special_authorization_or_ground_handoff
facility_2532,درمانگاه شبانه‌روزی عمار,clinic,35.70951221929531,51.36942600455286,True,requires_special_authorization_or_ground_handoff
facility_2533,مطب دکتر شیوا فارغ بال,doctors,35.70807922983866,51.36860224117179,True,requires_special_authorization_or_ground_handoff
facility_2534,درمانگاه شبانه‌روزی بهگر,clinic,35.70080519043634,51.365403196252146,True,requires_special_authorization_or_ground_handoff
facility_2535,درمانگاه,clinic,35.724867149999994,51.37333215,False,eligible_for_obstacle_safe_drone_routing
facility_2536,مرکز توانبخشی سکته مغزی تبسم,clinic,35.710062937292626,51.37740226965103,False,eligible_for_obstacle_safe_drone_routing
facility_2537,آزمایشگاه,laboratory,35.66834842949254,51.424887134347266,False,eligible_for_obstacle_safe_drone_routing
facility_2538,بیمارستان امیراعلم,hospital,35.699891429316175,51.42531103813039,False,eligible_for_obstacle_safe_drone_routing
facility_2539,ساختمان پزشکان توحید,doctors,35.70151012594534,51.3775905219018,True,requires_special_authorization_or_ground_handoff
facility_2540,درمانگاه خیریه امام علی(ع),clinic,35.68251481040685,51.43804847656784,True,requires_special_authorization_or_ground_handoff
facility_2541,بیمارستان لولاگر,hospital,35.69454492048214,51.37300888764809,True,requires_special_authorization_or_ground_handoff
facility_2542,درمانگاه حصار بوعلی,clinic,35.809978855422614,51.466232976790835,False,eligible_for_obstacle_safe_drone_routing
facility_2543,درمانگاه شهرستانی,clinic,35.71249809969151,51.44643092654075,True,requires_special_authorization_or_ground_handoff
facility_2544,کلینیک ثالث,clinic,35.66762374925828,51.40468816983349,False,eligible_for_obstacle_safe_drone_routing
facility_2545,پلی کلینیک کریم تهرانسر,clinic,35.69232113428374,51.247421489583466,True,requires_special_authorization_or_ground_handoff
facility_2546,مرکز بهداشت و درمان صداوسیما,clinic,35.744740400000005,51.411229850000005,False,eligible_for_obstacle_safe_drone_routing
facility_2547,درمانگاه تخصصی طوس,clinic,35.67798247479634,51.39310978512945,True,requires_special_authorization_or_ground_handoff
facility_2548,unnamed,clinic,35.68701700303756,51.38189922305086,False,eligible_for_obstacle_safe_drone_routing
facility_2549,درمانگاه,clinic,35.66209734354112,51.38350466000143,False,eligible_for_obstacle_safe_drone_routing
facility_2550,درمانگاه شبانه روزی استخر,clinic,35.66749968643308,51.38982789391015,True,requires_special_authorization_or_ground_handoff
facility_2551,درمانگاه,clinic,35.66458698826552,51.391427966974334,False,eligible_for_obstacle_safe_drone_routing
facility_2552,ساختمان پزشکان شفا,clinic,35.74896145456871,51.47185905914414,False,eligible_for_obstacle_safe_drone_routing
facility_2553,درمانگاه تخصصی اعصاب سهروردی,clinic,35.737777458776264,51.44272881773677,False,eligible_for_obstacle_safe_drone_routing
facility_2554,مرکزجراحی مادر,clinic,35.72101901803409,51.48788635945672,True,requires_special_authorization_or_ground_handoff
facility_2555,درمانگاه خیریه علوی,clinic,35.680409979170165,51.405619486499496,False,eligible_for_obstacle_safe_drone_routing
facility_2556,کلینیک شبانه روزی سعادت آباد,clinic,35.78309294093386,51.3773894241091,False,eligible_for_obstacle_safe_drone_routing
facility_2557,درمانگاه قصرفیروزه,clinic,35.65249865007006,51.49987329141405,False,eligible_for_obstacle_safe_drone_routing
facility_2558,کلینیک تخصصی خانواده و کودک,clinic,35.79592421585347,51.3963018887824,False,eligible_for_obstacle_safe_drone_routing
facility_2559,درمانگاه,clinic,35.79925483121262,51.3910799578216,False,eligible_for_obstacle_safe_drone_routing
facility_2560,آزمایشگاه های مگنتوفتونیک,laboratory,35.80149858752599,51.394337585410725,False,eligible_for_obstacle_safe_drone_routing
facility_2561,درمانگاه شبانه روزی حضرت قائم,clinic,35.761912015824144,51.24672462713235,True,requires_special_authorization_or_ground_handoff
facility_2562,بیمارستان ابن‌سینا,hospital,35.72237526255654,51.33249668030072,True,requires_special_authorization_or_ground_handoff
facility_2563,persianpet veterinary hospital,hospital,35.751789878342535,51.40100352865751,False,eligible_for_obstacle_safe_drone_routing
facility_2564,درمانگاه شبانه‌روزی پیامبر,clinic,35.76826838350611,51.337165570418826,False,eligible_for_obstacle_safe_drone_routing
facility_2565,مرکز بهداشت غرب تهران,hospital,35.68750119441143,51.345583972779934,True,requires_special_authorization_or_ground_handoff
facility_2566,بیمارستان امام سجاد ناجا,hospital,35.71185833510059,51.43127522424114,True,requires_special_authorization_or_ground_handoff
facility_2568,بیمارستان فرهیختگان,hospital,35.77898029818655,51.31701464079232,False,eligible_for_obstacle_safe_drone_routing
facility_2569,کلینیک باروری امید,clinic,35.69758240000001,51.43772195,True,requires_special_authorization_or_ground_handoff
facility_2570,بیمارستان بقیه الله الاعظم,hospital,35.75596303803648,51.3952033923308,False,eligible_for_obstacle_safe_drone_routing
facility_2571,درمانگاه شبیر,clinic,35.654603117226245,51.445120150095775,False,eligible_for_obstacle_safe_drone_routing
facility_2572,مرکز درمان ناباروری ابن سینا,clinic,35.7717141095985,51.439296308399534,True,requires_special_authorization_or_ground_handoff
facility_2573,درمانگاه دانشگاه امام صادق,clinic,35.77011680438796,51.38370024931428,False,eligible_for_obstacle_safe_drone_routing
facility_2574,درمانگاه طوس,clinic,35.66520689042388,51.44501395606285,True,requires_special_authorization_or_ground_handoff
facility_2575,کلینیک تامین اجتماعی,clinic,35.67143836131541,51.34917880028299,True,requires_special_authorization_or_ground_handoff
facility_2576,ساختمان پزشکان فارابی,clinic,35.77474798582716,51.48493089197106,False,eligible_for_obstacle_safe_drone_routing
facility_2577,یمارستان فوق تخصصی عدل,hospital,35.79192669309376,51.37848937524345,False,eligible_for_obstacle_safe_drone_routing
facility_2578,بیمارستان سلامت فردا,hospital,35.74368823718312,51.327500297168406,False,eligible_for_obstacle_safe_drone_routing
facility_2579,بیمارستان جم,hospital,35.72289692832235,51.422962074828355,False,eligible_for_obstacle_safe_drone_routing
facility_2580,آزمایشگاه پاتوبیولوژی عماد,laboratory,35.72354624446665,51.42387946288486,False,eligible_for_obstacle_safe_drone_routing
facility_2581,مرکز تخصصی دندانپزشکی دکتر بهرام شکری,clinic,35.7539795,51.3923242,False,eligible_for_obstacle_safe_drone_routing
facility_2582,بيمارستان شهرام,hospital,35.72066961117576,51.4064678949559,True,requires_special_authorization_or_ground_handoff
facility_2583,مرکز تخصصی درمان وزوز گوش و سمعک -فراشنوا,clinic,35.72168497065609,51.4074982436966,False,eligible_for_obstacle_safe_drone_routing
facility_2584,ساختمان پزشکان رازی,doctors,35.71853010084723,51.38968403033088,True,requires_special_authorization_or_ground_handoff
facility_2585,ساختمان پزشکان,doctors,35.718845226929034,51.38953716285078,True,requires_special_authorization_or_ground_handoff
facility_2586,ساختمان پزشکان سبحان,doctors,35.71885490909512,51.38960130652591,True,requires_special_authorization_or_ground_handoff
facility_2587,ساختمان پزشکان تخصصی و فوق تخصصی جامی,doctors,35.71887186212847,51.38970092336283,True,requires_special_authorization_or_ground_handoff
facility_2588,بیمارستان روانپزشکی صدر,hospital,35.78958348917184,51.455738966025045,False,eligible_for_obstacle_safe_drone_routing
facility_2589,مطب پوست و مو دکتر سینا صفایی,doctors,35.80202676673473,51.47853566005808,False,eligible_for_obstacle_safe_drone_routing
facility_2590,کلینیک شبانه روزی نیاوران,clinic,35.81318158378008,51.438733581451885,False,eligible_for_obstacle_safe_drone_routing
facility_2591,ساختمان پزشکان ساسان,clinic,35.79157436723542,51.48774905899782,False,eligible_for_obstacle_safe_drone_routing
facility_2592,unnamed,hospital,35.79373583258952,51.46010204087627,True,requires_special_authorization_or_ground_handoff
facility_2593,مرکز بهداشت سید الشهدای ازگل,clinic,35.79242499421919,51.49658791846308,False,eligible_for_obstacle_safe_drone_routing
facility_2594,بیمارستان امید,hospital,35.76558081214953,51.31613723040315,False,eligible_for_obstacle_safe_drone_routing
facility_2595,بيمارستان عرفان نيايش,hospital,35.76558159089723,51.31562683131311,False,eligible_for_obstacle_safe_drone_routing
facility_2596,unnamed,clinic,35.7994392001225,51.4035048714681,True,requires_special_authorization_or_ground_handoff
facility_2597,مجتمع پزشکی کوهستان,clinic,35.791495394198094,51.47659992638368,True,requires_special_authorization_or_ground_handoff
facility_2598,درمانگاه شهرک امید,clinic,35.76301863939773,51.533447855796425,False,eligible_for_obstacle_safe_drone_routing
facility_2599,بیمارستان سینا,hospital,35.68714111789747,51.41311444691623,False,eligible_for_obstacle_safe_drone_routing
facility_2600,درمانگاه فرهنگیان مرکزی,clinic,35.685547427213606,51.41379685888126,True,requires_special_authorization_or_ground_handoff
facility_2601,مرکز ‌بهداشت عباس آباد,clinic,35.572220739851616,51.46787088682352,False,eligible_for_obstacle_safe_drone_routing
facility_2602,بیمارستان شهید صنیع خانی,hospital,35.694883733038814,51.24115886915853,True,requires_special_authorization_or_ground_handoff
facility_2603,موسسه حسابرسی هوشیار ممیز,doctors,35.75914963561272,51.411539631175266,False,eligible_for_obstacle_safe_drone_routing
facility_2604,درمانگاه خاندان حکیم,hospital,35.666432221044225,51.36546205581568,True,requires_special_authorization_or_ground_handoff
facility_2605,مرکز پزشکی چند تخصصی یادمان,clinic,35.76929241965086,51.36453011711513,False,eligible_for_obstacle_safe_drone_routing
facility_2607,unnamed,clinic,35.718089813178295,51.322324133449754,True,requires_special_authorization_or_ground_handoff
facility_2608,بیمارستان خیریه امام علی,hospital,35.65795459468426,51.263389734065655,False,eligible_for_obstacle_safe_drone_routing
facility_2609,درمانگاه و خانه بهداشت حکیمیه,clinic,35.737295342985114,51.592007344604696,False,eligible_for_obstacle_safe_drone_routing
facility_2610,بیمارستان نیکان سپید,hospital,35.73918566180991,51.59447302450489,True,requires_special_authorization_or_ground_handoff
facility_2611,آزمایشگاه پاتوبیولوژی دانش,laboratory,35.705184527394124,51.3998341572083,False,eligible_for_obstacle_safe_drone_routing
facility_2612,درمانگاه شهدای بدر,hospital,35.64018170000001,51.441838800000006,False,eligible_for_obstacle_safe_drone_routing
facility_2613,مرکز درمان ناباروری مام,clinic,35.74775915,51.401836,False,eligible_for_obstacle_safe_drone_routing
facility_2614,بیمارستان اکبر آبادی,hospital,35.66822698068202,51.42662157458127,False,eligible_for_obstacle_safe_drone_routing
facility_2615,بیمارستان فوق تخصصی نیکان غرب و چشم آفتاب,hospital,35.75717583030222,51.27040221168465,False,eligible_for_obstacle_safe_drone_routing
facility_2616,مرکز تصویر برداری پزشکی کوروش,clinic,35.723607542998806,51.41801987706684,True,requires_special_authorization_or_ground_handoff
facility_2617,کلینیک شایان تهران,clinic,35.75912707174008,51.43636730439727,True,requires_special_authorization_or_ground_handoff
facility_2618,بیمارستان تندیس,hospital,35.77452277037678,51.421606179639575,False,eligible_for_obstacle_safe_drone_routing
facility_2619,پلی کلینیک فداییان اسلام,clinic,35.6197002504963,51.43669663559777,False,eligible_for_obstacle_safe_drone_routing
facility_2620,کلینیک تخصصی داخلی مسعود,clinic,35.73468166228821,51.38690062184917,False,eligible_for_obstacle_safe_drone_routing
facility_2621,unnamed,hospital,35.64588904249628,51.49048712717059,False,eligible_for_obstacle_safe_drone_routing
facility_2622,ساختمان پزشکان نگین زمرد,doctors,35.75797873623931,51.45065950929394,False,eligible_for_obstacle_safe_drone_routing
facility_2623,بیمارستان دادگستری,hospital,35.700377637245886,51.41734062262756,False,eligible_for_obstacle_safe_drone_routing
facility_2625,ساختمان پزشكان مينا,clinic,35.7636351588123,51.443461855649794,False,eligible_for_obstacle_safe_drone_routing
facility_2626,درمانگاه شبانه روزی حضرت ولیعصر,clinic,35.738804040313106,51.2435512310347,True,requires_special_authorization_or_ground_handoff
facility_2627,ساختمان پزشکان شباهنگ,clinic,35.70411308733542,51.38317506576109,False,eligible_for_obstacle_safe_drone_routing
facility_2628,آزمایشگاه دکتر ریاضی,laboratory,35.72631689138422,51.32254376106712,False,eligible_for_obstacle_safe_drone_routing
facility_2629,بیمارستان فارابی,hospital,35.67249320148156,51.39327567284609,False,eligible_for_obstacle_safe_drone_routing
facility_2630,بیمارستان یاس;مجتمع بیمارستانی یاس (دانشگاه علوم پزشکی تهران),hospital,35.71798804402094,51.41481772163033,True,requires_special_authorization_or_ground_handoff
facility_2631,بیمارستان کودکان حکیم,hospital,35.63359504119919,51.32269383202237,False,eligible_for_obstacle_safe_drone_routing
facility_2632,ستاد مرکز بحران طالقانی,clinic,35.75568912521964,51.42492407953292,False,eligible_for_obstacle_safe_drone_routing
facility_2633,کلینیک والفجر,clinic,35.743345164759766,51.39525162982815,False,eligible_for_obstacle_safe_drone_routing
facility_2634,مرکز بهداشت خاقانی,clinic,35.72189209624596,51.512508355957706,True,requires_special_authorization_or_ground_handoff
facility_2635,بیمارستان عرفان,hospital,35.7761081693824,51.36548702487621,False,eligible_for_obstacle_safe_drone_routing
facility_2636,بیمارستان قلب تهران,hospital,35.72047923129788,51.387845970419626,False,eligible_for_obstacle_safe_drone_routing
facility_2637,درمانگاه شهرداری,clinic,35.75292904400767,51.4483804519496,True,requires_special_authorization_or_ground_handoff
facility_2638,unnamed,hospital,35.71015710922094,51.39947376028619,True,requires_special_authorization_or_ground_handoff
facility_2639,درمانگاه شهرداری منطقه 21,clinic,35.72609176654196,51.17920558796592,False,eligible_for_obstacle_safe_drone_routing
facility_2640,مرکز جامع سلامت نگین آزادی,clinic,35.701175813220736,51.38095386525486,False,eligible_for_obstacle_safe_drone_routing
facility_2645,ساختمان پزشکان هدیه,doctors,35.780766058261875,51.46234892441183,False,eligible_for_obstacle_safe_drone_routing
facility_2646,بیمارستان ساسان,hospital,35.710930247557826,51.4028327226198,False,eligible_for_obstacle_safe_drone_routing
facility_2647,unnamed,hospital,35.76189245471765,51.2467071942459,True,requires_special_authorization_or_ground_handoff
facility_2648,درمانگاه شهید مطهری,clinic,35.674987543671975,51.51155057455721,False,eligible_for_obstacle_safe_drone_routing
facility_2649,كلينيك ارتوپدي تهران,clinic,35.7617311,51.329475,True,requires_special_authorization_or_ground_handoff
facility_2650,کلینیک پوست،مو و زیبایی سلین(دکتر اسماعیل اطلابی),clinic,35.69210526286992,51.48542928144138,True,requires_special_authorization_or_ground_handoff
facility_2651,ساختمان پزشکان شفا,doctors,35.700005361419024,51.36484072063699,True,requires_special_authorization_or_ground_handoff
facility_2652,ساختمان پزشکان فجر,doctors,35.700022112256846,51.36468477211232,True,requires_special_authorization_or_ground_handoff
facility_2653,فیزیوتراپی کارنیک,clinic,35.71658978338333,51.40580945853258,False,eligible_for_obstacle_safe_drone_routing
facility_2654,unnamed,clinic,35.7356258250528,51.453228787166864,True,requires_special_authorization_or_ground_handoff
facility_2655,مرکز خدمات جامع سلامت شهید غفاری,clinic,35.70780246808695,51.30630276597744,True,requires_special_authorization_or_ground_handoff
facility_2656,همو دیالیز,clinic,35.675360749999996,51.26445525,True,requires_special_authorization_or_ground_handoff
facility_2657,بیمارستان محب کوثر,hospital,35.73044536345287,51.40895770927293,False,eligible_for_obstacle_safe_drone_routing
facility_2658,مرکز توانبخشی امید فردا,hospital,35.74719294308631,51.14475321540338,False,eligible_for_obstacle_safe_drone_routing
facility_2659,ساختمان پزشکان طلا,clinic,35.74885565924741,51.40934970377503,False,eligible_for_obstacle_safe_drone_routing
facility_2660,unnamed,clinic,35.726071836164586,51.32259151810918,True,requires_special_authorization_or_ground_handoff
facility_2661,ساختمان پزشکان,doctors,35.661700598905135,51.34353349988135,True,requires_special_authorization_or_ground_handoff
facility_2662,کلینیک فوق تخصصی بهبود,clinic,35.729102675627324,51.42680480756119,True,requires_special_authorization_or_ground_handoff
facility_2663,بیمارستان تریتا,hospital,35.75762196080303,51.22433175442702,True,requires_special_authorization_or_ground_handoff
facility_2664,ساختمان پزشکان زیبا,doctors,35.76338101400032,51.445104942248,False,eligible_for_obstacle_safe_drone_routing
facility_2665,بیمارستان چشم پزشکی دکتر مسعود جوادی,clinic,35.7072897,51.467886750000005,True,requires_special_authorization_or_ground_handoff
facility_2666,کلینیک دکتر مهسا عاشقان,doctors,35.77060886275984,51.37442524415169,False,eligible_for_obstacle_safe_drone_routing
facility_2667,طب کار و کارت سلامت ایرانیان,clinic,35.70035471489325,51.242542544760745,True,requires_special_authorization_or_ground_handoff
facility_2668,دکتر سید محمد حسینی هوشیار,doctors,35.7868491,51.42183425,False,eligible_for_obstacle_safe_drone_routing
facility_2669,مرکز تصویربرداری مهر,clinic,35.71627468044992,51.40191169884796,True,requires_special_authorization_or_ground_handoff
facility_2670,unnamed,hospital,35.75521175852866,51.39441504836959,False,eligible_for_obstacle_safe_drone_routing
facility_2671,Asam Pathobiology Laboratory,laboratory,35.79220029848726,51.43466426941144,False,eligible_for_obstacle_safe_drone_routing
facility_2672,unnamed,doctors,35.79631917630984,51.44329871708932,True,requires_special_authorization_or_ground_handoff
facility_2673,بیمارستان در حال احداث حضرت عبدالعظیم,hospital,35.583804232424114,51.442810879952745,False,eligible_for_obstacle_safe_drone_routing
facility_2674,sepidteb azmoon,laboratory,35.73217484846368,51.4128349735692,False,eligible_for_obstacle_safe_drone_routing
facility_2675,کلینیک مغز و شناخت,clinic,35.7175725458959,51.409960851834306,False,eligible_for_obstacle_safe_drone_routing
facility_2676,بیمارستان سرطان برکت,hospital,35.72441166346085,51.24773155995994,True,requires_special_authorization_or_ground_handoff
facility_2677,کلینیک شبانه روزی دکتر حمیدیه,clinic,35.73625137395222,51.44411595819885,False,eligible_for_obstacle_safe_drone_routing
facility_2678,بیمارستان هوشمند مهدی,hospital,35.70927597980334,51.37889391315475,False,eligible_for_obstacle_safe_drone_routing
facility_2679,بیمارستان برکت,hospital,35.724479437067565,51.2471215498844,True,requires_special_authorization_or_ground_handoff
facility_2680,درمانگاه ساختمان پزشکان,hospital,35.712239307649135,51.28259328289165,True,requires_special_authorization_or_ground_handoff
facility_2681,مرکز تصویر برداری پزشکی امید نوین,hospital,35.75625717068038,51.39555402632608,False,eligible_for_obstacle_safe_drone_routing
facility_2682,مرکز تصویربرداری پزشکی امید نوین,hospital,35.75625717068038,51.39555402632608,False,eligible_for_obstacle_safe_drone_routing
facility_2683,مرکز تصیربرداری پزشکی امید نوین,hospital,35.75625717068038,51.39555402632608,False,eligible_for_obstacle_safe_drone_routing
facility_2684,آزمایشگاه بابک,laboratory,35.6813094885871,51.44961702816837,True,requires_special_authorization_or_ground_handoff
facility_2685,پایگاه اورژانس,hospital,35.697100869577746,51.494053991872256,True,requires_special_authorization_or_ground_handoff
facility_2686,کلینیک چشم پزشکی تخصصی نور ساختمان ۱,clinic,35.723651241932025,51.43824387514029,True,requires_special_authorization_or_ground_handoff
facility_2687,کلینیک چشم پزشکی تخصصی نور ساختمان ۲,clinic,35.72354702075543,51.43867126285664,True,requires_special_authorization_or_ground_handoff
facility_2688,کلینیک چشم پزشکی تخصصی نور ساختمان ۳,clinic,35.723188549999996,51.43858025000001,True,requires_special_authorization_or_ground_handoff
facility_2689,دکتر عباس خیرخواه,clinic,35.80079073650358,51.4155192413732,True,requires_special_authorization_or_ground_handoff
facility_2690,ساختمان شمارهٔ ۱ بیمارستان رسول اکرم,hospital,35.719712034472636,51.37120812460568,True,requires_special_authorization_or_ground_handoff
facility_2691,کلینیک دندانپزشکی رایا,clinic,35.77102391057846,51.41508445537188,False,eligible_for_obstacle_safe_drone_routing
facility_2692,آزمایشگاه اسپیناس,hospital,35.78214423759591,51.37654879665333,True,requires_special_authorization_or_ground_handoff
facility_2693,مرکز زیبایی سمیتا,clinic,35.7780231186939,51.36093467024479,True,requires_special_authorization_or_ground_handoff
facility_2694,کلینیک دندانپزشکی نیاز (Niaz Dental Clinic),clinic,35.695271955656246,51.37715200469966,False,eligible_for_obstacle_safe_drone_routing
facility_2695,کلینیک دامپزشکی مدیک,hospital,35.75292015645162,51.25103861453183,True,requires_special_authorization_or_ground_handoff
